Date,YEAR,Month,DOY,T2M,RH2M,VPD
02-01-1999,1999,1,2,20.12,77.03,0.541105975
03-01-1999,1999,1,3,19.69,74.35,0.58835576
04-01-1999,1999,1,4,19.31,76.37,0.529371546
05-01-1999,1999,1,5,20.95,79.14,0.517198145
06-01-1999,1999,1,6,21.96,74.76,0.665702976
07-01-1999,1999,1,7,22.66,67.16,0.90381545
08-01-1999,1999,1,8,22.03,70.82,0.772910972
09-01-1999,1999,1,9,21.42,74.16,0.65940934
10-01-1999,1999,1,10,21.48,72.37,0.707682548
11-01-1999,1999,1,11,20.99,72.11,0.693199864
12-01-1999,1999,1,12,20.58,71.3,0.695562775
13-01-1999,1999,1,13,20.9,72.08,0.690118196
14-01-1999,1999,1,14,22.62,76.74,0.638605557
15-01-1999,1999,1,15,21.97,74.45,0.674290177
16-01-1999,1999,1,16,21.6,73.37,0.687094671
17-01-1999,1999,1,17,21.87,73.04,0.707175308
18-01-1999,1999,1,18,21.79,69.34,0.800311203
19-01-1999,1999,1,19,20.99,66.7,0.827664233
20-01-1999,1999,1,20,20.42,67.41,0.782085105
21-01-1999,1999,1,21,20.3,66.48,0.79846629
22-01-1999,1999,1,22,20.99,65.4,0.85997545
23-01-1999,1999,1,23,21.05,65.17,0.868887919
24-01-1999,1999,1,24,21.16,64.43,0.893359291
25-01-1999,1999,1,25,20.48,64.84,0.846887917
26-01-1999,1999,1,26,20.96,54.24,1.135260497
27-01-1999,1999,1,27,21.71,54.72,1.176173524
28-01-1999,1999,1,28,23.08,62.09,1.070222231
29-01-1999,1999,1,29,23.32,65.2,0.996767934
30-01-1999,1999,1,30,23.67,63.67,1.062769614
31-01-1999,1999,1,31,23.49,61.17,1.123657338
01-02-1999,1999,2,32,22.62,52.59,1.301646149
02-02-1999,1999,2,33,23.14,65.4,0.980327144
03-02-1999,1999,2,34,24.91,67.51,1.023706384
04-02-1999,1999,2,35,25.45,69.6,0.989120828
05-02-1999,1999,2,36,25.69,69.55,1.004950568
06-02-1999,1999,2,37,25.65,64.79,1.159294935
07-02-1999,1999,2,38,25.32,63.65,1.173618841
08-02-1999,1999,2,39,24.94,70.49,0.931475466
09-02-1999,1999,2,40,24.41,63.82,1.106435772
10-02-1999,1999,2,41,25.21,60.39,1.270538013
11-02-1999,1999,2,42,25.16,56.5,1.391170808
12-02-1999,1999,2,43,23.89,54.83,1.338962122
13-02-1999,1999,2,44,25.01,56.85,1.367710493
14-02-1999,1999,2,45,25.58,56.4,1.429591778
15-02-1999,1999,2,46,25.04,57.38,1.353326989
16-02-1999,1999,2,47,25.4,59.18,1.324218042
17-02-1999,1999,2,48,25.29,52.53,1.529916134
18-02-1999,1999,2,49,25.39,56.62,1.406430048
19-02-1999,1999,2,50,25.81,47.93,1.730738965
20-02-1999,1999,2,51,23.95,54.88,1.342308333
21-02-1999,1999,2,52,24.53,47.97,1.602611747
22-02-1999,1999,2,53,24.76,53.1,1.464580754
23-02-1999,1999,2,54,24.23,56.51,1.315728904
24-02-1999,1999,2,55,24.49,44.17,1.715550439
25-02-1999,1999,2,56,24.33,40.15,1.821555098
26-02-1999,1999,2,57,24.46,31.48,2.101716022
27-02-1999,1999,2,58,24.84,37.93,1.947578162
28-02-1999,1999,2,59,25.23,46.81,1.708163046
01-03-1999,1999,3,60,27.08,50.54,1.771710575
02-03-1999,1999,3,61,27.41,43.77,2.053521295
03-03-1999,1999,3,62,26.26,37.45,2.135113616
04-03-1999,1999,3,63,26.51,41.03,2.042792565
05-03-1999,1999,3,64,27.7,42.25,2.145067952
06-03-1999,1999,3,65,27.05,41.91,2.07718918
07-03-1999,1999,3,66,26.16,30.79,2.348547449
08-03-1999,1999,3,67,26.83,28.03,2.540494629
09-03-1999,1999,3,68,27.27,47.13,1.915060754
10-03-1999,1999,3,69,27.98,46.7,2.012357919
11-03-1999,1999,3,70,27.75,34.3,2.447492774
12-03-1999,1999,3,71,28.17,42.8,2.183614103
13-03-1999,1999,3,72,28.74,59.23,1.608736636
14-03-1999,1999,3,73,29.68,55.31,1.861698037
15-03-1999,1999,3,74,29.88,50.34,2.092646371
16-03-1999,1999,3,75,28.61,49.47,1.978895557
17-03-1999,1999,3,76,28.37,55.29,1.726758824
18-03-1999,1999,3,77,27.8,61.25,1.44775229
19-03-1999,1999,3,78,28.24,57.9,1.613724252
20-03-1999,1999,3,79,28.98,50.93,1.963315342
21-03-1999,1999,3,80,28.93,55.41,1.778918988
22-03-1999,1999,3,81,29.19,53.13,1.898174295
23-03-1999,1999,3,82,29.55,50.3,2.054980029
24-03-1999,1999,3,83,29.3,56.16,1.786764612
25-03-1999,1999,3,84,29.5,55.84,1.820666223
26-03-1999,1999,3,85,30.48,50.18,2.172795517
27-03-1999,1999,3,86,29.89,54.09,1.935734267
28-03-1999,1999,3,87,30.39,51.36,2.110445127
29-03-1999,1999,3,88,30.6,46.39,2.354171613
30-03-1999,1999,3,89,30.29,44.06,2.413338657
31-03-1999,1999,3,90,29.9,46.5,2.257051792
01-04-1999,1999,4,91,29.33,49.52,2.060949227
02-04-1999,1999,4,92,28.83,41.2,2.332297796
03-04-1999,1999,4,93,27.54,32.52,2.483170729
04-04-1999,1999,4,94,29.25,43.95,2.277823777
05-04-1999,1999,4,95,28.18,61.99,1.451878485
06-04-1999,1999,4,96,27.01,69.09,1.102693354
07-04-1999,1999,4,97,28.12,66.29,1.28314471
08-04-1999,1999,4,98,27.73,68.34,1.178040506
09-04-1999,1999,4,99,27.95,66.6,1.258825901
10-04-1999,1999,4,100,28.34,63.68,1.400284449
11-04-1999,1999,4,101,29.49,60.08,1.644908549
12-04-1999,1999,4,102,28.45,61.42,1.496945439
13-04-1999,1999,4,103,27.54,57.78,1.553637643
14-04-1999,1999,4,104,28.12,63.24,1.399240567
15-04-1999,1999,4,105,28.9,56.95,1.714503775
16-04-1999,1999,4,106,28.42,62.02,1.471101287
17-04-1999,1999,4,107,27.86,65.59,1.29010899
18-04-1999,1999,4,108,27.05,69.53,1.089549911
19-04-1999,1999,4,109,27.38,66.96,1.20450631
20-04-1999,1999,4,110,28.08,64.73,1.339404091
21-04-1999,1999,4,111,26.82,69.67,1.070000701
22-04-1999,1999,4,112,26.02,71.98,0.942989569
23-04-1999,1999,4,113,27.34,66.44,1.220603495
24-04-1999,1999,4,114,25.87,76.02,0.799899476
25-04-1999,1999,4,115,25.08,79.63,0.648357604
26-04-1999,1999,4,116,24.88,80.7,0.607024641
27-04-1999,1999,4,117,25.54,77.88,0.723569619
28-04-1999,1999,4,118,25.87,79.03,0.699495079
29-04-1999,1999,4,119,25.94,78.1,0.733548341
30-04-1999,1999,4,120,27.71,66.97,1.227583591
01-05-1999,1999,5,121,28.13,65.57,1.311313527
02-05-1999,1999,5,122,28.22,66.89,1.267656371
03-05-1999,1999,5,123,27.12,72.99,0.96979878
04-05-1999,1999,5,124,27.25,72.05,1.011221936
05-05-1999,1999,5,125,25.17,84.36,0.500479521
06-05-1999,1999,5,126,25.08,79.3,0.658861188
07-05-1999,1999,5,127,25.01,82.22,0.563566456
08-05-1999,1999,5,128,24.18,82.55,0.526345747
09-05-1999,1999,5,129,25.47,77.16,0.744024833
10-05-1999,1999,5,130,24.64,82.35,0.547234929
11-05-1999,1999,5,131,25.21,79.75,0.649542913
12-05-1999,1999,5,132,25.39,80.38,0.636103217
13-05-1999,1999,5,133,25.36,80.49,0.631410799
14-05-1999,1999,5,134,23.95,87.57,0.369789286
15-05-1999,1999,5,135,24.57,83.68,0.503886782
16-05-1999,1999,5,136,25.36,79.08,0.677043256
17-05-1999,1999,5,137,24.88,80.62,0.609540805
18-05-1999,1999,5,138,23.88,81.65,0.543617422
19-05-1999,1999,5,139,24.72,80.79,0.598454359
20-05-1999,1999,5,140,25.09,79.43,0.655113264
21-05-1999,1999,5,141,24.76,80.99,0.593639235
22-05-1999,1999,5,142,24.05,81.22,0.562063664
23-05-1999,1999,5,143,23.04,84.49,0.436799113
24-05-1999,1999,5,144,23.34,84.26,0.451381309
25-05-1999,1999,5,145,23.44,85.02,0.432184909
26-05-1999,1999,5,146,23.55,84.93,0.437672795
27-05-1999,1999,5,147,24.35,79.01,0.63960314
28-05-1999,1999,5,148,24.3,79.99,0.60791815
29-05-1999,1999,5,149,23.78,80.69,0.568629583
30-05-1999,1999,5,150,23.98,83.78,0.483410715
31-05-1999,1999,5,151,24.14,80.63,0.582859518
01-06-1999,1999,6,152,24.82,82.08,0.561607769
02-06-1999,1999,6,153,24.29,83.46,0.502196222
03-06-1999,1999,6,154,24.85,79.05,0.657742906
04-06-1999,1999,6,155,24.86,78.65,0.670701072
05-06-1999,1999,6,156,24.25,84.85,0.458891517
06-06-1999,1999,6,157,24.37,84.8,0.463726216
07-06-1999,1999,6,158,23.85,87.64,0.36550468
08-06-1999,1999,6,159,23.98,89.42,0.31531969
09-06-1999,1999,6,160,23.63,88.54,0.334435876
10-06-1999,1999,6,161,23.65,87.02,0.379250113
11-06-1999,1999,6,162,23.5,85.33,0.424774364
12-06-1999,1999,6,163,24.19,84.07,0.480785949
13-06-1999,1999,6,164,24.34,84.88,0.460457927
14-06-1999,1999,6,165,23.99,86.18,0.412129943
15-06-1999,1999,6,166,23.68,86.82,0.385789554
16-06-1999,1999,6,167,23.1,85.41,0.412382732
17-06-1999,1999,6,168,23.81,82.74,0.509179856
18-06-1999,1999,6,169,23.73,85.08,0.438036387
19-06-1999,1999,6,170,23.93,85.62,0.427287803
20-06-1999,1999,6,171,23.98,87.16,0.382675313
21-06-1999,1999,6,172,23.84,85.6,0.425574876
22-06-1999,1999,6,173,23.97,83.44,0.493247659
23-06-1999,1999,6,174,24.08,83.35,0.499212889
24-06-1999,1999,6,175,23.88,82.01,0.532952448
25-06-1999,1999,6,176,23.93,80.28,0.585960743
26-06-1999,1999,6,177,24.22,82.62,0.525492541
27-06-1999,1999,6,178,23.84,83.59,0.484978036
28-06-1999,1999,6,179,24.24,81.02,0.574557397
29-06-1999,1999,6,180,23.98,81.89,0.539739091
30-06-1999,1999,6,181,23.82,80.98,0.561438225
01-07-1999,1999,7,182,23.85,81.12,0.558311356
02-07-1999,1999,7,183,22.63,82.06,0.492843303
03-07-1999,1999,7,184,22.74,86.54,0.372244218
04-07-1999,1999,7,185,23.4,80.86,0.550874137
05-07-1999,1999,7,186,23.54,85.02,0.434796992
06-07-1999,1999,7,187,23.35,84.74,0.437880255
07-07-1999,1999,7,188,23.8,85.48,0.428090881
08-07-1999,1999,7,189,23.14,87.09,0.365781024
09-07-1999,1999,7,190,22.82,86.33,0.379888728
10-07-1999,1999,7,191,23.3,83.6,0.469174665
11-07-1999,1999,7,192,24.02,81.49,0.552986504
12-07-1999,1999,7,193,22.53,81.53,0.504333741
13-07-1999,1999,7,194,22.91,80.49,0.545144621
14-07-1999,1999,7,195,23.05,81.91,0.509766282
15-07-1999,1999,7,196,23.14,82.26,0.50263016
16-07-1999,1999,7,197,23.47,83.85,0.466783613
17-07-1999,1999,7,198,23.23,89.53,0.298265051
18-07-1999,1999,7,199,23.95,85.27,0.438213691
19-07-1999,1999,7,200,23.14,87.09,0.365781024
20-07-1999,1999,7,201,22.92,87.74,0.342773929
21-07-1999,1999,7,202,23.09,87.02,0.366654808
22-07-1999,1999,7,203,23.1,87.48,0.353874695
23-07-1999,1999,7,204,22.71,87.5,0.345066825
24-07-1999,1999,7,205,23.3,85.04,0.427978841
25-07-1999,1999,7,206,23.45,85.06,0.431290772
26-07-1999,1999,7,207,22.64,85.48,0.399131914
27-07-1999,1999,7,208,22.68,83.25,0.461549322
28-07-1999,1999,7,209,22.92,83.77,0.453770055
29-07-1999,1999,7,210,23.1,83.61,0.463259285
30-07-1999,1999,7,211,23.62,83.98,0.467228505
31-07-1999,1999,7,212,23.71,85.95,0.411998111
01-08-1999,1999,8,213,23.29,87.31,0.362819184
02-08-1999,1999,8,214,22.64,85.92,0.387037007
03-08-1999,1999,8,215,23.19,84.85,0.430545739
04-08-1999,1999,8,216,22.7,85.14,0.409966838
05-08-1999,1999,8,217,23.11,86.87,0.371340547
06-08-1999,1999,8,218,23.3,85.47,0.41567731
07-08-1999,1999,8,219,23.13,84.56,0.437199662
08-08-1999,1999,8,220,23.47,82.62,0.502334316
09-08-1999,1999,8,221,23.78,85.26,0.434054896
10-08-1999,1999,8,222,23.99,84.96,0.448511891
11-08-1999,1999,8,223,23.84,86.39,0.402227366
12-08-1999,1999,8,224,23.75,85.11,0.437681759
13-08-1999,1999,8,225,23.54,84.32,0.455114608
14-08-1999,1999,8,226,23.78,84.03,0.470275217
15-08-1999,1999,8,227,23.96,83.28,0.497714428
16-08-1999,1999,8,228,23.71,82.9,0.501435423
17-08-1999,1999,8,229,23.11,84.93,0.426207315
18-08-1999,1999,8,230,23.82,81.37,0.549926084
19-08-1999,1999,8,231,23.9,83.46,0.490585365
20-08-1999,1999,8,232,23.95,82.66,0.515860516
21-08-1999,1999,8,233,24.12,79.66,0.611314073
22-08-1999,1999,8,234,24.1,78.45,0.646903964
23-08-1999,1999,8,235,24.48,79.68,0.62402194
24-08-1999,1999,8,236,23.73,85.37,0.429522275
25-08-1999,1999,8,237,23.49,84.35,0.452877603
26-08-1999,1999,8,238,23.41,84.18,0.455594836
27-08-1999,1999,8,239,23.64,84.38,0.456111134
28-08-1999,1999,8,240,23.97,83.98,0.477163496
29-08-1999,1999,8,241,23.37,84.47,0.446165713
30-08-1999,1999,8,242,23.33,85.35,0.419869631
31-08-1999,1999,8,243,23.85,82.71,0.51129255
01-09-1999,1999,9,244,24.22,80.58,0.587172908
02-09-1999,1999,9,245,22.99,83.25,0.47029625
03-09-1999,1999,9,246,22.73,83.54,0.454935174
04-09-1999,1999,9,247,22.78,80.31,0.545860004
05-09-1999,1999,9,248,22.43,85.24,0.400590057
06-09-1999,1999,9,249,23.91,81.76,0.541333345
07-09-1999,1999,9,250,24.08,79.74,0.607450638
08-09-1999,1999,9,251,23.88,81.07,0.56079988
09-09-1999,1999,9,252,24.28,79.04,0.636017565
10-09-1999,1999,9,253,24.59,79.53,0.632775554
11-09-1999,1999,9,254,24.63,79.66,0.630261296
12-09-1999,1999,9,255,24.43,81.31,0.57225108
13-09-1999,1999,9,256,24.77,77.75,0.695231832
14-09-1999,1999,9,257,24.4,77.33,0.692866078
15-09-1999,1999,9,258,23.94,78.9,0.627342728
16-09-1999,1999,9,259,24.85,77.16,0.717081049
17-09-1999,1999,9,260,24.96,77,0.726854732
18-09-1999,1999,9,261,25.26,73.97,0.837429236
19-09-1999,1999,9,262,24.99,75.17,0.786090812
20-09-1999,1999,9,263,25.29,74.97,0.806694772
21-09-1999,1999,9,264,25.91,72.55,0.917817536
22-09-1999,1999,9,265,24.9,79.27,0.652778927
23-09-1999,1999,9,266,24.32,83.98,0.487282308
24-09-1999,1999,9,267,25.48,76.91,0.752615258
25-09-1999,1999,9,268,24.95,78.64,0.674624729
26-09-1999,1999,9,269,25.13,77.14,0.729780434
27-09-1999,1999,9,270,24.89,78.8,0.667181182
28-09-1999,1999,9,271,24.54,79.85,0.621025102
29-09-1999,1999,9,272,24.18,82.53,0.526949009
30-09-1999,1999,9,273,24.01,82.31,0.528171914
01-10-1999,1999,10,274,23.45,87.11,0.37211098
02-10-1999,1999,10,275,24.07,84.82,0.454865292
03-10-1999,1999,10,276,23.34,87.99,0.344414836
04-10-1999,1999,10,277,23.44,89.31,0.308414998
05-10-1999,1999,10,278,23.34,90.83,0.262971195
06-10-1999,1999,10,279,22.99,91.86,0.228549939
07-10-1999,1999,10,280,23.67,88.76,0.328806234
08-10-1999,1999,10,281,23.62,89.4,0.309152444
09-10-1999,1999,10,282,23.16,87.99,0.340692592
10-10-1999,1999,10,283,22.91,88.38,0.324683777
11-10-1999,1999,10,284,23.98,84.62,0.458375882
12-10-1999,1999,10,285,24.25,84.72,0.4628292
13-10-1999,1999,10,286,24.27,86.03,0.423656733
14-10-1999,1999,10,287,23.23,88.61,0.324473633
15-10-1999,1999,10,288,22.97,89.3,0.300064793
16-10-1999,1999,10,289,23.04,90.02,0.281060938
17-10-1999,1999,10,290,22.36,93.54,0.17458181
18-10-1999,1999,10,291,22.7,91.66,0.23008906
19-10-1999,1999,10,292,23.68,91.49,0.249094773
20-10-1999,1999,10,293,22.82,93.06,0.192862309
21-10-1999,1999,10,294,22.96,90.2,0.274659478
22-10-1999,1999,10,295,23.3,89.4,0.30324704
23-10-1999,1999,10,296,23.15,88.37,0.329713729
24-10-1999,1999,10,297,23.67,86.84,0.384972423
25-10-1999,1999,10,298,22.93,95.02,0.139318723
26-10-1999,1999,10,299,22.95,92.27,0.216513629
27-10-1999,1999,10,300,22.93,91.71,0.231918116
28-10-1999,1999,10,301,23.14,91.73,0.234315187
29-10-1999,1999,10,302,22.65,90.22,0.268999883
30-10-1999,1999,10,303,22.56,88.73,0.308294549
31-10-1999,1999,10,304,22.29,86.51,0.363019617
01-11-1999,1999,11,305,22.27,84.89,0.406119958
02-11-1999,1999,11,306,22.73,86.8,0.364832582
03-11-1999,1999,11,307,22.83,89.04,0.304762466
04-11-1999,1999,11,308,22.66,89.64,0.285125702
05-11-1999,1999,11,309,22.5,93.12,0.187520427
06-11-1999,1999,11,310,23.59,89.25,0.312961486
07-11-1999,1999,11,311,22.65,82.17,0.490415941
08-11-1999,1999,11,312,21.03,74.43,0.637100069
09-11-1999,1999,11,313,21.09,76.36,0.591186122
10-11-1999,1999,11,314,21.71,81.76,0.473794282
11-11-1999,1999,11,315,22.28,80.44,0.526044964
12-11-1999,1999,11,316,22.19,75.11,0.665734159
13-11-1999,1999,11,317,22.34,76.24,0.641334966
14-11-1999,1999,11,318,21.92,77.38,0.595147235
15-11-1999,1999,11,319,20.94,72.53,0.680666595
16-11-1999,1999,11,320,20.97,76.96,0.571950996
17-11-1999,1999,11,321,21.67,78.07,0.568253656
18-11-1999,1999,11,322,21.02,86.49,0.336407416
19-11-1999,1999,11,323,21.87,86.79,0.346505409
20-11-1999,1999,11,324,21.74,89.03,0.285474568
21-11-1999,1999,11,325,21.55,90.98,0.232019269
22-11-1999,1999,11,326,21.65,92.28,0.199797522
23-11-1999,1999,11,327,22.76,91.52,0.234803801
24-11-1999,1999,11,328,21.43,86.57,0.342929215
25-11-1999,1999,11,329,20.8,82.07,0.440471307
26-11-1999,1999,11,330,21.49,81.09,0.484635132
27-11-1999,1999,11,331,22.31,82.8,0.463420016
28-11-1999,1999,11,332,22.71,90.05,0.274673192
29-11-1999,1999,11,333,22.75,90.41,0.265377869
30-11-1999,1999,11,334,22.61,88.39,0.318560368
01-12-1999,1999,12,335,22.37,86.27,0.371279506
02-12-1999,1999,12,336,21.42,86.38,0.347567926
03-12-1999,1999,12,337,20.39,83.84,0.387085606
04-12-1999,1999,12,338,19.86,82.85,0.397553021
05-12-1999,1999,12,339,19.81,80.56,0.449242945
06-12-1999,1999,12,340,20.23,74.55,0.603618232
07-12-1999,1999,12,341,21.04,81.8,0.453748291
08-12-1999,1999,12,342,21.88,78.22,0.57164978
09-12-1999,1999,12,343,21.92,74.96,0.658819044
10-12-1999,1999,12,344,22.08,65.88,0.906517501
11-12-1999,1999,12,345,21.87,62.73,0.977612156
12-12-1999,1999,12,346,21.32,72.28,0.703065532
13-12-1999,1999,12,347,21.72,89.77,0.26589239
14-12-1999,1999,12,348,22.22,87.19,0.343255851
15-12-1999,1999,12,349,22.73,82.47,0.484508724
16-12-1999,1999,12,350,21.97,77.39,0.596700622
17-12-1999,1999,12,351,21.6,79.38,0.532027492
18-12-1999,1999,12,352,20.88,77.52,0.554971129
19-12-1999,1999,12,353,19.44,73.33,0.602326341
20-12-1999,1999,12,354,19.14,74.86,0.55726812
21-12-1999,1999,12,355,20.98,79.03,0.520884688
22-12-1999,1999,12,356,21.78,84.18,0.412693925
23-12-1999,1999,12,357,21.58,84.22,0.406650505
24-12-1999,1999,12,358,20.47,82.38,0.424145754
25-12-1999,1999,12,359,21.41,84.76,0.388670558
26-12-1999,1999,12,360,21.36,78.38,0.549695927
27-12-1999,1999,12,361,21.18,77.09,0.576103093
28-12-1999,1999,12,362,21.32,75.84,0.612772844
29-12-1999,1999,12,363,20.85,74.42,0.630338012
30-12-1999,1999,12,364,20.46,73.61,0.634864054
31-12-1999,1999,12,365,20.18,73.26,0.632257371
01-01-2000,2000,1,1,20.6,73.12,0.652257261
02-01-2000,2000,1,2,20.77,69.03,0.759411057
03-01-2000,2000,1,3,21.41,71.84,0.71817342
04-01-2000,2000,1,4,21.88,72.59,0.719417836
05-01-2000,2000,1,5,21.73,74.72,0.657464964
06-01-2000,2000,1,6,22.98,78.22,0.611155705
07-01-2000,2000,1,7,22.84,73.21,0.745395303
08-01-2000,2000,1,8,22.59,73.28,0.732266221
09-01-2000,2000,1,9,22.37,75.77,0.655215035
10-01-2000,2000,1,10,23.26,79.66,0.580487928
11-01-2000,2000,1,11,23.77,78.21,0.641273486
12-01-2000,2000,1,12,23.15,78.6,0.606695941
13-01-2000,2000,1,13,24.01,75.52,0.730901553
14-01-2000,2000,1,14,24.07,68.98,0.929507336
15-01-2000,2000,1,15,24.27,67.15,0.996215008
16-01-2000,2000,1,16,22.68,69.58,0.838228679
17-01-2000,2000,1,17,21.9,66.35,0.884274501
18-01-2000,2000,1,18,22.04,66.46,0.888938838
19-01-2000,2000,1,19,22.39,64.88,0.950851768
20-01-2000,2000,1,20,23.33,63.16,1.055835988
21-01-2000,2000,1,21,23.92,57.41,1.264760891
22-01-2000,2000,1,22,22.3,56.26,1.177771475
23-01-2000,2000,1,23,22.79,53.88,1.279345868
24-01-2000,2000,1,24,23.48,64.93,1.014239603
25-01-2000,2000,1,25,22.39,63.96,0.975760185
26-01-2000,2000,1,26,22.1,64.54,0.943267678
27-01-2000,2000,1,27,21.91,63.33,0.964223799
28-01-2000,2000,1,28,22.96,63.77,1.015399275
29-01-2000,2000,1,29,23.52,64.1,1.04074885
30-01-2000,2000,1,30,23.43,57.58,1.223113177
31-01-2000,2000,1,31,22.48,59.02,1.115590164
01-02-2000,2000,2,32,22.3,57.76,1.137381507
02-02-2000,2000,2,33,22.24,55.07,1.205407024
03-02-2000,2000,2,34,24.25,70.12,0.90506129
04-02-2000,2000,2,35,25.22,74.98,0.803023753
05-02-2000,2000,2,36,25.69,72.48,0.908250891
06-02-2000,2000,2,37,25.62,71.86,0.924867851
07-02-2000,2000,2,38,25.59,69.69,0.994418117
08-02-2000,2000,2,39,25.44,64.45,1.155999257
09-02-2000,2000,2,40,24.96,65.35,1.095022455
10-02-2000,2000,2,41,25.94,64.54,1.187745396
11-02-2000,2000,2,42,26.04,62.97,1.247687455
12-02-2000,2000,2,43,25.91,63.09,1.234121868
13-02-2000,2000,2,44,25.76,62.62,1.238789608
14-02-2000,2000,2,45,24.34,56.07,1.337825182
15-02-2000,2000,2,46,24.7,55.98,1.369730683
16-02-2000,2000,2,47,25.32,53.97,1.486153377
17-02-2000,2000,2,48,25.99,54.44,1.530566909
18-02-2000,2000,2,49,26.65,49.06,1.779223419
19-02-2000,2000,2,50,26.6,54.88,1.571314329
20-02-2000,2000,2,51,25.8,57.17,1.422770853
21-02-2000,2000,2,52,25.74,57.65,1.401836098
22-02-2000,2000,2,53,26.23,54.05,1.565706809
23-02-2000,2000,2,54,26.61,59.95,1.395571373
24-02-2000,2000,2,55,24.3,81.44,0.56386611
25-02-2000,2000,2,56,24.26,82.21,0.539179671
26-02-2000,2000,2,57,24.11,79.66,0.610947582
27-02-2000,2000,2,58,23.78,84.71,0.450250975
28-02-2000,2000,2,59,24.61,78.94,0.651792226
29-02-2000,2000,2,60,24.69,71.38,0.890011225
01-03-2000,2000,3,61,24.27,62.17,1.147239384
02-03-2000,2000,3,62,24.27,50.87,1.489925216
03-03-2000,2000,3,63,25.48,50.69,1.60725242
04-03-2000,2000,3,64,25.03,48.28,1.641304627
05-03-2000,2000,3,65,24.62,44.84,1.708183477
06-03-2000,2000,3,66,25.04,50.2,1.581315909
07-03-2000,2000,3,67,25.51,62.25,1.232648319
08-03-2000,2000,3,68,26.5,65.02,1.211036409
09-03-2000,2000,3,69,26.86,67.98,1.132278782
10-03-2000,2000,3,70,27.41,66.51,1.223055809
11-03-2000,2000,3,71,27.07,66.29,1.206820764
12-03-2000,2000,3,72,27.01,65.33,1.236828812
13-03-2000,2000,3,73,26.64,63.76,1.265040007
14-03-2000,2000,3,74,26.82,60.1,1.407617144
15-03-2000,2000,3,75,27.09,61.09,1.394615607
16-03-2000,2000,3,76,27.21,57.93,1.518517491
17-03-2000,2000,3,77,27.15,58.53,1.491607884
18-03-2000,2000,3,78,27.63,59.29,1.505967464
19-03-2000,2000,3,79,27.96,56.66,1.634410213
20-03-2000,2000,3,80,28.31,54.52,1.750387175
21-03-2000,2000,3,81,28.49,49.75,1.954284222
22-03-2000,2000,3,82,27.61,44.26,2.059559087
23-03-2000,2000,3,83,27.44,52.97,1.720552859
24-03-2000,2000,3,84,27.29,57.8,1.53036208
25-03-2000,2000,3,85,27.55,52.52,1.74821949
26-03-2000,2000,3,86,27.87,50.62,1.852447649
27-03-2000,2000,3,87,28.87,45.61,2.162373798
28-03-2000,2000,3,88,28.84,44.26,2.212202748
29-03-2000,2000,3,89,29.25,43.93,2.278636559
30-03-2000,2000,3,90,29.12,49.88,2.021610147
31-03-2000,2000,3,91,28.58,59.51,1.582946106
01-04-2000,2000,4,92,27.41,63.69,1.326042294
02-04-2000,2000,4,93,27.38,65.2,1.268668874
03-04-2000,2000,4,94,27.87,63.19,1.380895058
04-04-2000,2000,4,95,28.43,60.08,1.547142125
05-04-2000,2000,4,96,28.01,54.3,1.72843424
06-04-2000,2000,4,97,28.48,53.09,1.823329435
07-04-2000,2000,4,98,29.05,57.87,1.692474348
08-04-2000,2000,4,99,28.46,58.3,1.618943936
09-04-2000,2000,4,100,29.73,53.38,1.947688128
10-04-2000,2000,4,101,30.18,53.29,2.00249006
11-04-2000,2000,4,102,29.81,59.78,1.6880506
12-04-2000,2000,4,103,28.6,65.54,1.348767604
13-04-2000,2000,4,104,28.42,60.08,1.546244428
14-04-2000,2000,4,105,27.42,68.36,1.156169724
15-04-2000,2000,4,106,28.35,64.17,1.382195418
16-04-2000,2000,4,107,28.93,60.07,1.59300819
17-04-2000,2000,4,108,28.89,62.27,1.501761344
18-04-2000,2000,4,109,28.99,61.47,1.54249589
19-04-2000,2000,4,110,28.94,57.27,1.705700158
20-04-2000,2000,4,111,27.6,65.6,1.270316994
21-04-2000,2000,4,112,27.16,72.09,1.004465353
22-04-2000,2000,4,113,26.46,73.69,0.90873042
23-04-2000,2000,4,114,27.28,66.41,1.217411806
24-04-2000,2000,4,115,25.89,75.87,0.805856065
25-04-2000,2000,4,116,26.48,73.05,0.931932838
26-04-2000,2000,4,117,28.39,64,1.391982618
27-04-2000,2000,4,118,28.86,63.85,1.436378125
28-04-2000,2000,4,119,28.91,62.88,1.479191534
29-04-2000,2000,4,120,28.62,63.73,1.421257711
30-04-2000,2000,4,121,29.07,63.85,1.453920511
01-05-2000,2000,5,122,29.03,61.93,1.527607253
02-05-2000,2000,5,123,27.85,66.13,1.269123183
03-05-2000,2000,5,124,27.72,65.92,1.267346887
04-05-2000,2000,5,125,28.16,63.3,1.400210625
05-05-2000,2000,5,126,27.49,67.93,1.176688403
06-05-2000,2000,5,127,28.04,64.3,1.352581206
07-05-2000,2000,5,128,24.88,76.46,0.74038135
08-05-2000,2000,5,129,26.98,63.48,1.300535244
09-05-2000,2000,5,130,27.64,65.48,1.277729266
10-05-2000,2000,5,131,27.21,70.57,1.062276438
11-05-2000,2000,5,132,26.27,73.89,0.891778011
12-05-2000,2000,5,133,26.75,71.53,1.00025952
13-05-2000,2000,5,134,27.52,64.25,1.314014062
14-05-2000,2000,5,135,28.29,61.29,1.488100411
15-05-2000,2000,5,136,28.41,62.11,1.466763649
16-05-2000,2000,5,137,27.07,66.28,1.207178765
17-05-2000,2000,5,138,25.01,77.78,0.704299586
18-05-2000,2000,5,139,26.44,69.97,1.035995445
19-05-2000,2000,5,140,26.56,69.65,1.054460398
20-05-2000,2000,5,141,26.94,68.43,1.121621888
21-05-2000,2000,5,142,27.4,66.11,1.23694015
22-05-2000,2000,5,143,27.64,67.09,1.218136447
23-05-2000,2000,5,144,27.86,67.54,1.216999065
24-05-2000,2000,5,145,26.77,73.12,0.945507536
25-05-2000,2000,5,146,25.79,79.85,0.668967174
26-05-2000,2000,5,147,25.44,80.43,0.636368649
27-05-2000,2000,5,148,24.12,85.55,0.434291463
28-05-2000,2000,5,149,25.2,77.14,0.732825819
29-05-2000,2000,5,150,25.59,69.8,0.990809209
30-05-2000,2000,5,151,24.02,77.28,0.678760312
31-05-2000,2000,5,152,25.31,74.84,0.811848936
01-06-2000,2000,6,153,24.34,83.49,0.502788385
02-06-2000,2000,6,154,23.91,80.68,0.573385977
03-06-2000,2000,6,155,24.75,80.06,0.622309543
04-06-2000,2000,6,156,24.72,79.51,0.638330548
05-06-2000,2000,6,157,25.43,79.39,0.669789151
06-06-2000,2000,6,158,24.45,85.32,0.450010834
07-06-2000,2000,6,159,24.71,82.57,0.542677487
08-06-2000,2000,6,160,24.97,79.32,0.653926713
09-06-2000,2000,6,161,24.9,81.86,0.571220923
10-06-2000,2000,6,162,23.47,82.87,0.495108563
11-06-2000,2000,6,163,22.59,81.22,0.514669148
12-06-2000,2000,6,164,23.07,79.68,0.573299231
13-06-2000,2000,6,165,23.64,78.86,0.617297655
14-06-2000,2000,6,166,23.68,77.82,0.649227033
15-06-2000,2000,6,167,24.34,76.45,0.717181494
16-06-2000,2000,6,168,24.66,80.99,0.590105929
17-06-2000,2000,6,169,24.3,81.07,0.575106976
18-06-2000,2000,6,170,24.03,83.27,0.500109008
19-06-2000,2000,6,171,24.59,81.38,0.575587729
20-06-2000,2000,6,172,24.64,82.36,0.546924881
21-06-2000,2000,6,173,24.58,82.95,0.526740515
22-06-2000,2000,6,174,24.33,84.17,0.481791432
23-06-2000,2000,6,175,24.18,80.43,0.590291477
24-06-2000,2000,6,176,24.39,78.78,0.648161562
25-06-2000,2000,6,177,24.39,77.32,0.692757033
26-06-2000,2000,6,178,23.8,81.12,0.556636077
27-06-2000,2000,6,179,22.42,84.39,0.423401963
28-06-2000,2000,6,180,22.59,80.14,0.544266735
29-06-2000,2000,6,181,23.06,81.46,0.522762995
30-06-2000,2000,6,182,22.78,81.98,0.499563092
01-07-2000,2000,7,183,23.35,81.28,0.53716372
02-07-2000,2000,7,184,23.31,84.4,0.44655748
03-07-2000,2000,7,185,22.86,81.48,0.515918244
04-07-2000,2000,7,186,22.77,79.57,0.566031748
05-07-2000,2000,7,187,23.7,81.36,0.546265215
06-07-2000,2000,7,188,23.91,80.09,0.590896211
07-07-2000,2000,7,189,23.46,82.63,0.501742801
08-07-2000,2000,7,190,22.7,81.17,0.519493644
09-07-2000,2000,7,191,22.66,80.72,0.530620033
10-07-2000,2000,7,192,22.48,82.01,0.489738093
11-07-2000,2000,7,193,23.17,84.71,0.433999786
12-07-2000,2000,7,194,23.14,83.57,0.465513728
13-07-2000,2000,7,195,23.96,79.98,0.595947539
14-07-2000,2000,7,196,23.15,83.01,0.481671217
15-07-2000,2000,7,197,24.1,81.22,0.563752039
16-07-2000,2000,7,198,24.28,79.57,0.619935059
17-07-2000,2000,7,199,24.22,80.64,0.585358779
18-07-2000,2000,7,200,23.02,79.91,0.565099144
19-07-2000,2000,7,201,23.27,81.3,0.534005827
20-07-2000,2000,7,202,24.49,77.16,0.701830056
21-07-2000,2000,7,203,24.64,78.64,0.66226278
22-07-2000,2000,7,204,25.09,75.89,0.767855168
23-07-2000,2000,7,205,25.02,77.08,0.726920056
24-07-2000,2000,7,206,25,75.74,0.768502874
25-07-2000,2000,7,207,24.21,80,0.604347229
26-07-2000,2000,7,208,24.79,75.64,0.762070524
27-07-2000,2000,7,209,23.92,79.45,0.610256781
28-07-2000,2000,7,210,24.59,77.42,0.698000586
29-07-2000,2000,7,211,24.87,77.7,0.700962749
30-07-2000,2000,7,212,24.26,81.88,0.549181318
31-07-2000,2000,7,213,24,83.76,0.484588198
01-08-2000,2000,8,214,24,81.13,0.563065228
02-08-2000,2000,8,215,24.93,78.55,0.67666029
03-08-2000,2000,8,216,24.05,86.62,0.400447914
04-08-2000,2000,8,217,24.75,82.29,0.55271324
05-08-2000,2000,8,218,24.32,84.22,0.479982199
06-08-2000,2000,8,219,24.17,83.89,0.485636034
07-08-2000,2000,8,220,23.54,85.25,0.428121203
08-08-2000,2000,8,221,23.29,82.83,0.49090665
09-08-2000,2000,8,222,22.95,83.54,0.461036782
10-08-2000,2000,8,223,23.26,83.15,0.480886017
11-08-2000,2000,8,224,23.73,80.45,0.57396859
12-08-2000,2000,8,225,24.41,78.79,0.648631916
13-08-2000,2000,8,226,24.61,80.09,0.616200533
14-08-2000,2000,8,227,23.59,87.2,0.372642514
15-08-2000,2000,8,228,22.63,87.88,0.332957683
16-08-2000,2000,8,229,23.38,84.49,0.445859946
17-08-2000,2000,8,230,23.12,86.68,0.376941817
18-08-2000,2000,8,231,22.56,87.68,0.337017643
19-08-2000,2000,8,232,22.43,88.48,0.312655654
20-08-2000,2000,8,233,22.69,83.95,0.442528921
21-08-2000,2000,8,234,23.1,85.33,0.414643912
22-08-2000,2000,8,235,23.59,84.71,0.445133128
23-08-2000,2000,8,236,23.15,85.37,0.414764562
24-08-2000,2000,8,237,22.98,85.42,0.409120761
25-08-2000,2000,8,238,22.89,86.24,0.384014066
26-08-2000,2000,8,239,22.93,87.88,0.339064845
27-08-2000,2000,8,240,22.46,87.7,0.334433927
28-08-2000,2000,8,241,23.06,85.59,0.406311475
29-08-2000,2000,8,242,22.92,85.04,0.418262478
30-08-2000,2000,8,243,22.46,83.9,0.437754978
31-08-2000,2000,8,244,22.96,85.27,0.412830011
01-09-2000,2000,9,245,23.28,85.79,0.406032309
02-09-2000,2000,9,246,23.66,84.41,0.4557834
03-09-2000,2000,9,247,23.79,84.52,0.456120125
04-09-2000,2000,9,248,23.88,84.53,0.458297631
05-09-2000,2000,9,249,23.86,85.93,0.416322163
06-09-2000,2000,9,250,24.29,83.1,0.513126733
07-09-2000,2000,9,251,23.96,85.11,0.443239703
08-09-2000,2000,9,252,23.85,82.48,0.518094013
09-09-2000,2000,9,253,24.39,83.07,0.517124187
10-09-2000,2000,9,254,23.92,82.69,0.514041114
11-09-2000,2000,9,255,24.06,81.89,0.542336627
12-09-2000,2000,9,256,24.31,81.63,0.558428073
13-09-2000,2000,9,257,23.43,88.89,0.320339165
14-09-2000,2000,9,258,23.49,88.9,0.321210313
15-09-2000,2000,9,259,24.25,83.58,0.497359651
16-09-2000,2000,9,260,24.47,82.94,0.523594957
17-09-2000,2000,9,261,24.41,85.35,0.448017802
18-09-2000,2000,9,262,24.17,84.87,0.456093929
19-09-2000,2000,9,263,24.21,83.61,0.495262554
20-09-2000,2000,9,264,24.18,83.6,0.494674513
21-09-2000,2000,9,265,23.02,89.82,0.286346903
22-09-2000,2000,9,266,23.45,88.02,0.345840927
23-09-2000,2000,9,267,24.31,85.55,0.439264325
24-09-2000,2000,9,268,23.95,86.45,0.403108996
25-09-2000,2000,9,269,23.2,88.79,0.318767885
26-09-2000,2000,9,270,23.33,89.42,0.303223256
27-09-2000,2000,9,271,24.49,86.61,0.411449407
28-09-2000,2000,9,272,23.76,87.2,0.376473907
29-09-2000,2000,9,273,23.92,85.97,0.416637598
30-09-2000,2000,9,274,23.46,88.08,0.344316303
01-10-2000,2000,10,275,22.85,92.23,0.216320635
02-10-2000,2000,10,276,22.99,88.82,0.313905198
03-10-2000,2000,10,277,22.68,88.87,0.306689191
04-10-2000,2000,10,278,22.83,87.72,0.341467435
05-10-2000,2000,10,279,22.27,89.54,0.281139296
06-10-2000,2000,10,280,22.95,89.5,0.294100013
07-10-2000,2000,10,281,23.05,89.24,0.3032109
08-10-2000,2000,10,282,23.36,88.56,0.328464786
09-10-2000,2000,10,283,23.22,89.24,0.306341428
10-10-2000,2000,10,284,23.55,86.06,0.404854596
11-10-2000,2000,10,285,23.58,84.4,0.453884683
12-10-2000,2000,10,286,23.59,85.22,0.430285652
13-10-2000,2000,10,287,23.06,87.68,0.347380803
14-10-2000,2000,10,288,23.64,85.12,0.434502796
15-10-2000,2000,10,289,25.1,80.41,0.6242737
16-10-2000,2000,10,290,24.86,80.63,0.608500223
17-10-2000,2000,10,291,24.05,84.73,0.457013427
18-10-2000,2000,10,292,23.8,85.66,0.422783969
19-10-2000,2000,10,293,23.5,84.57,0.446780398
20-10-2000,2000,10,294,23.54,84.8,0.441182528
21-10-2000,2000,10,295,23.48,88.05,0.34559918
22-10-2000,2000,10,296,22.83,88.48,0.320334271
23-10-2000,2000,10,297,22.78,91.82,0.226771703
24-10-2000,2000,10,298,23.88,83.2,0.497698785
25-10-2000,2000,10,299,22.47,63.65,0.98894786
26-10-2000,2000,10,300,23.25,59.61,1.152003853
27-10-2000,2000,10,301,23.53,76.73,0.675008897
28-10-2000,2000,10,302,23.82,80.92,0.563209323
29-10-2000,2000,10,303,24.48,77.65,0.686362715
30-10-2000,2000,10,304,24.28,73.35,0.808676913
31-10-2000,2000,10,305,23.97,67.6,0.965049768
01-11-2000,2000,11,306,23.22,75.94,0.684997654
02-11-2000,2000,11,307,23.34,77.58,0.642945931
03-11-2000,2000,11,308,24.47,78.07,0.673061982
04-11-2000,2000,11,309,24.96,77.35,0.715793899
05-11-2000,2000,11,310,25.29,73.64,0.849559496
06-11-2000,2000,11,311,24.08,79.22,0.623041671
07-11-2000,2000,11,312,23.71,75.78,0.710220231
08-11-2000,2000,11,313,23.38,75.19,0.713203434
09-11-2000,2000,11,314,23.78,74.29,0.757093038
10-11-2000,2000,11,315,23.98,74.62,0.756409615
11-11-2000,2000,11,316,23.91,76.72,0.690912295
12-11-2000,2000,11,317,23.87,72.98,0.799984773
13-11-2000,2000,11,318,23.28,74.29,0.734629884
14-11-2000,2000,11,319,22.32,67.18,0.884807887
15-11-2000,2000,11,320,22.48,73.84,0.712148333
16-11-2000,2000,11,321,23.15,70.87,0.825843587
17-11-2000,2000,11,322,22.83,70.12,0.830867016
18-11-2000,2000,11,323,22.92,75.31,0.690300841
19-11-2000,2000,11,324,23.09,84.03,0.451115353
20-11-2000,2000,11,325,23.07,82.38,0.49712266
21-11-2000,2000,11,326,22.61,85.58,0.395662403
22-11-2000,2000,11,327,23.61,84.76,0.444212058
23-11-2000,2000,11,328,23.15,92.45,0.214044596
24-11-2000,2000,11,329,22.49,84.89,0.411586298
25-11-2000,2000,11,330,22.36,72.19,0.751566586
26-11-2000,2000,11,331,21.29,67.93,0.811901116
27-11-2000,2000,11,332,21.28,65.13,0.882246513
28-11-2000,2000,11,333,22.21,64.31,0.95576494
29-11-2000,2000,11,334,22.97,74.88,0.704451178
30-11-2000,2000,11,335,21.15,92.61,0.185489909
01-12-2000,2000,12,336,22.79,82.87,0.475177683
02-12-2000,2000,12,337,23.04,83.76,0.457357679
03-12-2000,2000,12,338,23.48,77.4,0.653601797
04-12-2000,2000,12,339,23.84,81.59,0.544085658
05-12-2000,2000,12,340,23.79,82.42,0.517996886
06-12-2000,2000,12,341,20.65,73.2,0.652322185
07-12-2000,2000,12,342,19.51,74.02,0.589301538
08-12-2000,2000,12,343,19.77,75.27,0.570075008
09-12-2000,2000,12,344,19.94,73.75,0.611522779
10-12-2000,2000,12,345,19.82,73.12,0.621560629
11-12-2000,2000,12,346,19.74,72.87,0.624237162
12-12-2000,2000,12,347,19.53,68.23,0.721531566
13-12-2000,2000,12,348,19.02,65.04,0.769167751
14-12-2000,2000,12,349,19.3,67.26,0.73300215
15-12-2000,2000,12,350,19.61,69.35,0.699562516
16-12-2000,2000,12,351,19.46,70.97,0.65644125
17-12-2000,2000,12,352,19.7,69.96,0.689480595
18-12-2000,2000,12,353,21,67.85,0.799572235
19-12-2000,2000,12,354,20.3,62.01,0.904944342
20-12-2000,2000,12,355,20.38,65.99,0.814149685
21-12-2000,2000,12,356,20.19,71.05,0.684935255
22-12-2000,2000,12,357,20.79,68.5,0.77335821
23-12-2000,2000,12,358,21.95,71.38,0.754390092
24-12-2000,2000,12,359,21.67,62.08,0.982589086
25-12-2000,2000,12,360,21.19,58.08,1.054782153
26-12-2000,2000,12,361,21.96,59.47,1.068975499
27-12-2000,2000,12,362,20.99,78.37,0.53760893
28-12-2000,2000,12,363,20.81,89.21,0.265232015
29-12-2000,2000,12,364,23.06,84.03,0.450298006
30-12-2000,2000,12,365,24.07,79.55,0.612779659
31-12-2000,2000,12,366,24.47,78.84,0.649429618
01-01-2001,2001,1,1,24.22,76.55,0.709021869
02-01-2001,2001,1,2,24.27,74.51,0.773014325
03-01-2001,2001,1,3,23.75,74.2,0.758374035
04-01-2001,2001,1,4,22.61,68.41,0.866780536
05-01-2001,2001,1,5,23.01,71.39,0.804266392
06-01-2001,2001,1,6,22.83,69.03,0.861176422
07-01-2001,2001,1,7,21.92,69.46,0.8035277
08-01-2001,2001,1,8,21.66,70.58,0.761870014
09-01-2001,2001,1,9,22.43,73.39,0.722201993
10-01-2001,2001,1,10,23.06,72.77,0.767790525
11-01-2001,2001,1,11,23.35,69.26,0.882073331
12-01-2001,2001,1,12,23.71,70.09,0.877072135
13-01-2001,2001,1,13,23.3,69.95,0.859676749
14-01-2001,2001,1,14,22.37,63.39,0.989988545
15-01-2001,2001,1,15,21.75,68.77,0.813201201
16-01-2001,2001,1,16,22,70.92,0.768855191
17-01-2001,2001,1,17,21.51,67.88,0.824195744
18-01-2001,2001,1,18,22.41,67.86,0.871228297
19-01-2001,2001,1,19,23.01,64.21,1.006106053
20-01-2001,2001,1,20,22.66,61.55,1.058212669
21-01-2001,2001,1,21,22.22,56.85,1.156244336
22-01-2001,2001,1,22,22.77,52.26,1.322680159
23-01-2001,2001,1,23,24.39,64.64,1.080065638
24-01-2001,2001,1,24,25.2,68.53,1.008837643
25-01-2001,2001,1,25,25.68,63.69,1.197640044
26-01-2001,2001,1,26,24.57,67.12,1.015183663
27-01-2001,2001,1,27,22.47,62.56,1.018602693
28-01-2001,2001,1,28,21.94,56.59,1.143539868
29-01-2001,2001,1,29,23.18,56.47,1.236326059
30-01-2001,2001,1,30,24.24,58.35,1.260817471
31-01-2001,2001,1,31,25.01,67.27,1.037431389
01-02-2001,2001,2,32,25.4,72.98,0.876540213
02-02-2001,2001,2,33,25.06,69.45,0.971220169
03-02-2001,2001,2,34,25.68,70.84,0.961806216
04-02-2001,2001,2,35,26.21,71.77,0.960778341
05-02-2001,2001,2,36,26.15,68.61,1.064548322
06-02-2001,2001,2,37,25.44,52.73,1.53710506
07-02-2001,2001,2,38,24.97,39.4,1.91624559
08-02-2001,2001,2,39,23.98,43.84,1.673757446
09-02-2001,2001,2,40,24.56,43.14,1.754527249
10-02-2001,2001,2,41,25.16,49.39,1.618555278
11-02-2001,2001,2,42,26.26,57.42,1.453447446
12-02-2001,2001,2,43,25.14,43.86,1.793274697
13-02-2001,2001,2,44,24.17,44.64,1.668827488
14-02-2001,2001,2,45,24.27,44.8,1.674005128
15-02-2001,2001,2,46,25.1,48.81,1.631269561
16-02-2001,2001,2,47,25.89,48.37,1.724258129
17-02-2001,2001,2,48,25.94,51.77,1.615481119
18-02-2001,2001,2,49,26.93,57.47,1.510123141
19-02-2001,2001,2,50,27.65,54.22,1.695498435
20-02-2001,2001,2,51,28.07,52.14,1.816461205
21-02-2001,2001,2,52,27.94,52.25,1.798620764
22-02-2001,2001,2,53,28.04,50.44,1.877700969
23-02-2001,2001,2,54,28.06,51.26,1.848784153
24-02-2001,2001,2,55,28.11,50.28,1.891452123
25-02-2001,2001,2,56,28.07,55.82,1.676791811
26-02-2001,2001,2,57,28.5,58.66,1.608696298
27-02-2001,2001,2,58,28.67,51.06,1.923301966
28-02-2001,2001,2,59,27.62,48.15,1.916945031
01-03-2001,2001,3,60,26.53,44.68,1.918610184
02-03-2001,2001,3,61,26.19,43.29,1.927788109
03-03-2001,2001,3,62,26.54,48.89,1.773642727
04-03-2001,2001,3,63,27.7,45.48,2.025092723
05-03-2001,2001,3,64,28.06,43.05,2.160202247
06-03-2001,2001,3,65,28.2,46.72,2.037518851
07-03-2001,2001,3,66,28.47,47.67,2.032817901
08-03-2001,2001,3,67,28.45,46.87,2.061501067
09-03-2001,2001,3,68,27.51,52.8,1.73385257
10-03-2001,2001,3,69,28.77,49.68,1.989020175
11-03-2001,2001,3,70,28.12,49.38,1.926810596
12-03-2001,2001,3,71,28.76,46.07,2.130480466
13-03-2001,2001,3,72,28.93,48.72,2.045816679
14-03-2001,2001,3,73,29.38,45.96,2.212660727
15-03-2001,2001,3,74,29.18,43.1,2.303046853
16-03-2001,2001,3,75,28.89,44.62,2.204281559
17-03-2001,2001,3,76,29.01,44.26,2.234055319
18-03-2001,2001,3,77,29.07,41.4,2.356839334
19-03-2001,2001,3,78,28.91,42.35,2.297289653
20-03-2001,2001,3,79,29.08,47.74,2.103064544
21-03-2001,2001,3,80,29.29,52.88,1.919338867
22-03-2001,2001,3,81,29.34,53.63,1.894241679
23-03-2001,2001,3,82,29.13,54.15,1.850446046
24-03-2001,2001,3,83,29.73,51.88,2.010355056
25-03-2001,2001,3,84,29.1,56.12,1.767874485
26-03-2001,2001,3,85,29.18,53.31,1.88979363
27-03-2001,2001,3,86,29.35,53.99,1.880619142
28-03-2001,2001,3,87,29.94,54.09,1.941297247
29-03-2001,2001,3,88,29.22,59.9,1.626811662
30-03-2001,2001,3,89,28,62.31,1.424655754
31-03-2001,2001,3,90,29.59,50.24,2.062202022
01-04-2001,2001,4,91,30.17,47.13,2.265275545
02-04-2001,2001,4,92,30.19,48.89,2.192376508
03-04-2001,2001,4,93,30.29,48.88,2.205396356
04-04-2001,2001,4,94,30.09,48.62,2.191366158
05-04-2001,2001,4,95,29.08,56.63,1.745310166
06-04-2001,2001,4,96,29.51,58.52,1.711157736
07-04-2001,2001,4,97,27.99,62.68,1.409848846
08-04-2001,2001,4,98,27.38,65.16,1.270127114
09-04-2001,2001,4,99,28,62.77,1.407268075
10-04-2001,2001,4,100,27.88,64.13,1.34641625
11-04-2001,2001,4,101,26.01,71.99,0.942096018
12-04-2001,2001,4,102,25,79.55,0.647810543
13-04-2001,2001,4,103,24.54,83.53,0.507607118
14-04-2001,2001,4,104,25.56,76.66,0.764383437
15-04-2001,2001,4,105,25.82,75.81,0.804520196
16-04-2001,2001,4,106,25.59,78.28,0.712595232
17-04-2001,2001,4,107,24.92,84.69,0.482680493
18-04-2001,2001,4,108,25.14,86.03,0.446242385
19-04-2001,2001,4,109,25.17,84.23,0.504639517
20-04-2001,2001,4,110,25.66,79.93,0.66119976
21-04-2001,2001,4,111,25.85,81.05,0.631366371
22-04-2001,2001,4,112,26.54,80.74,0.668369378
23-04-2001,2001,4,113,27.13,76.79,0.833847704
24-04-2001,2001,4,114,26.84,69.87,1.064194517
25-04-2001,2001,4,115,26.65,63.53,1.273817788
26-04-2001,2001,4,116,26.58,65.81,1.189273984
27-04-2001,2001,4,117,26.64,71.65,0.989621529
28-04-2001,2001,4,118,26.37,79.24,0.713244259
29-04-2001,2001,4,119,27.56,74.92,0.923988363
30-04-2001,2001,4,120,26.94,78.05,0.779841636
01-05-2001,2001,5,121,27.57,73.96,0.959916931
02-05-2001,2001,5,122,27.52,76.37,0.868535728
03-05-2001,2001,5,123,27.13,77.38,0.812651231
04-05-2001,2001,5,124,26.36,82.45,0.60260404
05-05-2001,2001,5,125,27.06,80.12,0.711288419
06-05-2001,2001,5,126,26.66,82.53,0.610548131
07-05-2001,2001,5,127,25.87,83.08,0.564399463
08-05-2001,2001,5,128,26.25,77.69,0.761091752
09-05-2001,2001,5,129,25.77,83.08,0.56106839
10-05-2001,2001,5,130,26.74,77.23,0.799526708
11-05-2001,2001,5,131,27.94,73.89,0.983497134
12-05-2001,2001,5,132,26.98,79.81,0.71899799
13-05-2001,2001,5,133,25.87,78.64,0.712504287
14-05-2001,2001,5,134,26.73,73.61,0.926091792
15-05-2001,2001,5,135,26.57,76,0.834331133
16-05-2001,2001,5,136,26.89,73.85,0.926336601
17-05-2001,2001,5,137,27.16,71.94,1.00986377
18-05-2001,2001,5,138,26.46,75.7,0.839306317
19-05-2001,2001,5,139,25.64,76.36,0.777889598
20-05-2001,2001,5,140,24.79,80.2,0.619416928
21-05-2001,2001,5,141,25.23,78.29,0.697202853
22-05-2001,2001,5,142,24.9,79.46,0.646795907
23-05-2001,2001,5,143,25.11,82.49,0.55832263
24-05-2001,2001,5,144,25.06,77.1,0.728017737
25-05-2001,2001,5,145,25.29,81.82,0.585925328
26-05-2001,2001,5,146,23.88,84.31,0.464815115
27-05-2001,2001,5,147,23.89,82.13,0.529715588
28-05-2001,2001,5,148,24.07,82.8,0.515394139
29-05-2001,2001,5,149,23.6,80.92,0.555804788
30-05-2001,2001,5,150,23.73,80.4,0.57543654
31-05-2001,2001,5,151,24.67,77.1,0.711283435
01-06-2001,2001,6,152,24.5,79.21,0.639219538
02-06-2001,2001,6,153,23.58,83.11,0.491417454
03-06-2001,2001,6,154,23.99,83.47,0.492945582
04-06-2001,2001,6,155,22.61,85.67,0.393192943
05-06-2001,2001,6,156,23.27,84.98,0.428918049
06-06-2001,2001,6,157,23.3,90.04,0.284937785
07-06-2001,2001,6,158,23.62,85.85,0.412689347
08-06-2001,2001,6,159,22.83,84.51,0.430727245
09-06-2001,2001,6,160,23.96,84.43,0.463481678
10-06-2001,2001,6,161,23.82,86.65,0.394069416
11-06-2001,2001,6,162,23.26,89.9,0.288246218
12-06-2001,2001,6,163,23.31,88.54,0.328047995
13-06-2001,2001,6,164,22.81,87.54,0.34605321
14-06-2001,2001,6,165,23.65,88.52,0.335423058
15-06-2001,2001,6,166,23.54,87.34,0.367458606
16-06-2001,2001,6,167,24.17,85.79,0.428360524
17-06-2001,2001,6,168,24.36,84.5,0.472595751
18-06-2001,2001,6,169,23.78,86.11,0.409024594
19-06-2001,2001,6,170,24.23,85.14,0.449568441
20-06-2001,2001,6,171,24.07,85.93,0.421604391
21-06-2001,2001,6,172,24.16,85.6,0.433827933
22-06-2001,2001,6,173,23.99,87.43,0.374853356
23-06-2001,2001,6,174,23.96,87.52,0.371499765
24-06-2001,2001,6,175,23.98,85.22,0.440493858
25-06-2001,2001,6,176,24.09,85.76,0.427210624
26-06-2001,2001,6,177,24.23,84.92,0.456224233
27-06-2001,2001,6,178,24.1,84.47,0.466191117
28-06-2001,2001,6,179,23.64,81.67,0.535244371
29-06-2001,2001,6,180,23.61,87.85,0.35414544
30-06-2001,2001,6,181,22.96,86.17,0.387606182
01-07-2001,2001,7,182,23.61,83.83,0.471319487
02-07-2001,2001,7,183,24.07,85.89,0.422802983
03-07-2001,2001,7,184,24.14,85.69,0.430599881
04-07-2001,2001,7,185,23.92,84.71,0.454054802
05-07-2001,2001,7,186,23.7,87.08,0.378634473
06-07-2001,2001,7,187,23.75,87.67,0.362432242
07-07-2001,2001,7,188,23.57,86.36,0.396619238
08-07-2001,2001,7,189,23.22,87.82,0.346769386
09-07-2001,2001,7,190,23.68,85.76,0.416816635
10-07-2001,2001,7,191,23.82,85.85,0.417684063
11-07-2001,2001,7,192,23.49,87.09,0.37358785
12-07-2001,2001,7,193,23.49,86.46,0.391818706
13-07-2001,2001,7,194,22.68,88.17,0.32597782
14-07-2001,2001,7,195,23.67,80.83,0.560784297
15-07-2001,2001,7,196,23.77,82.36,0.51914017
16-07-2001,2001,7,197,22.94,86.57,0.375940372
17-07-2001,2001,7,198,22.24,86.25,0.368892646
18-07-2001,2001,7,199,22.99,82.9,0.480123336
19-07-2001,2001,7,200,23.13,82.22,0.503459197
20-07-2001,2001,7,201,23.77,82.22,0.52326033
21-07-2001,2001,7,202,23.96,81.51,0.550403097
22-07-2001,2001,7,203,24.01,81.12,0.563701851
23-07-2001,2001,7,204,23.7,83.65,0.479154306
24-07-2001,2001,7,205,23.83,83.99,0.47287224
25-07-2001,2001,7,206,23.48,87.54,0.360348601
26-07-2001,2001,7,207,23.04,85.6,0.405538829
27-07-2001,2001,7,208,23.04,87.75,0.344989628
28-07-2001,2001,7,209,23.28,86.72,0.379458766
29-07-2001,2001,7,210,22.53,87.93,0.32957814
30-07-2001,2001,7,211,23.11,86.72,0.375582823
31-07-2001,2001,7,212,23.41,85.16,0.427372147
01-08-2001,2001,8,213,22.69,87.36,0.348508758
02-08-2001,2001,8,214,23.04,87.26,0.358789214
03-08-2001,2001,8,215,23.03,86.97,0.366734491
04-08-2001,2001,8,216,22.91,87.15,0.359052198
05-08-2001,2001,8,217,23.13,85.57,0.408600462
06-08-2001,2001,8,218,23.24,86.13,0.39536148
07-08-2001,2001,8,219,23.67,84.64,0.449329515
08-08-2001,2001,8,220,23.62,85.31,0.428438623
09-08-2001,2001,8,221,24.11,83.83,0.485694316
10-08-2001,2001,8,222,24.46,83.88,0.494449245
11-08-2001,2001,8,223,24.25,83.6,0.496753854
12-08-2001,2001,8,224,23.78,84.21,0.464974682
13-08-2001,2001,8,225,23.95,85.17,0.441188665
14-08-2001,2001,8,226,23.83,83.4,0.490298512
15-08-2001,2001,8,227,24.34,83.4,0.505529206
16-08-2001,2001,8,228,23.39,88.15,0.340852839
17-08-2001,2001,8,229,23.63,83.58,0.479182991
18-08-2001,2001,8,230,23.13,84.83,0.429554331
19-08-2001,2001,8,231,23.57,85,0.436164851
20-08-2001,2001,8,232,23.91,83.72,0.483163753
21-08-2001,2001,8,233,24.01,83.61,0.489357698
22-08-2001,2001,8,234,24.11,83.82,0.485994684
23-08-2001,2001,8,235,24.15,83.12,0.508237958
24-08-2001,2001,8,236,24.35,82.76,0.52533388
25-08-2001,2001,8,237,24.03,82.83,0.513261905
26-08-2001,2001,8,238,24.42,83.53,0.503977435
27-08-2001,2001,8,239,24.3,82.57,0.5295359
28-08-2001,2001,8,240,24.17,80.4,0.590842102
29-08-2001,2001,8,241,22.99,84.87,0.424810881
30-08-2001,2001,8,242,24.02,81.58,0.550297753
31-08-2001,2001,8,243,23.63,82.25,0.51799623
01-09-2001,2001,9,244,23.88,81.01,0.562577376
02-09-2001,2001,9,245,23.93,80.13,0.590417848
03-09-2001,2001,9,246,23.93,80.26,0.586555023
04-09-2001,2001,9,247,23.92,78.57,0.636389432
05-09-2001,2001,9,248,23.85,80.51,0.576350018
06-09-2001,2001,9,249,24.47,77.97,0.67613112
07-09-2001,2001,9,250,24.72,76.22,0.740824813
08-09-2001,2001,9,251,25.14,76.81,0.740755971
09-09-2001,2001,9,252,24.94,79.14,0.658440468
10-09-2001,2001,9,253,24.88,79.3,0.651057517
11-09-2001,2001,9,254,24.88,76.6,0.735978062
12-09-2001,2001,9,255,24.96,78.73,0.672182615
13-09-2001,2001,9,256,24.32,83.83,0.491844877
14-09-2001,2001,9,257,24.09,83.64,0.490812205
15-09-2001,2001,9,258,25.06,79.06,0.665707049
16-09-2001,2001,9,259,24.65,81.4,0.577034041
17-09-2001,2001,9,260,24.48,85.19,0.454811266
18-09-2001,2001,9,261,23.83,86.38,0.402281068
19-09-2001,2001,9,262,24.38,82.6,0.531162291
20-09-2001,2001,9,263,23.69,86.36,0.399494428
21-09-2001,2001,9,264,23.94,84.66,0.456087083
22-09-2001,2001,9,265,23.28,88.08,0.340598531
23-09-2001,2001,9,266,23.48,88.65,0.32824692
24-09-2001,2001,9,267,22.71,89.72,0.283782957
25-09-2001,2001,9,268,22.79,89.28,0.29736747
26-09-2001,2001,9,269,22.38,89.34,0.288437412
27-09-2001,2001,9,270,23.23,86.84,0.374896664
28-09-2001,2001,9,271,23.73,84.03,0.468863344
29-09-2001,2001,9,272,23.01,87.83,0.342115414
30-09-2001,2001,9,273,23.08,90.57,0.266214604
01-10-2001,2001,10,274,23.25,86.3,0.390751493
02-10-2001,2001,10,275,24.04,82.1,0.535404936
03-10-2001,2001,10,276,23.71,81.41,0.54512775
04-10-2001,2001,10,277,23.67,83.39,0.485896044
05-10-2001,2001,10,278,23.12,85.89,0.399297976
06-10-2001,2001,10,279,22.78,88.51,0.318533847
07-10-2001,2001,10,280,23.41,85.94,0.40490919
08-10-2001,2001,10,281,23.65,86.22,0.402624542
09-10-2001,2001,10,282,23.77,84.06,0.469109654
10-10-2001,2001,10,283,23.75,84.88,0.444442458
11-10-2001,2001,10,284,24.12,86.61,0.402433404
12-10-2001,2001,10,285,24.01,83.84,0.482490567
13-10-2001,2001,10,286,23.19,90.21,0.278220646
14-10-2001,2001,10,287,23.01,91.55,0.237541105
15-10-2001,2001,10,288,23.03,91.25,0.246272202
16-10-2001,2001,10,289,23.88,87.3,0.376236581
17-10-2001,2001,10,290,23.88,86.95,0.386605306
18-10-2001,2001,10,291,23.43,86.76,0.381754325
19-10-2001,2001,10,292,23.43,88.42,0.333890867
20-10-2001,2001,10,293,24.26,85.73,0.432495442
21-10-2001,2001,10,294,24.93,79.06,0.660571863
22-10-2001,2001,10,295,23.89,75.49,0.726543316
23-10-2001,2001,10,296,22.66,80.41,0.539151787
24-10-2001,2001,10,297,23.59,81.61,0.535382486
25-10-2001,2001,10,298,24.16,86.6,0.403700993
26-10-2001,2001,10,299,24.23,89.09,0.330066736
27-10-2001,2001,10,300,23.95,88.27,0.348964467
28-10-2001,2001,10,301,23.71,86.44,0.397629493
29-10-2001,2001,10,302,23.84,86.33,0.404000594
30-10-2001,2001,10,303,23.64,84.56,0.450855051
31-10-2001,2001,10,304,24.35,77.86,0.674645714
01-11-2001,2001,11,305,24.16,78.25,0.65526094
02-11-2001,2001,11,306,23.97,79.53,0.609708912
03-11-2001,2001,11,307,23.03,87.92,0.339996366
04-11-2001,2001,11,308,23.57,81.43,0.539972086
05-11-2001,2001,11,309,23.02,87.23,0.359199406
06-11-2001,2001,11,310,22.81,94.25,0.159695502
07-11-2001,2001,11,311,22.63,92.82,0.197247208
08-11-2001,2001,11,312,23.24,86.83,0.375408125
09-11-2001,2001,11,313,24.32,83.24,0.509790979
10-11-2001,2001,11,314,24.25,83.56,0.497965448
11-11-2001,2001,11,315,23.26,85.5,0.413818828
12-11-2001,2001,11,316,23.22,80.32,0.560297333
13-11-2001,2001,11,317,23.41,83.29,0.481225645
14-11-2001,2001,11,318,23.42,87.25,0.367404391
15-11-2001,2001,11,319,23.03,91.89,0.22825915
16-11-2001,2001,11,320,22.86,89.96,0.27968786
17-11-2001,2001,11,321,22.79,87.39,0.34979513
18-11-2001,2001,11,322,22.58,91.06,0.24485363
19-11-2001,2001,11,323,22.94,88.73,0.315476395
20-11-2001,2001,11,324,21.68,84.52,0.401365406
21-11-2001,2001,11,325,22.08,87.1,0.342733756
22-11-2001,2001,11,326,22.98,89.38,0.298001542
23-11-2001,2001,11,327,22.46,87.59,0.3374248
24-11-2001,2001,11,328,22.04,86.2,0.36575301
25-11-2001,2001,11,329,21.71,84.38,0.405738305
26-11-2001,2001,11,330,21.07,81.38,0.465075262
27-11-2001,2001,11,331,21.4,81.34,0.475600594
28-11-2001,2001,11,332,21.92,84,0.420970635
29-11-2001,2001,11,333,21.82,81.87,0.474110828
30-11-2001,2001,11,334,21.96,77.79,0.585786969
01-12-2001,2001,12,335,21.66,83.46,0.42832529
02-12-2001,2001,12,336,22.55,82.87,0.46831246
03-12-2001,2001,12,337,22.04,80.34,0.52106552
04-12-2001,2001,12,338,21.49,84.4,0.399804762
05-12-2001,2001,12,339,22.52,81.39,0.507848134
06-12-2001,2001,12,340,21.61,75.09,0.643109106
07-12-2001,2001,12,341,19.77,70.13,0.68856209
08-12-2001,2001,12,342,19.74,71.67,0.651848094
09-12-2001,2001,12,343,19.34,68.03,0.717546877
10-12-2001,2001,12,344,19.22,69.78,0.673221356
11-12-2001,2001,12,345,19.84,73.38,0.616312075
12-12-2001,2001,12,346,19.49,72.65,0.619606524
13-12-2001,2001,12,347,19.35,73.48,0.595595457
14-12-2001,2001,12,348,19.94,73.18,0.62480156
15-12-2001,2001,12,349,20.64,69,0.754087168
16-12-2001,2001,12,350,20.32,69.18,0.735057982
17-12-2001,2001,12,351,21.59,78.66,0.550268042
18-12-2001,2001,12,352,23.37,82.09,0.514541399
19-12-2001,2001,12,353,23.35,77.7,0.639890542
20-12-2001,2001,12,354,22.37,77,0.621954016
21-12-2001,2001,12,355,21.73,88.51,0.298824068
22-12-2001,2001,12,356,22.49,86.49,0.368003368
23-12-2001,2001,12,357,21.9,85.1,0.391550968
24-12-2001,2001,12,358,21.99,83.06,0.447609025
25-12-2001,2001,12,359,22.81,79.37,0.572959688
26-12-2001,2001,12,360,23.29,77.15,0.653303258
27-12-2001,2001,12,361,23.27,76.05,0.683927249
28-12-2001,2001,12,362,22.74,76.72,0.643822094
29-12-2001,2001,12,363,22.53,73.52,0.723051297
30-12-2001,2001,12,364,22.24,74.53,0.683323323
31-12-2001,2001,12,365,21.23,81.53,0.465879621
01-01-2002,2002,1,1,21.77,76.46,0.613709556
02-01-2002,2002,1,2,21.02,75.2,0.61753545
03-01-2002,2002,1,3,21.33,70.67,0.744356075
04-01-2002,2002,1,4,22.07,74.66,0.672836007
05-01-2002,2002,1,5,23.33,76.38,0.676950218
06-01-2002,2002,1,6,23.81,73.64,0.777635053
07-01-2002,2002,1,7,24.34,72.99,0.822550834
08-01-2002,2002,1,8,23.73,75.87,0.708432843
09-01-2002,2002,1,9,24.25,75.6,0.739072807
10-01-2002,2002,1,10,24.18,70.83,0.879857046
11-01-2002,2002,1,11,23,64.76,0.990045818
12-01-2002,2002,1,12,21.89,65.82,0.897654408
13-01-2002,2002,1,13,20.35,60.32,0.948123809
14-01-2002,2002,1,14,19.98,63.29,0.857320903
15-01-2002,2002,1,15,20.77,63.1,0.904819761
16-01-2002,2002,1,16,20.87,60.81,0.966901705
17-01-2002,2002,1,17,20.67,64.9,0.855400312
18-01-2002,2002,1,18,21.66,68.47,0.816511269
19-01-2002,2002,1,19,23.19,67.67,0.918781765
20-01-2002,2002,1,20,24.64,68.46,0.977891765
21-01-2002,2002,1,21,25.88,72.45,0.919527682
22-01-2002,2002,1,22,25.86,73.42,0.886103024
23-01-2002,2002,1,23,25.73,65.1,1.154548035
24-01-2002,2002,1,24,25.84,60.5,1.315262073
25-01-2002,2002,1,25,26.56,58.49,1.442196083
26-01-2002,2002,1,26,25.7,66.15,1.117823922
27-01-2002,2002,1,27,25.49,65.13,1.137257391
28-01-2002,2002,1,28,25.42,62.4,1.221209318
29-01-2002,2002,1,29,25.13,59.23,1.301537546
30-01-2002,2002,1,30,24.18,55.02,1.356735342
31-01-2002,2002,1,31,24.19,67.98,0.966400884
01-02-2002,2002,2,32,23.29,76.4,0.674746472
02-02-2002,2002,2,33,22.57,81.69,0.501180117
03-02-2002,2002,2,34,23.74,77.48,0.661562612
04-02-2002,2002,2,35,24.55,73.61,0.813828854
05-02-2002,2002,2,36,24.59,70.78,0.903258509
06-02-2002,2002,2,37,25.46,71.22,0.936967111
07-02-2002,2002,2,38,25.58,72.71,0.894806413
08-02-2002,2002,2,39,25.56,70.31,0.972345511
09-02-2002,2002,2,40,23.35,65.24,0.997425796
10-02-2002,2002,2,41,23.44,58.18,1.206540246
11-02-2002,2002,2,42,24.6,62.08,1.17289644
12-02-2002,2002,2,43,25.24,61.97,1.222035672
13-02-2002,2002,2,44,24.78,59.7,1.259980467
14-02-2002,2002,2,45,24.54,61.18,1.19643645
15-02-2002,2002,2,46,24.67,58.16,1.299567638
16-02-2002,2002,2,47,24.67,55,1.39771854
17-02-2002,2002,2,48,24.95,51.91,1.518853148
18-02-2002,2002,2,49,24.81,52.7,1.48148476
19-02-2002,2002,2,50,25.65,52.07,1.578102988
20-02-2002,2002,2,51,25.61,50.72,1.618709105
21-02-2002,2002,2,52,24.49,43.55,1.734601868
22-02-2002,2002,2,53,24.06,53.28,1.3991147
23-02-2002,2002,2,54,23.72,49.19,1.490834168
24-02-2002,2002,2,55,23.29,44.61,1.583652843
25-02-2002,2002,2,56,23.67,38.96,1.78561677
26-02-2002,2002,2,57,24.94,46.77,1.68019109
27-02-2002,2002,2,58,26.88,53.51,1.64589326
28-02-2002,2002,2,59,27,48.78,1.826167238
01-03-2002,2002,3,60,26.54,39.19,2.110256589
02-03-2002,2002,3,61,26.02,40.9,1.988960869
03-03-2002,2002,3,62,26.08,37.87,2.098359487
04-03-2002,2002,3,63,26.58,33.38,2.317327664
05-03-2002,2002,3,64,26.61,32.32,2.358358814
06-03-2002,2002,3,65,26.51,34.83,2.25756811
07-03-2002,2002,3,66,27.53,37.62,2.2941569
08-03-2002,2002,3,67,27.94,45.45,2.054759428
09-03-2002,2002,3,68,27.17,46.33,1.932685512
10-03-2002,2002,3,69,26.64,44.99,1.920249746
11-03-2002,2002,3,70,27.61,38.81,2.260933272
12-03-2002,2002,3,71,27.93,38.61,2.311058105
13-03-2002,2002,3,72,27.33,40.6,2.159160657
14-03-2002,2002,3,73,28.13,45.72,2.067327861
15-03-2002,2002,3,74,28.93,53.9,1.83916047
16-03-2002,2002,3,75,28.21,60.13,1.525584038
17-03-2002,2002,3,76,27.95,49.5,1.90331461
18-03-2002,2002,3,77,27.09,44.18,2.000705299
19-03-2002,2002,3,78,26.95,44.3,1.980076566
20-03-2002,2002,3,79,27.1,46.32,1.925131512
21-03-2002,2002,3,80,28.38,47.11,2.043867507
22-03-2002,2002,3,81,27.93,57.84,1.587134871
23-03-2002,2002,3,82,28.71,56.49,1.713873796
24-03-2002,2002,3,83,28.82,57.04,1.703019585
25-03-2002,2002,3,84,30.04,50.67,2.097911016
26-03-2002,2002,3,85,30.09,50.26,2.121419865
27-03-2002,2002,3,86,30.2,52.32,2.046417515
28-03-2002,2002,3,87,29.22,59.91,1.626405973
29-03-2002,2002,3,88,28.43,61.68,1.48513242
30-03-2002,2002,3,89,29.52,55.97,1.81739777
31-03-2002,2002,3,90,30.5,51.08,2.135983844
01-04-2002,2002,4,91,29.57,56.01,1.820979372
02-04-2002,2002,4,92,28.87,56.48,1.730217093
03-04-2002,2002,4,93,28.93,49.51,2.014299613
04-04-2002,2002,4,94,28.79,58.6,1.638331114
05-04-2002,2002,4,95,29.05,55.38,1.792504282
06-04-2002,2002,4,96,30.1,50.16,2.126903611
07-04-2002,2002,4,97,29.42,48.27,2.122965126
08-04-2002,2002,4,98,28.98,58.71,1.652033635
09-04-2002,2002,4,99,29.9,54.05,1.938533268
10-04-2002,2002,4,100,29.99,55.34,1.893866224
11-04-2002,2002,4,101,28.93,60.94,1.558299522
12-04-2002,2002,4,102,28.7,60.03,1.573520375
13-04-2002,2002,4,103,27.36,67.48,1.184162829
14-04-2002,2002,4,104,26.51,70.29,1.029190556
15-04-2002,2002,4,105,28.63,59.74,1.578522342
16-04-2002,2002,4,106,29.02,55.69,1.776968201
17-04-2002,2002,4,107,29.32,52.29,1.946735724
18-04-2002,2002,4,108,29.77,47.41,2.202158588
19-04-2002,2002,4,109,29.95,55.59,1.878947836
20-04-2002,2002,4,110,28.4,64.75,1.36377446
21-04-2002,2002,4,111,28.99,60.91,1.564914725
22-04-2002,2002,4,112,28.36,64.61,1.366014784
23-04-2002,2002,4,113,30.01,56.65,1.840423987
24-04-2002,2002,4,114,29.99,56.35,1.851035841
25-04-2002,2002,4,115,30.12,52.17,2.043468508
26-04-2002,2002,4,116,30.26,52.74,2.035371811
27-04-2002,2002,4,117,30.48,55.9,1.923329633
28-04-2002,2002,4,118,30.6,55.25,1.965103146
29-04-2002,2002,4,119,30.93,50.29,2.224383056
30-04-2002,2002,4,120,30.8,51.56,2.151555168
01-05-2002,2002,5,121,30.87,44.64,2.468751069
02-05-2002,2002,5,122,30.67,46.75,2.347725835
03-05-2002,2002,5,123,29.09,60.61,1.586061389
04-05-2002,2002,5,124,24.99,80.67,0.61196679
05-05-2002,2002,5,125,26.87,72.92,0.958154957
06-05-2002,2002,5,126,27.11,73.1,0.965283232
07-05-2002,2002,5,127,27.8,70.78,1.09169863
08-05-2002,2002,5,128,28.67,66.99,1.297265997
09-05-2002,2002,5,129,27.45,74.23,0.943325104
10-05-2002,2002,5,130,26.29,76.56,0.801530144
11-05-2002,2002,5,131,26.68,74.43,0.894681755
12-05-2002,2002,5,132,27.89,69.64,1.140257207
13-05-2002,2002,5,133,26.76,78.39,0.75968798
14-05-2002,2002,5,134,26.68,73.25,0.935969376
15-05-2002,2002,5,135,27.05,74.7,0.904680431
16-05-2002,2002,5,136,26.82,78.63,0.75390422
17-05-2002,2002,5,137,25.17,83.4,0.531199492
18-05-2002,2002,5,138,24.68,87.07,0.401851014
19-05-2002,2002,5,139,24.63,85.29,0.45580844
20-05-2002,2002,5,140,24.42,85.94,0.430232103
21-05-2002,2002,5,141,25.24,81.22,0.603466472
22-05-2002,2002,5,142,24.8,85.66,0.44887573
23-05-2002,2002,5,143,26.09,74.85,0.849910296
24-05-2002,2002,5,144,26.82,75.41,0.867501393
25-05-2002,2002,5,145,26.63,76.14,0.832397978
26-05-2002,2002,5,146,26.63,74.03,0.906009032
27-05-2002,2002,5,147,25.32,81.09,0.610540091
28-05-2002,2002,5,148,25.53,81.02,0.620488551
29-05-2002,2002,5,149,24.8,84.72,0.478299942
30-05-2002,2002,5,150,25.43,81.81,0.59114336
31-05-2002,2002,5,151,25.41,82.52,0.567395413
01-06-2002,2002,6,152,24.79,80.53,0.609093313
02-06-2002,2002,6,153,24.5,83.24,0.515311181
03-06-2002,2002,6,154,24.4,85.58,0.440720285
04-06-2002,2002,6,155,25.21,83.14,0.540804618
05-06-2002,2002,6,156,25.6,81.27,0.61486304
06-06-2002,2002,6,157,25.23,84.88,0.485569191
07-06-2002,2002,6,158,25.07,83.81,0.515005524
08-06-2002,2002,6,159,25.19,81.73,0.585335384
09-06-2002,2002,6,160,24.72,84.79,0.47384127
10-06-2002,2002,6,161,23.84,89.26,0.317407929
11-06-2002,2002,6,162,24.11,89.24,0.323195476
12-06-2002,2002,6,163,24.39,86.4,0.415409861
13-06-2002,2002,6,164,24.22,87.49,0.378245782
14-06-2002,2002,6,165,24.3,84.7,0.464824972
15-06-2002,2002,6,166,23.97,84.29,0.467929995
16-06-2002,2002,6,167,23.36,86.42,0.389908374
17-06-2002,2002,6,168,23.96,83.39,0.494439991
18-06-2002,2002,6,169,23.98,85.37,0.436023352
19-06-2002,2002,6,170,23.67,84.55,0.451962305
20-06-2002,2002,6,171,24.03,86,0.418501262
21-06-2002,2002,6,172,24.52,85.7,0.440200879
22-06-2002,2002,6,173,24.61,85.58,0.446288884
23-06-2002,2002,6,174,24.74,85.15,0.463178688
24-06-2002,2002,6,175,24.09,87.78,0.366609117
25-06-2002,2002,6,176,24.58,84.61,0.475456687
26-06-2002,2002,6,177,25.02,83,0.53916409
27-06-2002,2002,6,178,25.18,81.87,0.580504661
28-06-2002,2002,6,179,25.02,82.96,0.540432712
29-06-2002,2002,6,180,25.77,78.57,0.710620307
30-06-2002,2002,6,181,24.92,80.44,0.616670832
01-07-2002,2002,7,182,24.86,81.2,0.590593918
02-07-2002,2002,7,183,24.62,83.52,0.510349233
03-07-2002,2002,7,184,24.64,83.17,0.521810983
04-07-2002,2002,7,185,24.8,83.05,0.53057487
05-07-2002,2002,7,186,24.77,83.33,0.520877062
06-07-2002,2002,7,187,24.71,82.84,0.534271123
07-07-2002,2002,7,188,24.85,80.34,0.617242269
08-07-2002,2002,7,189,24.25,80.81,0.581262589
09-07-2002,2002,7,190,24.26,80.93,0.577973937
10-07-2002,2002,7,191,24.17,81.99,0.542911544
11-07-2002,2002,7,192,24.77,82.51,0.546499089
12-07-2002,2002,7,193,24.57,82.73,0.533218426
13-07-2002,2002,7,194,24.81,80.56,0.60888084
14-07-2002,2002,7,195,24.67,79.56,0.634874821
15-07-2002,2002,7,196,24.79,79.61,0.637874301
16-07-2002,2002,7,197,24.59,78.77,0.65626893
17-07-2002,2002,7,198,24.16,79.84,0.607359106
18-07-2002,2002,7,199,24.28,81.18,0.571080657
19-07-2002,2002,7,200,24.16,82.09,0.539573491
20-07-2002,2002,7,201,24.2,83.71,0.491945916
21-07-2002,2002,7,202,23.84,85,0.443307163
22-07-2002,2002,7,203,23.52,85.3,0.426156214
23-07-2002,2002,7,204,24.04,83.22,0.501904739
24-07-2002,2002,7,205,24.14,82.44,0.528395102
25-07-2002,2002,7,206,23.28,82.68,0.494896523
26-07-2002,2002,7,207,24.09,77.67,0.669916659
27-07-2002,2002,7,208,24.18,81.22,0.566462644
28-07-2002,2002,7,209,24.58,82.22,0.549293041
29-07-2002,2002,7,210,24.85,80.85,0.601230389
30-07-2002,2002,7,211,24.33,82.69,0.526835735
31-07-2002,2002,7,212,23.8,85.95,0.414233945
01-08-2002,2002,8,213,23.77,81.77,0.536503701
02-08-2002,2002,8,214,23.16,77.09,0.649897359
03-08-2002,2002,8,215,22.35,79.19,0.562049504
04-08-2002,2002,8,216,23.16,79.66,0.576993116
05-08-2002,2002,8,217,23.89,81.84,0.53831198
06-08-2002,2002,8,218,23.4,82.89,0.492448092
07-08-2002,2002,8,219,22.45,84.1,0.432054526
08-08-2002,2002,8,220,22.46,83.5,0.448630878
09-08-2002,2002,8,221,23.39,82.89,0.49215123
10-08-2002,2002,8,222,22.68,80.29,0.543112665
11-08-2002,2002,8,223,22.74,81.5,0.511628382
12-08-2002,2002,8,224,22.63,80.91,0.524435822
13-08-2002,2002,8,225,23.85,80.37,0.580490038
14-08-2002,2002,8,226,24.04,83.55,0.492034145
15-08-2002,2002,8,227,23.16,84.99,0.425794821
16-08-2002,2002,8,228,23.46,86.62,0.386489273
17-08-2002,2002,8,229,22.96,89.32,0.299322778
18-08-2002,2002,8,230,23.67,83.71,0.476535013
19-08-2002,2002,8,231,23.88,82.87,0.507475011
20-08-2002,2002,8,232,24.15,82.77,0.518776068
21-08-2002,2002,8,233,23.31,85.27,0.421653313
22-08-2002,2002,8,234,23.95,82.45,0.522107962
23-08-2002,2002,8,235,23.71,83.29,0.489999177
24-08-2002,2002,8,236,23.76,82.92,0.50235737
25-08-2002,2002,8,237,23.41,84.09,0.458186715
26-08-2002,2002,8,238,24.96,75.96,0.759721207
27-08-2002,2002,8,239,24.64,81.25,0.581340222
28-08-2002,2002,8,240,23.5,89.8,0.295344139
29-08-2002,2002,8,241,23.8,84.82,0.447549558
30-08-2002,2002,8,242,24.5,80.63,0.595559521
31-08-2002,2002,8,243,24.78,79.28,0.647811297
01-09-2002,2002,9,244,24.44,79.7,0.621918054
02-09-2002,2002,9,245,23.78,82.93,0.502667373
03-09-2002,2002,9,246,24.63,81.33,0.578514179
04-09-2002,2002,9,247,24.89,80.34,0.618716134
05-09-2002,2002,9,248,24.24,81.34,0.564870444
06-09-2002,2002,9,249,23.59,83.56,0.478612728
07-09-2002,2002,9,250,23.84,84.3,0.46399483
08-09-2002,2002,9,251,24.31,82.63,0.528029158
09-09-2002,2002,9,252,23.35,87.72,0.352370218
10-09-2002,2002,9,253,23.97,80.56,0.579029861
11-09-2002,2002,9,254,23.81,79.23,0.612726861
12-09-2002,2002,9,255,24.24,79.45,0.62208401
13-09-2002,2002,9,256,24.96,77.26,0.718638113
14-09-2002,2002,9,257,25.14,78.59,0.6838976
15-09-2002,2002,9,258,23.96,85.14,0.442346675
16-09-2002,2002,9,259,24.26,79.44,0.623132886
17-09-2002,2002,9,260,24.16,81.29,0.563675043
18-09-2002,2002,9,261,24.98,75.49,0.775497842
19-09-2002,2002,9,262,24.51,79.71,0.624219407
20-09-2002,2002,9,263,24.65,81.17,0.584169409
21-09-2002,2002,9,264,24.94,76.58,0.739246202
22-09-2002,2002,9,265,23.74,74.35,0.75351159
23-09-2002,2002,9,266,23.89,75.81,0.717057643
24-09-2002,2002,9,267,24.09,78.36,0.649216145
25-09-2002,2002,9,268,25.03,75.12,0.789552574
26-09-2002,2002,9,269,25.07,77.97,0.70077651
27-09-2002,2002,9,270,25.11,79.09,0.666734791
28-09-2002,2002,9,271,24.73,82.09,0.55828825
29-09-2002,2002,9,272,26.1,73.2,0.906204966
30-09-2002,2002,9,273,26.06,75.42,0.829176977
01-10-2002,2002,10,274,26.64,71.88,0.981592853
02-10-2002,2002,10,275,26.41,73.93,0.897792229
03-10-2002,2002,10,276,26.36,76.52,0.806218966
04-10-2002,2002,10,277,26.19,77.2,0.775058524
05-10-2002,2002,10,278,26.26,76.45,0.803867716
06-10-2002,2002,10,279,25.88,76.51,0.78401834
07-10-2002,2002,10,280,24.58,81.59,0.56875618
08-10-2002,2002,10,281,24.84,82.67,0.54376558
09-10-2002,2002,10,282,24.85,83.42,0.520543073
10-10-2002,2002,10,283,24.26,86.75,0.401581262
11-10-2002,2002,10,284,23.47,89.9,0.291920402
12-10-2002,2002,10,285,23.62,90.25,0.284361918
13-10-2002,2002,10,286,23.66,90.29,0.283877923
14-10-2002,2002,10,287,24.19,90.35,0.291248236
15-10-2002,2002,10,288,24.1,90.79,0.276472646
16-10-2002,2002,10,289,23.66,89.26,0.313990617
17-10-2002,2002,10,290,23.35,88.78,0.321953896
18-10-2002,2002,10,291,23.46,88.86,0.321785539
19-10-2002,2002,10,292,22.97,91.64,0.234443147
20-10-2002,2002,10,293,24.28,81.18,0.571080657
21-10-2002,2002,10,294,23.72,76.32,0.694803249
22-10-2002,2002,10,295,24.14,79.96,0.603020379
23-10-2002,2002,10,296,24.58,77.17,0.705307094
24-10-2002,2002,10,297,24.51,74.58,0.782043239
25-10-2002,2002,10,298,24.23,80.79,0.581171585
26-10-2002,2002,10,299,23.61,88.92,0.322957323
27-10-2002,2002,10,300,23.49,89.16,0.313686468
28-10-2002,2002,10,301,23.6,86.14,0.403744988
29-10-2002,2002,10,302,23.89,87.84,0.360455599
30-10-2002,2002,10,303,23.29,89.3,0.305923189
31-10-2002,2002,10,304,22.52,89.49,0.286807302
01-11-2002,2002,11,305,22.71,87.64,0.341202076
02-11-2002,2002,11,306,22.65,91.61,0.230767793
03-11-2002,2002,11,307,23.25,86.33,0.389895832
04-11-2002,2002,11,308,22.97,84.8,0.426260267
05-11-2002,2002,11,309,22.66,88.97,0.303565299
06-11-2002,2002,11,310,23.01,87.52,0.35082994
07-11-2002,2002,11,311,23.18,88.42,0.328891701
08-11-2002,2002,11,312,23.75,85.05,0.43944542
09-11-2002,2002,11,313,23.96,84.92,0.448895549
10-11-2002,2002,11,314,23.14,88.72,0.319597982
11-11-2002,2002,11,315,23.93,85.49,0.431150628
12-11-2002,2002,11,316,23.65,86.54,0.39327477
13-11-2002,2002,11,317,23.46,86.67,0.385044994
14-11-2002,2002,11,318,22.75,88.75,0.311313976
15-11-2002,2002,11,319,22.89,82.3,0.493971582
16-11-2002,2002,11,320,22.8,83.94,0.445766376
17-11-2002,2002,11,321,22.43,85.1,0.404389692
18-11-2002,2002,11,322,21.68,85.57,0.374141008
19-11-2002,2002,11,323,21.65,90.18,0.254146589
20-11-2002,2002,11,324,21.7,92.74,0.188467422
21-11-2002,2002,11,325,22.78,88.84,0.309385356
22-11-2002,2002,11,326,22.07,82.39,0.467586507
23-11-2002,2002,11,327,21.26,76.13,0.603195385
24-11-2002,2002,11,328,22.83,82.98,0.47327164
25-11-2002,2002,11,329,23.64,82.67,0.506043915
26-11-2002,2002,11,330,24.25,78.31,0.656987261
27-11-2002,2002,11,331,23.68,72.95,0.791775981
28-11-2002,2002,11,332,22.84,65.65,0.955742018
29-11-2002,2002,11,333,22.32,67.14,0.885886263
30-11-2002,2002,11,334,21.95,61.34,1.019032877
01-12-2002,2002,12,335,21.36,67.29,0.831662987
02-12-2002,2002,12,336,22.04,69.66,0.804126546
03-12-2002,2002,12,337,22.73,69.69,0.837732996
04-12-2002,2002,12,338,23.11,75.62,0.689511237
05-12-2002,2002,12,339,22.47,72.03,0.76095933
06-12-2002,2002,12,340,22.65,83.8,0.445582628
07-12-2002,2002,12,341,22.5,85.94,0.383217617
08-12-2002,2002,12,342,23.12,83.39,0.470045313
09-12-2002,2002,12,343,22.96,76.28,0.664788043
10-12-2002,2002,12,344,22.8,78.02,0.610083745
11-12-2002,2002,12,345,22.8,74.24,0.715002606
12-12-2002,2002,12,346,22.16,72,0.747551158
13-12-2002,2002,12,347,20.92,69.21,0.761994175
14-12-2002,2002,12,348,20.22,70.69,0.694739528
15-12-2002,2002,12,349,21.58,73.55,0.68161634
16-12-2002,2002,12,350,22.89,75.35,0.687932175
17-12-2002,2002,12,351,21.01,63.03,0.920010812
18-12-2002,2002,12,352,20.81,65.01,0.860098999
19-12-2002,2002,12,353,20.58,63.7,0.879753614
20-12-2002,2002,12,354,21.13,59.81,1.007536779
21-12-2002,2002,12,355,20.87,56.82,1.065343599
22-12-2002,2002,12,356,20.12,64.23,0.842636513
23-12-2002,2002,12,357,20.79,70.94,0.713453638
24-12-2002,2002,12,358,21.51,67.06,0.845236856
25-12-2002,2002,12,359,21.52,67.08,0.84524062
26-12-2002,2002,12,360,22,61.79,1.010246109
27-12-2002,2002,12,361,22.21,62.35,1.008253012
28-12-2002,2002,12,362,22.59,66.61,0.915058725
29-12-2002,2002,12,363,22.62,70.34,0.814318177
30-12-2002,2002,12,364,22.34,72.75,0.735537787
31-12-2002,2002,12,365,22.13,73.05,0.718204986
01-01-2003,2003,1,1,22.89,71.27,0.801796811
02-01-2003,2003,1,2,22.83,68.58,0.873689479
03-01-2003,2003,1,3,22.45,69.48,0.829327304
04-01-2003,2003,1,4,22.8,68.14,0.884316111
05-01-2003,2003,1,5,23.59,68.35,0.92141684
06-01-2003,2003,1,6,23.17,65.65,0.975009329
07-01-2003,2003,1,7,23.74,64.1,1.054622459
08-01-2003,2003,1,8,23.67,64.09,1.05048326
09-01-2003,2003,1,9,24.01,69.35,0.915119795
10-01-2003,2003,1,10,23.84,71.04,0.855878362
11-01-2003,2003,1,11,23.95,66.68,0.991261384
12-01-2003,2003,1,12,22.88,60.04,1.114528726
13-01-2003,2003,1,13,22.15,63.84,0.964821373
14-01-2003,2003,1,14,21.69,61.75,0.992352058
15-01-2003,2003,1,15,21.45,65.34,0.886112256
16-01-2003,2003,1,16,23,63.82,1.016454532
17-01-2003,2003,1,17,22.47,59.6,1.099133248
18-01-2003,2003,1,18,23.28,60.32,1.133804504
19-01-2003,2003,1,19,24.88,63.87,1.136362709
20-01-2003,2003,1,20,25.89,65.3,1.158856422
21-01-2003,2003,1,21,24.77,58.1,1.30922309
22-01-2003,2003,1,22,24.48,53.01,1.443050736
23-01-2003,2003,1,23,24.2,48.71,1.548919952
24-01-2003,2003,1,24,25.53,46.53,1.748025438
25-01-2003,2003,1,25,24.72,47.91,1.622773949
26-01-2003,2003,1,26,24.18,53.97,1.388406576
27-01-2003,2003,1,27,24.37,53.51,1.418331038
28-01-2003,2003,1,28,24.29,53.41,1.414590205
29-01-2003,2003,1,29,23.9,47.72,1.550653137
30-01-2003,2003,1,30,24.42,49.5,1.545286003
31-01-2003,2003,1,31,24.73,48.21,1.614391317
01-02-2003,2003,2,32,25.23,64.63,1.135885071
02-02-2003,2003,2,33,25.45,69.24,1.000834101
03-02-2003,2003,2,34,25.79,59.55,1.342914253
04-02-2003,2003,2,35,25.96,60.12,1.33737569
05-02-2003,2003,2,36,26.57,56.82,1.501100763
06-02-2003,2003,2,37,26.85,56.41,1.540507589
07-02-2003,2003,2,38,26.22,57.82,1.436399384
08-02-2003,2003,2,39,25.91,61.53,1.28628199
09-02-2003,2003,2,40,26.63,51.11,1.70561346
10-02-2003,2003,2,41,26.71,53.63,1.625328243
11-02-2003,2003,2,42,26.43,52.6,1.634274385
12-02-2003,2003,2,43,27.15,57.28,1.536568334
13-02-2003,2003,2,44,27.29,57.29,1.548856977
14-02-2003,2003,2,45,28.05,50.8,1.865146807
15-02-2003,2003,2,46,28.01,56.09,1.660734081
16-02-2003,2003,2,47,27.68,55.31,1.658030417
17-02-2003,2003,2,48,26.48,54.15,1.585496127
18-02-2003,2003,2,49,26.74,52.28,1.67560011
19-02-2003,2003,2,50,26.91,54.49,1.614038648
20-02-2003,2003,2,51,27.02,48.95,1.822242864
21-02-2003,2003,2,52,27.48,45.01,2.01647284
22-02-2003,2003,2,53,27.7,42.37,2.140610668
23-02-2003,2003,2,54,27.04,45.16,1.959825569
24-02-2003,2003,2,55,27.13,51.66,1.736673762
25-02-2003,2003,2,56,25.17,75.64,0.779519254
26-02-2003,2003,2,57,26.58,66.98,1.148576395
27-02-2003,2003,2,58,26.85,65.44,1.221379727
28-02-2003,2003,2,59,27.07,51.63,1.731649966
01-03-2003,2003,3,60,27.28,50.63,1.789330778
02-03-2003,2003,3,61,27.38,45.39,1.990862276
03-03-2003,2003,3,62,27.7,41.88,2.158811245
04-03-2003,2003,3,63,27.49,41.56,2.144236678
05-03-2003,2003,3,64,27.74,41.97,2.160504927
06-03-2003,2003,3,65,27.89,41.6,2.193380135
07-03-2003,2003,3,66,27.87,45.52,2.043769703
08-03-2003,2003,3,67,27.3,43.52,2.049418508
09-03-2003,2003,3,68,27.32,47.08,1.922490425
10-03-2003,2003,3,69,27.44,45.82,1.982129575
11-03-2003,2003,3,70,28.38,44.85,2.131202363
12-03-2003,2003,3,71,28.68,50.58,1.943291008
13-03-2003,2003,3,72,29.15,52.44,1.921676845
14-03-2003,2003,3,73,29.06,55.67,1.781883226
15-03-2003,2003,3,74,28.98,53.93,1.843283835
16-03-2003,2003,3,75,27.71,61.19,1.442401427
17-03-2003,2003,3,76,27.87,61.4,1.448045348
18-03-2003,2003,3,77,26.45,73.25,0.923383611
19-03-2003,2003,3,78,26.16,77.72,0.756041571
20-03-2003,2003,3,79,25.84,77.15,0.760854136
21-03-2003,2003,3,80,26.3,71.2,0.985396224
22-03-2003,2003,3,81,25.89,62.75,1.24401734
23-03-2003,2003,3,82,25.32,58.3,1.346352289
24-03-2003,2003,3,83,24.73,51.16,1.522434291
25-03-2003,2003,3,84,25.67,50.62,1.627772784
26-03-2003,2003,3,85,25.78,53.75,1.534561672
27-03-2003,2003,3,86,26.91,57.62,1.503031376
28-03-2003,2003,3,87,27.1,65.75,1.228311369
29-03-2003,2003,3,88,27.7,65.24,1.291126615
30-03-2003,2003,3,89,28.11,65.87,1.298376125
31-03-2003,2003,3,90,27.97,67.17,1.238785124
01-04-2003,2003,4,91,27.71,69.13,1.147305645
02-04-2003,2003,4,92,27.53,68.97,1.14119411
03-04-2003,2003,4,93,26.9,69.81,1.070077507
04-04-2003,2003,4,94,26.01,72.38,0.928978651
05-04-2003,2003,4,95,26.15,74.18,0.875649496
06-04-2003,2003,4,96,26.81,69.06,1.090879588
07-04-2003,2003,4,97,25.65,62.36,1.239303077
08-04-2003,2003,4,98,27.21,59.59,1.458599757
09-04-2003,2003,4,99,27.79,68.99,1.157900008
10-04-2003,2003,4,100,26.84,75.54,0.863929568
11-04-2003,2003,4,101,27.38,72.53,1.001446379
12-04-2003,2003,4,102,28.37,67.55,1.253261549
13-04-2003,2003,4,103,28.92,63.03,1.474066348
14-04-2003,2003,4,104,29.07,61.27,1.557685792
15-04-2003,2003,4,105,29.16,62.13,1.53103282
16-04-2003,2003,4,106,29.13,63.85,1.45896673
17-04-2003,2003,4,107,27.76,70.08,1.115246778
18-04-2003,2003,4,108,28.24,68.44,1.209718228
19-04-2003,2003,4,109,27.42,72.39,1.008907904
20-04-2003,2003,4,110,27.59,72.81,1.003481171
21-04-2003,2003,4,111,26.95,74.11,0.920362339
22-04-2003,2003,4,112,28.28,64.29,1.371976228
23-04-2003,2003,4,113,28.97,59.05,1.637483322
24-04-2003,2003,4,114,29.34,61.83,1.559266873
25-04-2003,2003,4,115,29.61,57.76,1.752566249
26-04-2003,2003,4,116,29.18,56.02,1.780105459
27-04-2003,2003,4,117,29.3,56.31,1.780651138
28-04-2003,2003,4,118,27.4,72.52,1.002983633
29-04-2003,2003,4,119,27.5,69.47,1.120838795
30-04-2003,2003,4,120,26.78,71.01,1.020326505
01-05-2003,2003,5,121,26.53,75.58,0.846935298
02-05-2003,2003,5,122,27.47,72.9,0.993171098
03-05-2003,2003,5,123,27.85,73.57,0.990343246
04-05-2003,2003,5,124,26.45,81.1,0.652409355
05-05-2003,2003,5,125,26.67,80.28,0.689587447
06-05-2003,2003,5,126,25.56,83.92,0.526618923
07-05-2003,2003,5,127,26.37,77.16,0.784706112
08-05-2003,2003,5,128,27.45,73.54,0.968582936
09-05-2003,2003,5,129,28.25,69.35,1.175520247
10-05-2003,2003,5,130,28.48,67.91,1.247295706
11-05-2003,2003,5,131,27.04,76.15,0.852331142
12-05-2003,2003,5,132,26.67,78.55,0.750083709
13-05-2003,2003,5,133,25.96,81.25,0.628781198
14-05-2003,2003,5,134,25.48,81.33,0.608545988
15-05-2003,2003,5,135,27.29,73.29,0.968624909
16-05-2003,2003,5,136,25.86,78.46,0.718083489
17-05-2003,2003,5,137,26.88,72.24,0.982791931
18-05-2003,2003,5,138,27.32,70.06,1.087667485
19-05-2003,2003,5,139,28.13,67,1.256850026
20-05-2003,2003,5,140,27.87,69.64,1.138928931
21-05-2003,2003,5,141,28.22,68.41,1.209461334
22-05-2003,2003,5,142,27.64,68.8,1.154842211
23-05-2003,2003,5,143,27.25,70.79,1.056808327
24-05-2003,2003,5,144,27.36,70.74,1.065455239
25-05-2003,2003,5,145,27.39,75.26,0.902449241
26-05-2003,2003,5,146,27.04,77.53,0.803013868
27-05-2003,2003,5,147,26.74,78.85,0.742643385
28-05-2003,2003,5,148,27.43,73.56,0.966719635
29-05-2003,2003,5,149,25.62,76.4,0.775653209
30-05-2003,2003,5,150,27.65,64.99,1.296622984
31-05-2003,2003,5,151,28.53,63.13,1.437250292
01-06-2003,2003,6,152,27.75,69.69,1.129124901
02-06-2003,2003,6,153,27.33,71.9,1.021421119
03-06-2003,2003,6,154,26.68,75.25,0.865990358
04-06-2003,2003,6,155,26.34,77.72,0.764113745
05-06-2003,2003,6,156,25.76,80.6,0.642924515
06-06-2003,2003,6,157,26.31,78.04,0.751807884
07-06-2003,2003,6,158,26.34,77.89,0.758283433
08-06-2003,2003,6,159,26.18,77.53,0.763389804
09-06-2003,2003,6,160,25.56,78.74,0.696263576
10-06-2003,2003,6,161,26.61,77.21,0.794134122
11-06-2003,2003,6,162,26.13,79.86,0.682213989
12-06-2003,2003,6,163,26.26,79.99,0.68303155
13-06-2003,2003,6,164,25.25,80.97,0.611863508
14-06-2003,2003,6,165,24.53,83.12,0.519932468
15-06-2003,2003,6,166,23.49,86.29,0.396738143
16-06-2003,2003,6,167,24.59,85.08,0.461212079
17-06-2003,2003,6,168,24.15,85.31,0.442299503
18-06-2003,2003,6,169,23.91,89.04,0.325274861
19-06-2003,2003,6,170,24.11,86.42,0.407899123
20-06-2003,2003,6,171,23.61,84.88,0.440714325
21-06-2003,2003,6,172,23.82,85.52,0.427425105
22-06-2003,2003,6,173,23.03,88.3,0.329301116
23-06-2003,2003,6,174,22.91,84.83,0.423877186
24-06-2003,2003,6,175,23.22,86.23,0.392037311
25-06-2003,2003,6,176,23.36,83.68,0.468579136
26-06-2003,2003,6,177,23.25,84.57,0.440094564
27-06-2003,2003,6,178,23.97,82.58,0.518863177
28-06-2003,2003,6,179,23.62,83.6,0.478311328
29-06-2003,2003,6,180,22.92,83.51,0.461039322
30-06-2003,2003,6,181,23.47,82.69,0.500311105
01-07-2003,2003,7,182,22.98,86.46,0.379937936
02-07-2003,2003,7,183,22.78,87.68,0.34154369
03-07-2003,2003,7,184,22.94,86.8,0.369502078
04-07-2003,2003,7,185,23.28,86.59,0.383173347
05-07-2003,2003,7,186,23.44,86.69,0.384004081
06-07-2003,2003,7,187,23.04,86.8,0.371743926
07-07-2003,2003,7,188,22.87,85.97,0.391075425
08-07-2003,2003,7,189,23.61,83.52,0.480355296
09-07-2003,2003,7,190,23.13,87.61,0.350835739
10-07-2003,2003,7,191,24.3,84.18,0.480622945
11-07-2003,2003,7,192,23.67,84.91,0.441431145
12-07-2003,2003,7,193,23.5,85.47,0.420720621
13-07-2003,2003,7,194,23.26,89.87,0.289102395
14-07-2003,2003,7,195,23.67,88.06,0.34928349
15-07-2003,2003,7,196,23.35,90.22,0.28063361
16-07-2003,2003,7,197,23.46,87.93,0.348649143
17-07-2003,2003,7,198,24.22,86.71,0.401829451
18-07-2003,2003,7,199,24.84,86.45,0.425160047
19-07-2003,2003,7,200,24.05,89.34,0.319041462
20-07-2003,2003,7,201,24.55,87.06,0.399050601
21-07-2003,2003,7,202,24.56,87.11,0.397746329
22-07-2003,2003,7,203,24.44,86.48,0.414203551
23-07-2003,2003,7,204,23.86,88.53,0.339389851
24-07-2003,2003,7,205,23.33,89.31,0.306375861
25-07-2003,2003,7,206,23.91,86.6,0.397690067
26-07-2003,2003,7,207,23.53,87.69,0.357084638
27-07-2003,2003,7,208,23.32,88.82,0.32022602
28-07-2003,2003,7,209,23.83,88.79,0.331099176
29-07-2003,2003,7,210,23.73,84.66,0.45036717
30-07-2003,2003,7,211,24.26,84.56,0.467955825
31-07-2003,2003,7,212,23.47,86.64,0.386144215
01-08-2003,2003,8,213,23.29,86.44,0.387693312
02-08-2003,2003,8,214,23.17,83.55,0.466925865
03-08-2003,2003,8,215,23.55,83.68,0.473976112
04-08-2003,2003,8,216,23.68,85.41,0.427061426
05-08-2003,2003,8,217,24.29,85.69,0.434487784
06-08-2003,2003,8,218,23.84,87.07,0.382130774
07-08-2003,2003,8,219,24.39,83.81,0.494521003
08-08-2003,2003,8,220,23.98,86.19,0.411584586
09-08-2003,2003,8,221,24.31,85.94,0.427408748
10-08-2003,2003,8,222,24.7,83.32,0.519016533
11-08-2003,2003,8,223,24.49,85.4,0.448630421
12-08-2003,2003,8,224,24.46,85.78,0.436170488
13-08-2003,2003,8,225,24.05,86.37,0.407930125
14-08-2003,2003,8,226,23.52,85.73,0.41369042
15-08-2003,2003,8,227,23.89,85.75,0.422408905
16-08-2003,2003,8,228,23.72,86.5,0.396108271
17-08-2003,2003,8,229,23.08,87.45,0.354294091
18-08-2003,2003,8,230,23.8,83.31,0.492068651
19-08-2003,2003,8,231,23.71,83.08,0.496157156
20-08-2003,2003,8,232,23.72,83.82,0.474743099
21-08-2003,2003,8,233,24.12,82.31,0.531668925
22-08-2003,2003,8,234,23.69,83.38,0.486774002
23-08-2003,2003,8,235,23.91,85.36,0.434491237
24-08-2003,2003,8,236,24.26,86.52,0.408552106
25-08-2003,2003,8,237,24,86.43,0.404917602
26-08-2003,2003,8,238,23.77,86.97,0.383469184
27-08-2003,2003,8,239,23.93,86.34,0.405893699
28-08-2003,2003,8,240,23.99,83.06,0.505172303
29-08-2003,2003,8,241,23.77,84.93,0.443505803
30-08-2003,2003,8,242,23.96,82.92,0.508430768
31-08-2003,2003,8,243,23.74,84.69,0.44975682
01-09-2003,2003,9,244,23.45,86.29,0.395782897
02-09-2003,2003,9,245,23.59,83.85,0.470170046
03-09-2003,2003,9,246,24.23,82.36,0.533673439
04-09-2003,2003,9,247,24.2,82.77,0.520333218
05-09-2003,2003,9,248,23.78,83.96,0.472336536
06-09-2003,2003,9,249,24.04,84.4,0.466609888
07-09-2003,2003,9,250,24.19,82.33,0.533301175
08-09-2003,2003,9,251,24.74,81.01,0.592307292
09-09-2003,2003,9,252,24.38,82.79,0.525362243
10-09-2003,2003,9,253,24.24,80.2,0.599380214
11-09-2003,2003,9,254,23.71,81.03,0.556270759
12-09-2003,2003,9,255,24.22,79.85,0.609244804
13-09-2003,2003,9,256,24.2,80.09,0.60126723
14-09-2003,2003,9,257,23.75,78.75,0.624629777
15-09-2003,2003,9,258,24.48,78.52,0.65964524
16-09-2003,2003,9,259,24.4,81.58,0.562972791
17-09-2003,2003,9,260,24.62,82.43,0.544104128
18-09-2003,2003,9,261,24.07,83.99,0.479736056
19-09-2003,2003,9,262,24.58,79.35,0.637958453
20-09-2003,2003,9,263,25.08,76.5,0.747982509
21-09-2003,2003,9,264,25.33,75.62,0.787615779
22-09-2003,2003,9,265,25.01,77.12,0.725219376
23-09-2003,2003,9,266,24.44,80.05,0.611195329
24-09-2003,2003,9,267,25.06,77.21,0.724520709
25-09-2003,2003,9,268,25.34,78.08,0.708564331
26-09-2003,2003,9,269,25.42,79.85,0.65445127
27-09-2003,2003,9,270,25.2,77.43,0.723529253
28-09-2003,2003,9,271,26.03,75.66,0.819626536
29-09-2003,2003,9,272,26.13,74.56,0.861743986
30-09-2003,2003,9,273,25.13,79.24,0.662740237
01-10-2003,2003,10,274,25.99,76.1,0.802909331
02-10-2003,2003,10,275,25.52,79.83,0.659000594
03-10-2003,2003,10,276,25.14,80.19,0.632788952
04-10-2003,2003,10,277,24.18,87.21,0.385785794
05-10-2003,2003,10,278,24.3,86.76,0.402240695
06-10-2003,2003,10,279,24.07,88.12,0.355981533
07-10-2003,2003,10,280,23.82,88.82,0.330014687
08-10-2003,2003,10,281,23.61,88.92,0.322957323
09-10-2003,2003,10,282,23.64,84.12,0.463703252
10-10-2003,2003,10,283,23.26,82.91,0.487735432
11-10-2003,2003,10,284,24.18,83.29,0.504025068
12-10-2003,2003,10,285,23.14,91.67,0.236015177
13-10-2003,2003,10,286,22.88,94.14,0.1634419
14-10-2003,2003,10,287,24.13,82.87,0.515147067
15-10-2003,2003,10,288,24.54,82.32,0.544899445
16-10-2003,2003,10,289,24.69,83.5,0.513109197
17-10-2003,2003,10,290,24.22,87.09,0.390339971
18-10-2003,2003,10,291,23.82,89.74,0.302857844
19-10-2003,2003,10,292,23.55,92.71,0.211720947
20-10-2003,2003,10,293,22.64,92.62,0.202864568
21-10-2003,2003,10,294,23.01,90.15,0.276897028
22-10-2003,2003,10,295,23.1,92.47,0.212833583
23-10-2003,2003,10,296,23.17,93.06,0.196988784
24-10-2003,2003,10,297,22.65,90.38,0.264599066
25-10-2003,2003,10,298,23.82,84.91,0.445431273
26-10-2003,2003,10,299,24.21,75.95,0.726727542
27-10-2003,2003,10,300,24.04,73.19,0.801910968
28-10-2003,2003,10,301,23.68,80.76,0.56317079
29-10-2003,2003,10,302,24.19,80.97,0.574347558
30-10-2003,2003,10,303,24.25,83.03,0.514019079
31-10-2003,2003,10,304,24.12,83.09,0.508226203
01-11-2003,2003,11,305,23.85,84.09,0.470483775
02-11-2003,2003,11,306,23.81,85,0.442508566
03-11-2003,2003,11,307,23.57,86.44,0.394293026
04-11-2003,2003,11,308,23.61,82.84,0.500175782
05-11-2003,2003,11,309,22.89,83.9,0.449318784
06-11-2003,2003,11,310,22.99,83.56,0.46159226
07-11-2003,2003,11,311,21.89,92.06,0.208524751
08-11-2003,2003,11,312,22.63,90.1,0.271970384
09-11-2003,2003,11,313,23.18,88.65,0.32235931
10-11-2003,2003,11,314,23.18,84.08,0.452155085
11-11-2003,2003,11,315,21.74,78.82,0.551171499
12-11-2003,2003,11,316,23.06,81.21,0.529812118
13-11-2003,2003,11,317,23.23,82.93,0.486283135
14-11-2003,2003,11,318,24.05,86.34,0.40882799
15-11-2003,2003,11,319,23.39,85.15,0.427144697
16-11-2003,2003,11,320,22.86,81.04,0.52817548
17-11-2003,2003,11,321,23.98,80.76,0.573416903
18-11-2003,2003,11,322,23.46,80.82,0.55402573
19-11-2003,2003,11,323,22.47,76.19,0.647781253
20-11-2003,2003,11,324,22.09,77.73,0.592041191
21-11-2003,2003,11,325,19.91,85.17,0.344839884
22-11-2003,2003,11,326,21.76,86.25,0.358256382
23-11-2003,2003,11,327,22.45,80.7,0.524443544
24-11-2003,2003,11,328,21.1,76.33,0.592299796
25-11-2003,2003,11,329,21.75,75,0.650977586
26-11-2003,2003,11,330,22.65,79.42,0.566054968
27-11-2003,2003,11,331,21.13,69,0.777149543
28-11-2003,2003,11,332,22.28,81.15,0.506950285
29-11-2003,2003,11,333,22.88,87.38,0.351985799
30-11-2003,2003,11,334,22.53,87.47,0.342138699
01-12-2003,2003,12,335,22.45,81.68,0.497813768
02-12-2003,2003,12,336,21.56,75.95,0.619010789
03-12-2003,2003,12,337,21.04,73.69,0.655940524
04-12-2003,2003,12,338,20.73,70.88,0.712291827
05-12-2003,2003,12,339,21.4,75.14,0.633624371
06-12-2003,2003,12,340,20.9,70.99,0.71706049
07-12-2003,2003,12,341,20.67,68.34,0.771566208
08-12-2003,2003,12,342,20.38,69.53,0.72940726
09-12-2003,2003,12,343,20.03,68.73,0.732539521
10-12-2003,2003,12,344,19.75,67.98,0.737208829
11-12-2003,2003,12,345,20.77,73.05,0.660837197
12-12-2003,2003,12,346,21.7,75.1,0.646396529
13-12-2003,2003,12,347,22.13,72.36,0.736593166
14-12-2003,2003,12,348,22.49,63.66,0.989877305
15-12-2003,2003,12,349,23.83,61,1.151906143
16-12-2003,2003,12,350,24.51,67.08,1.012779835
17-12-2003,2003,12,351,24.65,65.38,1.074027877
18-12-2003,2003,12,352,24.34,69.73,0.921829462
19-12-2003,2003,12,353,23.24,78.54,0.61171286
20-12-2003,2003,12,354,22.54,75.37,0.672944366
21-12-2003,2003,12,355,21.58,67.43,0.839328703
22-12-2003,2003,12,356,20.22,63.89,0.855920995
23-12-2003,2003,12,357,21.25,69.9,0.760161464
24-12-2003,2003,12,358,23.76,70.33,0.872654752
25-12-2003,2003,12,359,24.27,71.29,0.870664624
26-12-2003,2003,12,360,24.43,74.26,0.788108229
27-12-2003,2003,12,361,24.29,74.36,0.778495232
28-12-2003,2003,12,362,24.41,72.31,0.846799517
29-12-2003,2003,12,363,23.87,70.65,0.868969397
30-12-2003,2003,12,364,22.69,69.08,0.852523006
31-12-2003,2003,12,365,22.47,67.99,0.870872655
01-01-2004,2004,1,1,23.21,72.79,0.774211748
02-01-2004,2004,1,2,23.05,73.67,0.741964964
03-01-2004,2004,1,3,21.83,75.54,0.640034802
04-01-2004,2004,1,4,21.5,69.39,0.784968876
05-01-2004,2004,1,5,23.16,72.11,0.79116706
06-01-2004,2004,1,6,23.21,72.5,0.782463177
07-01-2004,2004,1,7,23.33,71.09,0.828561846
08-01-2004,2004,1,8,22.78,65.63,0.952829271
09-01-2004,2004,1,9,21.33,63.62,0.923275622
10-01-2004,2004,1,10,21.8,66.79,0.86740266
11-01-2004,2004,1,11,21.73,58.52,1.078783494
12-01-2004,2004,1,12,21.48,61.03,0.998132062
13-01-2004,2004,1,13,22.04,58.49,1.100174453
14-01-2004,2004,1,14,22.34,56.84,1.164983886
15-01-2004,2004,1,15,22.07,55.01,1.194589264
16-01-2004,2004,1,16,22.12,54.42,1.213946403
17-01-2004,2004,1,17,22.39,50.33,1.344783807
18-01-2004,2004,1,18,23.28,48.49,1.471831402
19-01-2004,2004,1,19,23.98,54.64,1.351881014
20-01-2004,2004,1,20,23.96,57.3,1.271076919
21-01-2004,2004,1,21,24.79,58.93,1.284820871
22-01-2004,2004,1,22,23.6,61.98,1.107531345
23-01-2004,2004,1,23,24.59,59.53,1.251022309
24-01-2004,2004,1,24,25.9,60.71,1.312922583
25-01-2004,2004,1,25,25.96,61.43,1.293444843
26-01-2004,2004,1,26,26.42,57.83,1.453096083
27-01-2004,2004,1,27,26.23,57.49,1.448491761
28-01-2004,2004,1,28,25.8,63.32,1.218473847
29-01-2004,2004,1,29,25.9,57.28,1.427540156
30-01-2004,2004,1,30,26.44,56.34,1.506212491
31-01-2004,2004,1,31,26.18,62.09,1.287944257
01-02-2004,2004,2,32,26.28,60.52,1.34922141
02-02-2004,2004,2,33,25.64,53.24,1.538668257
03-02-2004,2004,2,34,25.38,48.59,1.66578237
04-02-2004,2004,2,35,25.81,52.81,1.568534122
05-02-2004,2004,2,36,25.71,49.79,1.659060607
06-02-2004,2004,2,37,26.55,49.97,1.737186447
07-02-2004,2004,2,38,26.82,58.64,1.459123937
08-02-2004,2004,2,39,25.85,59.47,1.350357731
09-02-2004,2004,2,40,25.99,56.27,1.469088914
10-02-2004,2004,2,41,25.92,51.37,1.626953594
11-02-2004,2004,2,42,25.12,48.63,1.638955314
12-02-2004,2004,2,43,25.37,49.6,1.632086765
13-02-2004,2004,2,44,25.49,45.73,1.769973003
14-02-2004,2004,2,45,24.52,43.39,1.74264138
15-02-2004,2004,2,46,24.29,43.58,1.713053861
16-02-2004,2004,2,47,24.1,40.94,1.772907106
17-02-2004,2004,2,48,23.96,43.39,1.685144365
18-02-2004,2004,2,49,24.82,48.4,1.617129514
19-02-2004,2004,2,50,26.1,51.46,1.641313023
20-02-2004,2004,2,51,26.13,47.13,1.790896405
21-02-2004,2004,2,52,25.56,38.39,2.017723373
22-02-2004,2004,2,53,24.81,46.29,1.682252568
23-02-2004,2004,2,54,25.09,42.44,1.833170612
24-02-2004,2004,2,55,25.38,37.72,2.017991169
25-02-2004,2004,2,56,25.49,36.85,2.05958716
26-02-2004,2004,2,57,26.04,33.64,2.235931393
27-02-2004,2004,2,58,26.4,40.18,2.058852717
28-02-2004,2004,2,59,27.25,49.99,1.809345581
29-02-2004,2004,2,60,26.64,36.09,2.230924582
01-03-2004,2004,3,61,26.4,30.61,2.388227851
02-03-2004,2004,3,62,26.55,33.03,2.325392292
03-03-2004,2004,3,63,27.41,36.84,2.306605104
04-03-2004,2004,3,64,27.39,35.92,2.337467558
05-03-2004,2004,3,65,26.04,33.85,2.228855661
06-03-2004,2004,3,66,26.72,27.37,2.547272279
07-03-2004,2004,3,67,27.81,28.04,2.690090879
08-03-2004,2004,3,68,26.94,34.34,2.332774571
09-03-2004,2004,3,69,27.84,51.62,1.811762547
10-03-2004,2004,3,70,27.27,47.87,1.888256423
11-03-2004,2004,3,71,27.66,45.82,2.007770811
12-03-2004,2004,3,72,27.62,44.41,2.055216476
13-03-2004,2004,3,73,28.18,47.21,2.016434234
14-03-2004,2004,3,74,28.25,44.48,2.129360004
15-03-2004,2004,3,75,28.46,32.46,2.622145645
16-03-2004,2004,3,76,28.72,26.75,2.887014057
17-03-2004,2004,3,77,28.78,35.86,2.53675726
18-03-2004,2004,3,78,28.99,45.21,2.193442767
19-03-2004,2004,3,79,29.73,36.65,2.646633267
20-03-2004,2004,3,80,29.3,54.01,1.87439107
21-03-2004,2004,3,81,29.71,52.95,1.963394305
22-03-2004,2004,3,82,29.89,51.21,2.057165648
23-03-2004,2004,3,83,29.55,57.46,1.758930592
24-03-2004,2004,3,84,29.45,59.39,1.669490089
25-03-2004,2004,3,85,28.66,60.74,1.541992272
26-03-2004,2004,3,86,29.75,54.5,1.903082949
27-03-2004,2004,3,87,30.09,52.97,2.005837882
28-03-2004,2004,3,88,29.58,55.98,1.82327005
29-03-2004,2004,3,89,27.84,64.59,1.326054398
30-03-2004,2004,3,90,27.66,68.03,1.184725597
31-03-2004,2004,3,91,28.89,60.86,1.557883355
01-04-2004,2004,4,92,28.56,62.16,1.477630691
02-04-2004,2004,4,93,27.34,63.42,1.330443262
03-04-2004,2004,4,94,28.98,58.62,1.65563458
04-04-2004,2004,4,95,27.24,68.03,1.155987103
05-04-2004,2004,4,96,25.76,73.7,0.871593544
06-04-2004,2004,4,97,24.38,80.52,0.594657553
07-04-2004,2004,4,98,25.67,71.39,0.943106102
08-04-2004,2004,4,99,27.08,69.81,1.08143838
09-04-2004,2004,4,100,28.01,66.07,1.283277326
10-04-2004,2004,4,101,29.21,58.66,1.676149707
11-04-2004,2004,4,102,29.36,55.45,1.821992713
12-04-2004,2004,4,103,29.8,57.72,1.773490668
13-04-2004,2004,4,104,28.34,64.85,1.355176167
14-04-2004,2004,4,105,29.24,62.13,1.538116728
15-04-2004,2004,4,106,29.3,62.65,1.522254978
16-04-2004,2004,4,107,29.5,60.91,1.61163593
17-04-2004,2004,4,108,29.87,57.35,1.796217115
18-04-2004,2004,4,109,29.69,56.87,1.797744771
19-04-2004,2004,4,110,31.05,53.53,2.093657738
20-04-2004,2004,4,111,31.18,54.04,2.086049005
21-04-2004,2004,4,112,29.61,60.79,1.626849494
22-04-2004,2004,4,113,30.08,57.46,1.813298878
23-04-2004,2004,4,114,29.41,61.2,1.591409374
24-04-2004,2004,4,115,28.65,66.09,1.331091972
25-04-2004,2004,4,116,29.6,54.99,1.866421411
26-04-2004,2004,4,117,28.16,64.12,1.368925265
27-04-2004,2004,4,118,27.04,72.64,0.977768555
28-04-2004,2004,4,119,28.21,68.17,1.217941809
29-04-2004,2004,4,120,27.98,67.96,1.20968007
30-04-2004,2004,4,121,27.53,72.29,1.019094064
01-05-2004,2004,5,122,29.19,64.87,1.422719501
02-05-2004,2004,5,123,28.91,65.95,1.356855381
03-05-2004,2004,5,124,24.93,77.59,0.706944387
04-05-2004,2004,5,125,25.61,86.92,0.429641134
05-05-2004,2004,5,126,25.17,88.94,0.353919661
06-05-2004,2004,5,127,24.3,88.06,0.362745763
07-05-2004,2004,5,128,24.21,87.56,0.375903976
08-05-2004,2004,5,129,24.93,85.84,0.446690429
09-05-2004,2004,5,130,24.55,84.92,0.465045059
10-05-2004,2004,5,131,25.1,84.79,0.484696425
11-05-2004,2004,5,132,25.26,82.91,0.549814278
12-05-2004,2004,5,133,24.99,79.74,0.64140958
13-05-2004,2004,5,134,25.52,81.53,0.603457658
14-05-2004,2004,5,135,25.25,87.54,0.400621088
15-05-2004,2004,5,136,24.63,85.02,0.46417474
16-05-2004,2004,5,137,24.06,84.24,0.471961637
17-05-2004,2004,5,138,24.15,87.21,0.385092624
18-05-2004,2004,5,139,23.85,90.06,0.293941466
19-05-2004,2004,5,140,23.95,90.02,0.296902419
20-05-2004,2004,5,141,24.82,87.16,0.402401995
21-05-2004,2004,5,142,24.63,87.04,0.401582419
22-05-2004,2004,5,143,24.17,89.46,0.317728355
23-05-2004,2004,5,144,23.98,87.78,0.364197222
24-05-2004,2004,5,145,23.74,87.42,0.369558511
25-05-2004,2004,5,146,23.69,86.11,0.40681654
26-05-2004,2004,5,147,23.92,88.61,0.338239647
27-05-2004,2004,5,148,23.52,89.01,0.318602503
28-05-2004,2004,5,149,23.61,88.13,0.345984064
29-05-2004,2004,5,150,24.72,87.77,0.381004519
30-05-2004,2004,5,151,23.61,89.22,0.314212991
31-05-2004,2004,5,152,23.55,88.89,0.322663885
01-06-2004,2004,6,153,23.93,90.03,0.296248915
02-06-2004,2004,6,154,23.5,90.97,0.261466429
03-06-2004,2004,6,155,23.41,90.69,0.268115545
04-06-2004,2004,6,156,23.5,92.29,0.223245423
05-06-2004,2004,6,157,22.81,90.31,0.269121637
06-06-2004,2004,6,158,23.69,88.1,0.348532529
07-06-2004,2004,6,159,23.76,88.1,0.350003086
08-06-2004,2004,6,160,23.16,89.37,0.301545566
09-06-2004,2004,6,161,22.87,88.67,0.315815008
10-06-2004,2004,6,162,23.08,89.19,0.305172839
11-06-2004,2004,6,163,23.48,89.35,0.308002617
12-06-2004,2004,6,164,23.98,87.05,0.385953684
13-06-2004,2004,6,165,23.85,89.06,0.323513042
14-06-2004,2004,6,166,23.44,91.29,0.251290424
15-06-2004,2004,6,167,23.52,90.9,0.26381099
16-06-2004,2004,6,168,23.5,91.02,0.260018663
17-06-2004,2004,6,169,23.78,89.68,0.303897322
18-06-2004,2004,6,170,23.65,87.87,0.354414782
19-06-2004,2004,6,171,23.21,88.64,0.323228425
20-06-2004,2004,6,172,23.51,88.12,0.344196372
21-06-2004,2004,6,173,23.36,87.3,0.364641852
22-06-2004,2004,6,174,23.62,86.78,0.385565595
23-06-2004,2004,6,175,23.76,85.41,0.42912143
24-06-2004,2004,6,176,23.53,85.44,0.422351936
25-06-2004,2004,6,177,23.92,85.59,0.427922152
26-06-2004,2004,6,178,24.03,85.45,0.434942383
27-06-2004,2004,6,179,24,86.86,0.392086756
28-06-2004,2004,6,180,23.57,89.5,0.305315396
29-06-2004,2004,6,181,23.91,88.42,0.343675446
30-06-2004,2004,6,182,24.04,86.97,0.3897389
01-07-2004,2004,7,183,23.72,87.47,0.367647158
02-07-2004,2004,7,184,23.91,86.57,0.398580418
03-07-2004,2004,7,185,23.5,88.85,0.322851681
04-07-2004,2004,7,186,24.03,86.8,0.394586904
05-07-2004,2004,7,187,23.39,88.24,0.338264083
06-07-2004,2004,7,188,23.35,84.37,0.448497273
07-07-2004,2004,7,189,22.91,88.45,0.322727851
08-07-2004,2004,7,190,23.38,87.75,0.352145992
09-07-2004,2004,7,191,23.4,89.48,0.302779306
10-07-2004,2004,7,192,23.01,88.65,0.319064088
11-07-2004,2004,7,193,22.84,88.81,0.311346526
12-07-2004,2004,7,194,22.19,88.57,0.30571882
13-07-2004,2004,7,195,22.47,86.91,0.356130055
14-07-2004,2004,7,196,23.06,88.07,0.336384171
15-07-2004,2004,7,197,23.28,90.08,0.283451126
16-07-2004,2004,7,198,23.4,87.76,0.352283147
17-07-2004,2004,7,199,23.72,86.98,0.382024422
18-07-2004,2004,7,200,23.65,86.98,0.380418834
19-07-2004,2004,7,201,22.89,88.13,0.331267948
20-07-2004,2004,7,202,23.06,86.12,0.391367334
21-07-2004,2004,7,203,22.86,87.72,0.342088339
22-07-2004,2004,7,204,22.27,86.27,0.369028922
23-07-2004,2004,7,205,22.25,88.98,0.295830606
24-07-2004,2004,7,206,23.02,85.49,0.408142786
25-07-2004,2004,7,207,23.64,85.55,0.421946599
26-07-2004,2004,7,208,23.69,86.57,0.393343854
27-07-2004,2004,7,209,23.07,88.84,0.31486316
28-07-2004,2004,7,210,23.62,85.42,0.425230437
29-07-2004,2004,7,211,23.44,86.56,0.387754684
30-07-2004,2004,7,212,22.98,88.05,0.335321886
31-07-2004,2004,7,213,22.85,89.16,0.301790951
01-08-2004,2004,8,214,23.13,86.21,0.390478196
02-08-2004,2004,8,215,23.43,85.12,0.429041114
03-08-2004,2004,8,216,23.14,88.66,0.321297971
04-08-2004,2004,8,217,22.94,87.28,0.356065639
05-08-2004,2004,8,218,22.69,89.59,0.287023431
06-08-2004,2004,8,219,22.74,90.36,0.266599871
07-08-2004,2004,8,220,23.11,88.11,0.336271067
08-08-2004,2004,8,221,23.13,89.03,0.310626962
09-08-2004,2004,8,222,23.69,85.95,0.411502691
10-08-2004,2004,8,223,23.44,85.9,0.406796209
11-08-2004,2004,8,224,23.09,86.84,0.371739389
12-08-2004,2004,8,225,23.42,87.2,0.368845192
13-08-2004,2004,8,226,23.24,86.75,0.377688508
14-08-2004,2004,8,227,23.06,85.72,0.402645931
15-08-2004,2004,8,228,22.83,86.52,0.374835588
16-08-2004,2004,8,229,22.88,87.14,0.358679665
17-08-2004,2004,8,230,22.8,87.41,0.349451972
18-08-2004,2004,8,231,22.74,86.95,0.360905426
19-08-2004,2004,8,232,23.13,86.21,0.390478196
20-08-2004,2004,8,233,22.63,86.15,0.380483821
21-08-2004,2004,8,234,22.89,82.88,0.477784943
22-08-2004,2004,8,235,23.79,84.38,0.460245242
23-08-2004,2004,8,236,24,84.62,0.458926508
24-08-2004,2004,8,237,23.98,84.19,0.471191332
25-08-2004,2004,8,238,24.05,81.94,0.540514898
26-08-2004,2004,8,239,23.97,82.91,0.509033967
27-08-2004,2004,8,240,23.54,83.73,0.472239456
28-08-2004,2004,8,241,23.89,81.37,0.552244063
29-08-2004,2004,8,242,23.73,82.09,0.525819818
30-08-2004,2004,8,243,23.95,81.95,0.536982833
31-08-2004,2004,8,244,24.05,80.2,0.592591084
01-09-2004,2004,9,245,24.29,78.69,0.647025484
02-09-2004,2004,9,246,24.57,79.72,0.626153427
03-09-2004,2004,9,247,23.91,84.05,0.473369893
04-09-2004,2004,9,248,23.56,82.59,0.505937224
05-09-2004,2004,9,249,22.96,83.74,0.455710522
06-09-2004,2004,9,250,22.28,84.84,0.407711741
07-09-2004,2004,9,251,23.32,82.88,0.490363995
08-09-2004,2004,9,252,23.88,83.2,0.497698785
09-09-2004,2004,9,253,23.41,84.1,0.457898728
10-09-2004,2004,9,254,22.23,84.88,0.405401042
11-09-2004,2004,9,255,23.72,84.27,0.461539489
12-09-2004,2004,9,256,23.55,81.17,0.546873174
13-09-2004,2004,9,257,23.82,82.25,0.523949973
14-09-2004,2004,9,258,24.26,84.48,0.470380467
15-09-2004,2004,9,259,23.21,89.35,0.303026649
16-09-2004,2004,9,260,24.09,81.4,0.558013877
17-09-2004,2004,9,261,24.4,86.2,0.421771146
18-09-2004,2004,9,262,24.24,83.64,0.49524547
19-09-2004,2004,9,263,24.85,82.51,0.54911329
20-09-2004,2004,9,264,23.69,85.34,0.429368645
21-09-2004,2004,9,265,24.7,79.69,0.631967973
22-09-2004,2004,9,266,24.49,78.68,0.655123327
23-09-2004,2004,9,267,24.91,79.95,0.631742475
24-09-2004,2004,9,268,24.32,86.74,0.403331049
25-09-2004,2004,9,269,23.23,93.51,0.184884449
26-09-2004,2004,9,270,23.32,88.52,0.328818847
27-09-2004,2004,9,271,22.83,88.25,0.326729834
28-09-2004,2004,9,272,23.16,86.08,0.394874345
29-09-2004,2004,9,273,22.69,88.47,0.317903954
30-09-2004,2004,9,274,23.63,85.8,0.414396984
01-10-2004,2004,10,275,23.45,89.2,0.311776461
02-10-2004,2004,10,276,22.94,91.99,0.224220579
03-10-2004,2004,10,277,22.61,90.63,0.257098247
04-10-2004,2004,10,278,22.9,89.93,0.281203719
05-10-2004,2004,10,279,22.57,89.43,0.289321346
06-10-2004,2004,10,280,22.81,85.1,0.413819649
07-10-2004,2004,10,281,21.78,83.06,0.441911194
08-10-2004,2004,10,282,22.21,84.28,0.42097576
09-10-2004,2004,10,283,23.79,84.17,0.466432919
10-10-2004,2004,10,284,24.46,85.14,0.455801227
11-10-2004,2004,10,285,24.18,88.05,0.360448807
12-10-2004,2004,10,286,23.94,84.95,0.447464837
13-10-2004,2004,10,287,24.06,85.75,0.426741962
14-10-2004,2004,10,288,23.8,88.08,0.351435489
15-10-2004,2004,10,289,23.73,87.52,0.366400409
16-10-2004,2004,10,290,23.63,86.76,0.386381413
17-10-2004,2004,10,291,23.83,88.03,0.353546578
18-10-2004,2004,10,292,23.61,89.13,0.316836291
19-10-2004,2004,10,293,22.08,88.63,0.302083939
20-10-2004,2004,10,294,23.27,89.03,0.313264381
21-10-2004,2004,10,295,23.75,88.55,0.336565221
22-10-2004,2004,10,296,23.38,88.54,0.329436169
23-10-2004,2004,10,297,23.48,88.68,0.327379307
24-10-2004,2004,10,298,23.32,86.15,0.396702181
25-10-2004,2004,10,299,23.08,89.63,0.292751373
26-10-2004,2004,10,300,23,88.6,0.320275889
27-10-2004,2004,10,301,22.76,88.16,0.327839269
28-10-2004,2004,10,302,22.77,90.84,0.253786139
29-10-2004,2004,10,303,22.5,91.24,0.238761474
30-10-2004,2004,10,304,22.12,93.89,0.162729542
31-10-2004,2004,10,305,22.2,93.42,0.176102755
01-11-2004,2004,11,306,22.25,88.96,0.296367504
02-11-2004,2004,11,307,22.71,88.03,0.330435991
03-11-2004,2004,11,308,22.37,87.29,0.343697198
04-11-2004,2004,11,309,21.52,89.12,0.279350484
05-11-2004,2004,11,310,21.78,84.46,0.405389608
06-11-2004,2004,11,311,21.45,91.46,0.218332333
07-11-2004,2004,11,312,22.34,93.82,0.166811872
08-11-2004,2004,11,313,22.84,93.36,0.184748966
09-11-2004,2004,11,314,22.89,90.81,0.256474511
10-11-2004,2004,11,315,23.11,91.91,0.228800078
11-11-2004,2004,11,316,22.84,91.56,0.234831518
12-11-2004,2004,11,317,22.46,91.18,0.239813597
13-11-2004,2004,11,318,22.68,90.31,0.267009727
14-11-2004,2004,11,319,22.66,89.94,0.276869167
15-11-2004,2004,11,320,22.37,92.65,0.19875487
16-11-2004,2004,11,321,22.12,88.97,0.293765442
17-11-2004,2004,11,322,22.19,89.79,0.273087415
18-11-2004,2004,11,323,22.15,87.75,0.326854586
19-11-2004,2004,11,324,20.25,82.26,0.421274195
20-11-2004,2004,11,325,20.37,86.05,0.333736553
21-11-2004,2004,11,326,21.03,84.61,0.383456005
22-11-2004,2004,11,327,21.32,84.87,0.383743921
23-11-2004,2004,11,328,21.51,85.16,0.380792803
24-11-2004,2004,11,329,21.67,87.99,0.311205035
25-11-2004,2004,11,330,20.98,90.28,0.241440113
26-11-2004,2004,11,331,21.67,90.08,0.257048622
27-11-2004,2004,11,332,22.28,89.15,0.29179897
28-11-2004,2004,11,333,21.24,86.52,0.340222466
29-11-2004,2004,11,334,20.09,81.57,0.433352
30-11-2004,2004,11,335,18.92,79.67,0.444505319
01-12-2004,2004,12,336,19.55,82.2,0.404760135
02-12-2004,2004,12,337,21.1,85.91,0.352577276
03-12-2004,2004,12,338,21.74,87.62,0.322167288
04-12-2004,2004,12,339,21.02,85.16,0.369525245
05-12-2004,2004,12,340,20.43,82.22,0.426942477
06-12-2004,2004,12,341,18.9,78.9,0.460765309
07-12-2004,2004,12,342,18.57,81.33,0.399376044
08-12-2004,2004,12,343,20.6,86.82,0.319819595
09-12-2004,2004,12,344,21.79,86.27,0.358391155
10-12-2004,2004,12,345,20.09,80.72,0.453338392
11-12-2004,2004,12,346,19.34,83.87,0.362027874
12-12-2004,2004,12,347,20.15,84.39,0.36840873
13-12-2004,2004,12,348,21.6,83.15,0.434755734
14-12-2004,2004,12,349,22.16,85.88,0.37697937
15-12-2004,2004,12,350,21.31,79.94,0.508472414
16-12-2004,2004,12,351,19.61,80.12,0.453745606
17-12-2004,2004,12,352,19.25,78.13,0.488116565
18-12-2004,2004,12,353,18.93,77.31,0.496415326
19-12-2004,2004,12,354,19.75,74.62,0.584333544
20-12-2004,2004,12,355,20.76,69.93,0.736888688
21-12-2004,2004,12,356,20.09,73.75,0.617226804
22-12-2004,2004,12,357,20,71.81,0.65916149
23-12-2004,2004,12,358,20.05,73.19,0.62883616
24-12-2004,2004,12,359,20.89,78.38,0.534068267
25-12-2004,2004,12,360,21.81,77.32,0.592734263
26-12-2004,2004,12,361,20.01,73.03,0.631024945
27-12-2004,2004,12,362,21.04,75.94,0.599845268
28-12-2004,2004,12,363,21.44,77.24,0.581522599
29-12-2004,2004,12,364,20.07,80.34,0.461701873
30-12-2004,2004,12,365,20.51,77.85,0.534508023
31-12-2004,2004,12,366,22.74,80.35,0.543432309
01-01-2005,2005,1,1,23,75.48,0.688874105
02-01-2005,2005,1,2,22.36,76.68,0.63022412
03-01-2005,2005,1,3,22.76,77.42,0.625220497
04-01-2005,2005,1,4,23.08,71.61,0.801466873
05-01-2005,2005,1,5,21.62,69.3,0.793075994
06-01-2005,2005,1,6,20.81,69.34,0.753662056
07-01-2005,2005,1,7,20.99,73.22,0.665611056
08-01-2005,2005,1,8,21.61,70.65,0.757737947
09-01-2005,2005,1,9,21.37,68.16,0.810038945
10-01-2005,2005,1,10,21.59,65.56,0.88806145
11-01-2005,2005,1,11,21.96,56.2,1.155221487
12-01-2005,2005,1,12,22.15,55.71,1.18174609
13-01-2005,2005,1,13,21.67,64.29,0.925323213
14-01-2005,2005,1,14,21.04,67.03,0.821982481
15-01-2005,2005,1,15,21.05,66.2,0.843192985
16-01-2005,2005,1,16,21.43,66.52,0.854897253
17-01-2005,2005,1,17,22.95,67.36,0.914230897
18-01-2005,2005,1,18,24.15,66.44,1.01045414
19-01-2005,2005,1,19,24.6,70.7,0.90627283
20-01-2005,2005,1,20,24.12,66.01,1.021561717
21-01-2005,2005,1,21,23.98,68.26,0.945959069
22-01-2005,2005,1,22,24.12,72.04,0.840331439
23-01-2005,2005,1,23,24.8,69.31,0.960669189
24-01-2005,2005,1,24,24.86,66.69,1.04641933
25-01-2005,2005,1,25,24.5,65.7,1.054604624
26-01-2005,2005,1,26,24.49,64.09,1.103446467
27-01-2005,2005,1,27,24.25,70.33,0.898700417
28-01-2005,2005,1,28,22.67,76.24,0.654314291
29-01-2005,2005,1,29,23.27,70.95,0.829565202
30-01-2005,2005,1,30,22.95,79.21,0.582318026
31-01-2005,2005,1,31,23.6,83.08,0.492883492
01-02-2005,2005,2,32,24.5,74.96,0.769892122
02-02-2005,2005,2,33,24.51,72.96,0.831882344
03-02-2005,2005,2,34,24.96,71.68,0.894979392
04-02-2005,2005,2,35,25.05,71.04,0.920124204
05-02-2005,2005,2,36,25.21,69.87,0.966455702
06-02-2005,2005,2,37,24.92,66.65,1.051430075
07-02-2005,2005,2,38,23.16,56.58,1.231712934
08-02-2005,2005,2,39,23.17,62.64,1.060446827
09-02-2005,2005,2,40,23.33,60.11,1.143249119
10-02-2005,2005,2,41,23.02,60.94,1.098694502
11-02-2005,2005,2,42,22.91,57.7,1.181938362
12-02-2005,2005,2,43,22.94,54.97,1.260505953
13-02-2005,2005,2,44,22.71,46.93,1.465015711
14-02-2005,2005,2,45,23.77,41.93,1.70898354
15-02-2005,2005,2,46,26,37.59,2.097874597
16-02-2005,2005,2,47,26.67,43.74,1.967352423
17-02-2005,2005,2,48,26.75,53.65,1.628452011
18-02-2005,2005,2,49,26.98,49.95,1.782360049
19-02-2005,2005,2,50,26.48,44.26,1.927493001
20-02-2005,2005,2,51,26.17,39.97,2.038239619
21-02-2005,2005,2,52,26.6,49.48,1.759370565
22-02-2005,2005,2,53,27.16,56.58,1.562661614
23-02-2005,2005,2,54,27.53,58.23,1.536180406
24-02-2005,2005,2,55,27.96,56.2,1.651757438
25-02-2005,2005,2,56,27.32,45.5,1.979889043
26-02-2005,2005,2,57,26.9,40.54,2.107545828
27-02-2005,2005,2,58,25.61,39.43,1.989553784
28-02-2005,2005,2,59,25.23,35.67,2.065917066
01-03-2005,2005,3,60,26.05,44.62,1.867074672
02-03-2005,2005,3,61,26.9,43.38,2.006882691
03-03-2005,2005,3,62,27.11,44.48,1.992287176
04-03-2005,2005,3,63,28.23,48.25,1.982463317
05-03-2005,2005,3,64,28.18,57.97,1.605431537
06-03-2005,2005,3,65,27.98,56.78,1.631784413
07-03-2005,2005,3,66,27.96,50.23,1.876894239
08-03-2005,2005,3,67,27.33,54.52,1.653175533
09-03-2005,2005,3,68,26.67,56.41,1.524295985
10-03-2005,2005,3,69,26.28,61.84,1.304110663
11-03-2005,2005,3,70,26.2,64.38,1.21157391
12-03-2005,2005,3,71,27.52,60.77,1.441923682
13-03-2005,2005,3,72,26.99,66.66,1.187987224
14-03-2005,2005,3,73,25.82,70.7,0.974470514
15-03-2005,2005,3,74,26.27,67.19,1.120614192
16-03-2005,2005,3,75,25.72,59.49,1.339342215
17-03-2005,2005,3,76,25.09,54.36,1.453542508
18-03-2005,2005,3,77,24.95,50.08,1.576651053
19-03-2005,2005,3,78,26.08,49.35,1.710637502
20-03-2005,2005,3,79,26.91,56.69,1.536014367
21-03-2005,2005,3,80,27.27,60.47,1.431858362
22-03-2005,2005,3,81,27.95,61.06,1.467625167
23-03-2005,2005,3,82,28.15,62.42,1.432951542
24-03-2005,2005,3,83,28.87,56.22,1.740553868
25-03-2005,2005,3,84,28.72,51.59,1.907991133
26-03-2005,2005,3,85,27.68,56.77,1.603863391
27-03-2005,2005,3,86,29.44,54.24,1.880125035
28-03-2005,2005,3,87,29.93,54.85,1.908065494
29-03-2005,2005,3,88,29.01,59.79,1.611614
30-03-2005,2005,3,89,28.64,62.35,1.477044598
31-03-2005,2005,3,90,27.27,65.89,1.235534752
01-04-2005,2005,4,91,29.13,55.84,1.782239856
02-04-2005,2005,4,92,29.68,53.25,1.94751361
03-04-2005,2005,4,93,28.09,64.44,1.351203069
04-04-2005,2005,4,94,24.33,82.4,0.535661984
05-04-2005,2005,4,95,23.51,85.24,0.427637917
06-04-2005,2005,4,96,25.18,81.21,0.601637208
07-04-2005,2005,4,97,23.99,85.23,0.440460148
08-04-2005,2005,4,98,25.26,79.32,0.665310665
09-04-2005,2005,4,99,25.91,77.73,0.744619182
10-04-2005,2005,4,100,26.36,78.18,0.749220522
11-04-2005,2005,4,101,26.21,79.11,0.710969166
12-04-2005,2005,4,102,26.26,77.55,0.766319755
13-04-2005,2005,4,103,26.16,78.6,0.726179965
14-04-2005,2005,4,104,27.21,71.55,1.026903318
15-04-2005,2005,4,105,27.74,67.79,1.199204958
16-04-2005,2005,4,106,27.57,67.64,1.192892162
17-04-2005,2005,4,107,27.92,64.92,1.319835488
18-04-2005,2005,4,108,26.86,71.47,1.00886676
19-04-2005,2005,4,109,27.59,69.63,1.120843073
20-04-2005,2005,4,110,25.79,75.67,0.807740514
21-04-2005,2005,4,111,26.36,69.3,1.054127865
22-04-2005,2005,4,112,26.55,70.47,1.025367096
23-04-2005,2005,4,113,27.56,68.28,1.168616861
24-04-2005,2005,4,114,27.23,72.24,1.003172177
25-04-2005,2005,4,115,26.42,75.24,0.853181385
26-04-2005,2005,4,116,27.17,73.69,0.947437224
27-04-2005,2005,4,117,27.12,75.89,0.865673772
28-04-2005,2005,4,118,28.31,70.03,1.153454345
29-04-2005,2005,4,119,29.03,66.8,1.332192298
30-04-2005,2005,4,120,27.5,74.34,0.942047936
01-05-2005,2005,5,121,27.06,76.82,0.829359435
02-05-2005,2005,5,122,26.24,78.4,0.73643589
03-05-2005,2005,5,123,27.58,67.4,1.202441498
04-05-2005,2005,5,124,26.83,69.23,1.086161174
05-05-2005,2005,5,125,27.19,70.13,1.076895847
06-05-2005,2005,5,126,27.39,69.37,1.117300738
07-05-2005,2005,5,127,27.18,71.76,1.017533555
08-05-2005,2005,5,128,26.75,70.31,1.043122766
09-05-2005,2005,5,129,27.6,66.77,1.227111445
10-05-2005,2005,5,130,26.9,68.9,1.102332245
11-05-2005,2005,5,131,26.72,73.7,0.922391036
12-05-2005,2005,5,132,27.7,73.63,0.979488172
13-05-2005,2005,5,133,27.04,75.75,0.866626004
14-05-2005,2005,5,134,28.23,68.82,1.194458091
15-05-2005,2005,5,135,27.65,72.12,1.032557806
16-05-2005,2005,5,136,28.33,65.83,1.316628254
17-05-2005,2005,5,137,28.6,64.66,1.383210886
18-05-2005,2005,5,138,29.64,62.39,1.563159426
19-05-2005,2005,5,139,29.96,64.42,1.506222321
20-05-2005,2005,5,140,29.59,65.66,1.423151476
21-05-2005,2005,5,141,28.41,67.62,1.253465478
22-05-2005,2005,5,142,29.71,63.41,1.526898993
23-05-2005,2005,5,143,27.66,72.14,1.032419616
24-05-2005,2005,5,144,27.68,71.79,1.046610832
25-05-2005,2005,5,145,27.79,69.85,1.12578798
26-05-2005,2005,5,146,26.96,75.14,0.884265719
27-05-2005,2005,5,147,25.77,80.17,0.657564194
28-05-2005,2005,5,148,25.87,75.22,0.826585029
29-05-2005,2005,5,149,26.29,74.49,0.872313736
30-05-2005,2005,5,150,25.75,76.18,0.788937877
31-05-2005,2005,5,151,24.89,84.59,0.48496519
01-06-2005,2005,6,152,26.17,79.43,0.698427269
02-06-2005,2005,6,153,25.62,81.24,0.616578568
03-06-2005,2005,6,154,26.65,77.62,0.78168473
04-06-2005,2005,6,155,26.08,80.05,0.673785156
05-06-2005,2005,6,156,25.87,82.64,0.579076518
06-06-2005,2005,6,157,24.72,86.69,0.414650053
07-06-2005,2005,6,158,25.13,83.59,0.523871257
08-06-2005,2005,6,159,25.79,81.86,0.602236454
09-06-2005,2005,6,160,24.38,87.06,0.395013795
10-06-2005,2005,6,161,24.19,83.69,0.492254791
11-06-2005,2005,6,162,25.03,80.83,0.608348989
12-06-2005,2005,6,163,25.62,78.86,0.694801222
13-06-2005,2005,6,164,24.25,86.13,0.420120485
14-06-2005,2005,6,165,24.54,83.12,0.520243361
15-06-2005,2005,6,166,25.14,80.35,0.627678087
16-06-2005,2005,6,167,25.02,86.18,0.43830869
17-06-2005,2005,6,168,24.58,85.02,0.4627902
18-06-2005,2005,6,169,23.93,85.26,0.437984855
19-06-2005,2005,6,170,24.66,84.24,0.489219855
20-06-2005,2005,6,171,24.55,85.75,0.439449078
21-06-2005,2005,6,172,24.49,85.84,0.435110052
22-06-2005,2005,6,173,23.44,83.44,0.477769165
23-06-2005,2005,6,174,24.33,83.65,0.497617809
24-06-2005,2005,6,175,24.84,84.97,0.471598192
25-06-2005,2005,6,176,24.65,86.18,0.428742497
26-06-2005,2005,6,177,24.07,87.88,0.363173079
27-06-2005,2005,6,178,24.07,88.26,0.351786465
28-06-2005,2005,6,179,23.93,85.93,0.418076453
29-06-2005,2005,6,180,23.97,85.15,0.442314477
30-06-2005,2005,6,181,24.36,86.95,0.397895132
01-07-2005,2005,7,182,24.21,88.52,0.346895309
02-07-2005,2005,7,183,24.2,85.53,0.436983266
03-07-2005,2005,7,184,23.93,89.12,0.323288686
04-07-2005,2005,7,185,24.09,88.16,0.355208833
05-07-2005,2005,7,186,24.28,88.18,0.358670211
06-07-2005,2005,7,187,23.74,84.38,0.458863588
07-07-2005,2005,7,188,24.17,84.83,0.457299729
08-07-2005,2005,7,189,24.54,86.08,0.429015852
09-07-2005,2005,7,190,23.92,87.97,0.357245211
10-07-2005,2005,7,191,22.7,85.95,0.387620059
11-07-2005,2005,7,192,23.1,83.09,0.477956957
12-07-2005,2005,7,193,23.79,86.94,0.384814524
13-07-2005,2005,7,194,23.59,90.43,0.278608504
14-07-2005,2005,7,195,23.77,84.96,0.442622911
15-07-2005,2005,7,196,23.6,88.69,0.329462901
16-07-2005,2005,7,197,23.78,88.47,0.339528694
17-07-2005,2005,7,198,23.65,89.15,0.317015695
18-07-2005,2005,7,199,24.15,88.04,0.36010225
19-07-2005,2005,7,200,24.06,89.63,0.310548361
20-07-2005,2005,7,201,23.46,90.59,0.271813458
21-07-2005,2005,7,202,23.52,87.41,0.364986853
22-07-2005,2005,7,203,23.34,87.64,0.354451905
23-07-2005,2005,7,204,23.18,89.34,0.302762136
24-07-2005,2005,7,205,23.08,88.28,0.330862689
25-07-2005,2005,7,206,22.92,86.34,0.38191614
26-07-2005,2005,7,207,23.83,84.22,0.466078947
27-07-2005,2005,7,208,23.86,85.82,0.419576992
28-07-2005,2005,7,209,23.81,85.48,0.428348292
29-07-2005,2005,7,210,22.97,86.31,0.383914675
30-07-2005,2005,7,211,23.57,86.15,0.402725546
31-07-2005,2005,7,212,23.89,86.69,0.394544739
01-08-2005,2005,8,213,23.63,86.81,0.384922269
02-08-2005,2005,8,214,23.1,85.58,0.407577724
03-08-2005,2005,8,215,22.99,87.02,0.364444497
04-08-2005,2005,8,216,23.18,87.35,0.359281522
05-08-2005,2005,8,217,23.13,85.16,0.420210038
06-08-2005,2005,8,218,23.52,83.61,0.475149684
07-08-2005,2005,8,219,23.64,84.94,0.439758878
08-08-2005,2005,8,220,23.47,86.39,0.393369968
09-08-2005,2005,8,221,23.79,85.77,0.41928872
10-08-2005,2005,8,222,23.53,88.25,0.340840333
11-08-2005,2005,8,223,23.85,87.02,0.383839057
12-08-2005,2005,8,224,23.84,85.43,0.430599024
13-08-2005,2005,8,225,23.97,85.02,0.44618659
14-08-2005,2005,8,226,23.99,84.16,0.472368907
15-08-2005,2005,8,227,24.01,84.66,0.458007754
16-08-2005,2005,8,228,23.3,84.36,0.447432425
17-08-2005,2005,8,229,23.78,82.43,0.517391081
18-08-2005,2005,8,230,23.36,82.52,0.501885006
19-08-2005,2005,8,231,23.68,85.18,0.433793717
20-08-2005,2005,8,232,23.89,82.8,0.509854959
21-08-2005,2005,8,233,24.41,81.5,0.565756268
22-08-2005,2005,8,234,24.23,83.05,0.512798458
23-08-2005,2005,8,235,24.04,84.76,0.455841968
24-08-2005,2005,8,236,23.82,85.04,0.441593893
25-08-2005,2005,8,237,24.18,82.16,0.538109348
26-08-2005,2005,8,238,24.04,83.69,0.48784662
27-08-2005,2005,8,239,23.77,87.84,0.357865332
28-08-2005,2005,8,240,24.73,85.11,0.464149193
29-08-2005,2005,8,241,24.64,85.79,0.440578376
30-08-2005,2005,8,242,25.59,79.16,0.683723971
31-08-2005,2005,8,243,24.65,83.19,0.521502271
01-09-2005,2005,9,244,24.56,86.16,0.427060449
02-09-2005,2005,9,245,23.82,91.32,0.256218916
03-09-2005,2005,9,246,24.05,90.88,0.272951045
04-09-2005,2005,9,247,24.14,90.29,0.29218203
05-09-2005,2005,9,248,23.32,89.63,0.297025387
06-09-2005,2005,9,249,23.42,90.16,0.283549741
07-09-2005,2005,9,250,22.89,90.37,0.26875403
08-09-2005,2005,9,251,23.87,87.91,0.357950256
09-09-2005,2005,9,252,23.93,86.54,0.399950892
10-09-2005,2005,9,253,23.25,88.01,0.341978861
11-09-2005,2005,9,254,22.97,89.03,0.307636522
12-09-2005,2005,9,255,23.17,89.58,0.295767022
13-09-2005,2005,9,256,23.53,88.27,0.340260179
14-09-2005,2005,9,257,23.77,87.46,0.369048624
15-09-2005,2005,9,258,23.48,87.5,0.361505419
16-09-2005,2005,9,259,23.65,87.86,0.354706962
17-09-2005,2005,9,260,24.18,83.89,0.48592722
18-09-2005,2005,9,261,24.09,83.04,0.508812653
19-09-2005,2005,9,262,23.47,83.5,0.476899667
20-09-2005,2005,9,263,23.38,86.92,0.37600568
21-09-2005,2005,9,264,24.03,85.26,0.440622043
22-09-2005,2005,9,265,23.98,84.16,0.472085433
23-09-2005,2005,9,266,23.9,83.01,0.503932609
24-09-2005,2005,9,267,24.14,82.57,0.524483293
25-09-2005,2005,9,268,24.11,82.17,0.535555328
26-09-2005,2005,9,269,24.41,79.48,0.627530736
27-09-2005,2005,9,270,24.31,81.95,0.54870042
28-09-2005,2005,9,271,24.23,83.08,0.51189085
29-09-2005,2005,9,272,24.15,82.2,0.535938132
30-09-2005,2005,9,273,23.29,84.27,0.449735678
01-10-2005,2005,10,274,23.48,81.57,0.533003589
02-10-2005,2005,10,275,24.18,83.86,0.486832112
03-10-2005,2005,10,276,24.57,82.53,0.539393509
04-10-2005,2005,10,277,24.75,82.61,0.542726327
05-10-2005,2005,10,278,25.12,82.88,0.546212088
06-10-2005,2005,10,279,25.81,78.35,0.719617795
07-10-2005,2005,10,280,25.32,83.01,0.548549769
08-10-2005,2005,10,281,23.75,90.39,0.282479631
09-10-2005,2005,10,282,23.15,89.1,0.309018026
10-10-2005,2005,10,283,24.13,85.94,0.42282357
11-10-2005,2005,10,284,23.84,85.88,0.417299809
12-10-2005,2005,10,285,22.72,93.7,0.174019133
13-10-2005,2005,10,286,22.96,92.86,0.200109048
14-10-2005,2005,10,287,23.17,90.09,0.281290901
15-10-2005,2005,10,288,23.59,89.08,0.317910644
16-10-2005,2005,10,289,23.52,86.04,0.404703453
17-10-2005,2005,10,290,23.56,88.82,0.324892485
18-10-2005,2005,10,291,23.24,89.41,0.301865759
19-10-2005,2005,10,292,23,89.46,0.296114725
20-10-2005,2005,10,293,23.34,88.9,0.318318458
21-10-2005,2005,10,294,23.66,89.48,0.307558779
22-10-2005,2005,10,295,22.82,90.77,0.256501314
23-10-2005,2005,10,296,23.04,92.47,0.212063012
24-10-2005,2005,10,297,22.78,92.03,0.220949936
25-10-2005,2005,10,298,22.88,90.72,0.258829494
26-10-2005,2005,10,299,22.52,88.9,0.302907807
27-10-2005,2005,10,300,22.69,91.35,0.238496895
28-10-2005,2005,10,301,23.42,89.62,0.299110398
29-10-2005,2005,10,302,23.78,89.77,0.301247055
30-10-2005,2005,10,303,23.47,91.26,0.252612308
31-10-2005,2005,10,304,23.17,91.57,0.239281765
01-11-2005,2005,11,305,23.41,90.04,0.286834675
02-11-2005,2005,11,306,22.64,95.14,0.13359374
03-11-2005,2005,11,307,22.87,87.76,0.341180556
04-11-2005,2005,11,308,22.77,89.26,0.297561477
05-11-2005,2005,11,309,21.75,92.35,0.199199141
06-11-2005,2005,11,310,22.31,90.07,0.26754423
07-11-2005,2005,11,311,22.71,89.71,0.28405901
08-11-2005,2005,11,312,22.85,90.43,0.266433524
09-11-2005,2005,11,313,22.35,89.48,0.284130744
10-11-2005,2005,11,314,22.73,91.1,0.245985604
11-11-2005,2005,11,315,23.01,91.44,0.240633356
12-11-2005,2005,11,316,22.6,92.77,0.198259654
13-11-2005,2005,11,317,21.3,93.2,0.172257939
14-11-2005,2005,11,318,21.37,85.26,0.374999185
15-11-2005,2005,11,319,21.81,84.3,0.410314282
16-11-2005,2005,11,320,20.04,83.59,0.3846631
17-11-2005,2005,11,321,18.69,77.98,0.474586878
18-11-2005,2005,11,322,18.47,77.7,0.474048693
19-11-2005,2005,11,323,19.61,84.21,0.360394523
20-11-2005,2005,11,324,21.13,83.3,0.41865798
21-11-2005,2005,11,325,21.22,89.07,0.275524791
22-11-2005,2005,11,326,21.93,94.5,0.144796936
23-11-2005,2005,11,327,22.05,94.63,0.142412374
24-11-2005,2005,11,328,20.05,94.24,0.135102435
25-11-2005,2005,11,329,21.6,90.54,0.244082448
26-11-2005,2005,11,330,22.03,90.17,0.260374053
27-11-2005,2005,11,331,22.37,90.27,0.26311359
28-11-2005,2005,11,332,21.48,87.8,0.31247655
29-11-2005,2005,11,333,19.61,82.36,0.402619341
30-11-2005,2005,11,334,21.15,79.46,0.515556527
01-12-2005,2005,12,335,22.8,87.18,0.355835924
02-12-2005,2005,12,336,22.64,87.15,0.353226246
03-12-2005,2005,12,337,22.94,89.38,0.297281217
04-12-2005,2005,12,338,23.05,90.41,0.270240942
05-12-2005,2005,12,339,22,89.98,0.264921905
06-12-2005,2005,12,340,21.22,86.96,0.328713931
07-12-2005,2005,12,341,21.28,87.36,0.319804873
08-12-2005,2005,12,342,21.23,75.32,0.622518086
09-12-2005,2005,12,343,21.57,73.85,0.673473374
10-12-2005,2005,12,344,22.15,86.31,0.365276676
11-12-2005,2005,12,345,22.12,90.49,0.253282806
12-12-2005,2005,12,346,21.91,91.3,0.228763214
13-12-2005,2005,12,347,21.61,93.97,0.155678358
14-12-2005,2005,12,348,21.47,89.38,0.27184186
15-12-2005,2005,12,349,20.9,88.5,0.284253555
16-12-2005,2005,12,350,19.36,82.98,0.38247901
17-12-2005,2005,12,351,20.46,86.25,0.330783658
18-12-2005,2005,12,352,22.34,88.51,0.31014052
19-12-2005,2005,12,353,23.64,80.37,0.573204965
20-12-2005,2005,12,354,23.84,79.86,0.59521375
21-12-2005,2005,12,355,23.55,82.84,0.498371942
22-12-2005,2005,12,356,22.86,85.12,0.414517466
23-12-2005,2005,12,357,22.08,85.14,0.394808033
24-12-2005,2005,12,358,21.78,85.99,0.365476731
25-12-2005,2005,12,359,21.25,88.37,0.293710227
26-12-2005,2005,12,360,20.26,86.92,0.310804497
27-12-2005,2005,12,361,18.74,83.17,0.363864979
28-12-2005,2005,12,362,19.02,85.22,0.325180188
29-12-2005,2005,12,363,19.99,85.56,0.337438859
30-12-2005,2005,12,364,18.6,81.68,0.392625614
31-12-2005,2005,12,365,18.89,85.24,0.322116158
01-01-2006,2006,1,1,18.9,83.12,0.368612247
02-01-2006,2006,1,2,18.73,84.82,0.327986833
03-01-2006,2006,1,3,19.2,84.8,0.33819409
04-01-2006,2006,1,4,20.2,85.86,0.33474862
05-01-2006,2006,1,5,21.61,87.99,0.310065852
06-01-2006,2006,1,6,21.43,84.45,0.397062494
07-01-2006,2006,1,7,21.99,85.89,0.372831367
08-01-2006,2006,1,8,22.21,89.66,0.276901358
09-01-2006,2006,1,9,22.75,87.91,0.334558753
10-01-2006,2006,1,10,22.22,86.18,0.370319739
11-01-2006,2006,1,11,20.3,80.65,0.460928482
12-01-2006,2006,1,12,21.29,84.36,0.395950529
13-01-2006,2006,1,13,21.58,79.2,0.536015874
14-01-2006,2006,1,14,21.45,86.35,0.348973811
15-01-2006,2006,1,15,22.61,86.71,0.364656959
16-01-2006,2006,1,16,23.17,84.06,0.452449744
17-01-2006,2006,1,17,23.06,81.61,0.51853352
18-01-2006,2006,1,18,21.96,73.83,0.690231651
19-01-2006,2006,1,19,19.64,68.12,0.728992807
20-01-2006,2006,1,20,19.85,63.43,0.847201567
21-01-2006,2006,1,21,20.19,67.79,0.762064407
22-01-2006,2006,1,22,20.9,62.23,0.933587546
23-01-2006,2006,1,23,21.43,58.99,1.047172531
24-01-2006,2006,1,24,22.13,60.32,1.057453575
25-01-2006,2006,1,25,21.14,69.65,0.761321478
26-01-2006,2006,1,26,20.03,67.62,0.758542683
27-01-2006,2006,1,27,20.76,78.74,0.520992801
28-01-2006,2006,1,28,21.43,76.61,0.597253487
29-01-2006,2006,1,29,20.2,68.89,0.736494313
30-01-2006,2006,1,30,19.02,68.29,0.697663312
31-01-2006,2006,1,31,19.58,72.95,0.616246201
01-02-2006,2006,2,32,20.19,73.81,0.619635728
02-02-2006,2006,2,33,20.74,74.28,0.629513236
03-02-2006,2006,2,34,21.67,76.35,0.612822571
04-02-2006,2006,2,35,23.07,77.68,0.629726321
05-02-2006,2006,2,36,23.38,71.27,0.825890151
06-02-2006,2006,2,37,21.12,62.06,0.950547281
07-02-2006,2006,2,38,20.07,59.52,0.950645566
08-02-2006,2006,2,39,20.14,61.18,0.915617329
09-02-2006,2006,2,40,21.09,68.25,0.793999974
10-02-2006,2006,2,41,21.46,63.89,0.923747975
11-02-2006,2006,2,42,21.03,61.1,0.969229279
12-02-2006,2006,2,43,21.75,65.18,0.906681582
13-02-2006,2006,2,44,20.61,64,0.874097222
14-02-2006,2006,2,45,21.27,52.24,1.207636207
15-02-2006,2006,2,46,22.42,51.19,1.323910943
16-02-2006,2006,2,47,23.69,54.5,1.332624374
17-02-2006,2006,2,48,24.29,52.29,1.448596237
18-02-2006,2006,2,49,23.78,54.78,1.331612104
19-02-2006,2006,2,50,23.68,55.85,1.292307192
20-02-2006,2006,2,51,23.74,51.94,1.411842768
21-02-2006,2006,2,52,23.63,52.02,1.400194879
22-02-2006,2006,2,53,22.78,49.91,1.388630149
23-02-2006,2006,2,54,22.75,47,1.46663473
24-02-2006,2006,2,55,23.53,44.77,1.602094603
25-02-2006,2006,2,56,25.51,54.16,1.496810568
26-02-2006,2006,2,57,25.6,49.32,1.663708429
27-02-2006,2006,2,58,26.74,52.16,1.67981369
28-02-2006,2006,2,59,27.34,57.05,1.562125153
01-03-2006,2006,3,60,27.69,56.62,1.610368103
02-03-2006,2006,3,61,27.67,57.5,1.5758598
03-03-2006,2006,3,62,26.38,72.36,0.950178003
04-03-2006,2006,3,63,25.21,77.6,0.718506728
05-03-2006,2006,3,64,26.16,70.08,1.015294606
06-03-2006,2006,3,65,25.85,74.62,0.84559781
07-03-2006,2006,3,66,24.93,74.06,0.818301535
08-03-2006,2006,3,67,25.67,66.63,1.100015751
09-03-2006,2006,3,68,25.24,76.48,0.755779095
10-03-2006,2006,3,69,25.73,74.99,0.827370955
11-03-2006,2006,3,70,26.53,69.94,1.042541976
12-03-2006,2006,3,71,26.28,66.38,1.148957036
13-03-2006,2006,3,72,25.64,59.24,1.341234349
14-03-2006,2006,3,73,25.88,64.39,1.188543766
15-03-2006,2006,3,74,26.3,64.71,1.207452526
16-03-2006,2006,3,75,26.36,62.56,1.285555286
17-03-2006,2006,3,76,26.54,63.79,1.256576074
18-03-2006,2006,3,77,26.79,64.06,1.26568091
19-03-2006,2006,3,78,26.82,60.57,1.39103619
20-03-2006,2006,3,79,26.9,61.76,1.355407879
21-03-2006,2006,3,80,27.42,58.64,1.511352079
22-03-2006,2006,3,81,27.74,59.01,1.526091624
23-03-2006,2006,3,82,28.39,61.85,1.475114913
24-03-2006,2006,3,83,28.21,62.54,1.433367898
25-03-2006,2006,3,84,28.23,61.88,1.460318872
26-03-2006,2006,3,85,28.43,62.12,1.468079752
27-03-2006,2006,3,86,28.68,59.58,1.589393415
28-03-2006,2006,3,87,28.22,53.39,1.784520189
29-03-2006,2006,3,88,28.26,51.11,1.876169443
30-03-2006,2006,3,89,28.61,57.69,1.656977459
31-03-2006,2006,3,90,28.68,55.03,1.768308309
01-04-2006,2006,4,91,28.94,50.5,1.975945655
02-04-2006,2006,4,92,29.11,54.5,1.834201244
03-04-2006,2006,4,93,29.33,55.81,1.804147115
04-04-2006,2006,4,94,29.64,55.04,1.868642589
05-04-2006,2006,4,95,29.94,51.87,2.035169603
06-04-2006,2006,4,96,29.42,58.25,1.7133925
07-04-2006,2006,4,97,29.66,57.98,1.748459185
08-04-2006,2006,4,98,29.91,56.33,1.843402676
09-04-2006,2006,4,99,30.32,53.27,2.019468999
10-04-2006,2006,4,100,30.06,52.83,2.008352037
11-04-2006,2006,4,101,29.72,56,1.837173657
12-04-2006,2006,4,102,29.59,58.77,1.708693517
13-04-2006,2006,4,103,28.5,64.45,1.383385423
14-04-2006,2006,4,104,29.05,62.28,1.515312898
15-04-2006,2006,4,105,27.22,68.92,1.122490493
16-04-2006,2006,4,106,25.77,75.47,0.813416525
17-04-2006,2006,4,107,25.45,78.05,0.714184282
18-04-2006,2006,4,108,26.68,71.75,0.98845364
19-04-2006,2006,4,109,26.85,71.5,1.007214184
20-04-2006,2006,4,110,27.93,66.08,1.276935835
21-04-2006,2006,4,111,28.47,58.79,1.600848953
22-04-2006,2006,4,112,28.95,55.49,1.777781862
23-04-2006,2006,4,113,29.46,53.91,1.895866202
24-04-2006,2006,4,114,29.89,52.91,1.985487402
25-04-2006,2006,4,115,29.48,58.31,1.71685278
26-04-2006,2006,4,116,29.41,59.95,1.642679006
27-04-2006,2006,4,117,29.77,58.61,1.733168738
28-04-2006,2006,4,118,29.02,62.15,1.517902198
29-04-2006,2006,4,119,28.56,61.06,1.520585071
30-04-2006,2006,4,120,29.72,57.08,1.792079394
01-05-2006,2006,5,121,29.78,57.64,1.774806021
02-05-2006,2006,5,122,29.95,58.41,1.759636129
03-05-2006,2006,5,123,28.12,62.95,1.41027919
04-05-2006,2006,5,124,28.83,61.99,1.507663932
05-05-2006,2006,5,125,26.84,75.54,0.863929568
06-05-2006,2006,5,126,27.56,70.29,1.094565162
07-05-2006,2006,5,127,28.05,67.4,1.235849307
08-05-2006,2006,5,128,28.77,65.39,1.368044282
09-05-2006,2006,5,129,29.5,59.88,1.65410165
10-05-2006,2006,5,130,28.66,65.42,1.358178624
11-05-2006,2006,5,131,28.44,65.77,1.327390245
12-05-2006,2006,5,132,27.46,70.75,1.071338613
13-05-2006,2006,5,133,27.06,71.37,1.024355505
14-05-2006,2006,5,134,28.23,65.16,1.334667091
15-05-2006,2006,5,135,27.21,72.52,0.991891149
16-05-2006,2006,5,136,26.24,80.4,0.668247382
17-05-2006,2006,5,137,27.1,69.59,1.090597043
18-05-2006,2006,5,138,25.62,80.42,0.64352923
19-05-2006,2006,5,139,25.43,79.93,0.65224009
20-05-2006,2006,5,140,25.93,72.3,0.927272839
21-05-2006,2006,5,141,25.82,79.06,0.696430463
22-05-2006,2006,5,142,25.55,80.22,0.647409556
23-05-2006,2006,5,143,25.28,82.57,0.561419706
24-05-2006,2006,5,144,25.56,78.64,0.699538569
25-05-2006,2006,5,145,25.14,82.51,0.558681412
26-05-2006,2006,5,146,24.3,82.97,0.517383613
27-05-2006,2006,5,147,23.98,86.54,0.401153405
28-05-2006,2006,5,148,24.18,88.39,0.35019336
29-05-2006,2006,5,149,24.07,87.2,0.383549127
30-05-2006,2006,5,150,24.79,84.52,0.484271417
31-05-2006,2006,5,151,23.88,84.71,0.452965144
01-06-2006,2006,6,152,24.21,85.78,0.42969088
02-06-2006,2006,6,153,24.32,84.44,0.473290432
03-06-2006,2006,6,154,24.19,86.69,0.401711298
04-06-2006,2006,6,155,24.07,82.55,0.522885333
05-06-2006,2006,6,156,23.6,82.92,0.497544328
06-06-2006,2006,6,157,23.6,86.26,0.40024936
07-06-2006,2006,6,158,23.06,85.72,0.402645931
08-06-2006,2006,6,159,24.56,80.96,0.587516687
09-06-2006,2006,6,160,24.29,81.94,0.548347266
10-06-2006,2006,6,161,24.27,81.03,0.575287632
11-06-2006,2006,6,162,24.43,80.07,0.610217444
12-06-2006,2006,6,163,24.61,78.49,0.66571941
13-06-2006,2006,6,164,24.97,78.91,0.666891411
14-06-2006,2006,6,165,25.21,80.15,0.636712435
15-06-2006,2006,6,166,25.52,81.95,0.589735286
16-06-2006,2006,6,167,24.37,84.39,0.47623462
17-06-2006,2006,6,168,24.13,81.16,0.566571555
18-06-2006,2006,6,169,25.24,82.7,0.555908943
19-06-2006,2006,6,170,24.11,87.12,0.386873395
20-06-2006,2006,6,171,24.41,81.54,0.564533011
21-06-2006,2006,6,172,23.76,88.86,0.327649947
22-06-2006,2006,6,173,24.55,86.2,0.425571739
23-06-2006,2006,6,174,23.89,90.03,0.29553802
24-06-2006,2006,6,175,24.47,86.5,0.414333641
25-06-2006,2006,6,176,23.9,85.63,0.426221989
26-06-2006,2006,6,177,24.08,87.21,0.38347945
27-06-2006,2006,6,178,24.35,88.05,0.364138043
28-06-2006,2006,6,179,23.74,87.37,0.371027344
29-06-2006,2006,6,180,24.01,86.82,0.39351644
30-06-2006,2006,6,181,23.83,87.51,0.368905326
01-07-2006,2006,7,182,23.69,88.52,0.336231381
02-07-2006,2006,7,183,23.65,87.69,0.359674029
03-07-2006,2006,7,184,23.76,87.38,0.371179743
04-07-2006,2006,7,185,23.87,86.73,0.392886674
05-07-2006,2006,7,186,23.8,87.41,0.371188994
06-07-2006,2006,7,187,23.86,85.55,0.427566116
07-07-2006,2006,7,188,23.72,86.82,0.386719038
08-07-2006,2006,7,189,24.34,86.08,0.423913647
09-07-2006,2006,7,190,24.14,85.9,0.424280805
10-07-2006,2006,7,191,23.78,86.86,0.386939032
11-07-2006,2006,7,192,23.77,87.4,0.370814407
12-07-2006,2006,7,193,23.16,89.25,0.304949656
13-07-2006,2006,7,194,22.76,89.25,0.29765812
14-07-2006,2006,7,195,23.48,88.36,0.336633846
15-07-2006,2006,7,196,23.66,88.76,0.32860843
16-07-2006,2006,7,197,23.82,86.71,0.392298318
17-07-2006,2006,7,198,23.43,87.1,0.371950966
18-07-2006,2006,7,199,23.25,87.31,0.361944266
19-07-2006,2006,7,200,23.61,87.17,0.373965926
20-07-2006,2006,7,201,23.42,87.24,0.367692551
21-07-2006,2006,7,202,23.54,86.36,0.395903269
22-07-2006,2006,7,203,22.89,87.5,0.348849987
23-07-2006,2006,7,204,23.44,85.84,0.408527257
24-07-2006,2006,7,205,24.13,83.12,0.507628867
25-07-2006,2006,7,206,24.04,85.18,0.443279394
26-07-2006,2006,7,207,23.23,90.49,0.270916966
27-07-2006,2006,7,208,22.51,84.77,0.415359101
28-07-2006,2006,7,209,22.01,86.17,0.365878616
29-07-2006,2006,7,210,23.15,87.4,0.357213498
30-07-2006,2006,7,211,23.69,86.21,0.403887695
31-07-2006,2006,7,212,22.96,89.02,0.307730721
01-08-2006,2006,8,213,23.77,85.27,0.433499699
02-08-2006,2006,8,214,23.75,83.76,0.477364121
03-08-2006,2006,8,215,23.35,86.14,0.397707754
04-08-2006,2006,8,216,23.15,87.26,0.361182537
05-08-2006,2006,8,217,23.15,85.67,0.406259478
06-08-2006,2006,8,218,23.71,83.24,0.491465362
07-08-2006,2006,8,219,24.11,82.84,0.515430703
08-08-2006,2006,8,220,23.95,82.65,0.516158014
09-08-2006,2006,8,221,23.34,86.16,0.396894366
10-08-2006,2006,8,222,22.83,88.89,0.308933486
11-08-2006,2006,8,223,23.78,86.75,0.390178248
12-08-2006,2006,8,224,23.38,87.77,0.35157106
13-08-2006,2006,8,225,23.22,87.77,0.348192906
14-08-2006,2006,8,226,23.22,87.68,0.350755241
15-08-2006,2006,8,227,23.99,86.48,0.403183562
16-08-2006,2006,8,228,23.26,88.76,0.32078094
17-08-2006,2006,8,229,23.5,86.16,0.400741459
18-08-2006,2006,8,230,23.46,86.35,0.394288384
19-08-2006,2006,8,231,23.69,85.75,0.417360381
20-08-2006,2006,8,232,23.9,86.05,0.413764561
21-08-2006,2006,8,233,23.57,87.87,0.352711976
22-08-2006,2006,8,234,24.21,84.15,0.478945179
23-08-2006,2006,8,235,23.73,84.13,0.465927444
24-08-2006,2006,8,236,23.99,82.98,0.507558004
25-08-2006,2006,8,237,24.01,84.7,0.45681347
26-08-2006,2006,8,238,23.27,85.59,0.411498608
27-08-2006,2006,8,239,22.37,85.35,0.396157667
28-08-2006,2006,8,240,23.25,84.97,0.428685762
29-08-2006,2006,8,241,23.67,84.11,0.464833723
30-08-2006,2006,8,242,23.94,84.26,0.467979836
31-08-2006,2006,8,243,24.47,82.71,0.530653975
01-09-2006,2006,9,244,24.3,83.71,0.494901882
02-09-2006,2006,9,245,24.57,83.06,0.523029539
03-09-2006,2006,9,246,24.56,86.68,0.411014825
04-09-2006,2006,9,247,23.15,91.79,0.232755779
05-09-2006,2006,9,248,23.91,84.78,0.451704688
06-09-2006,2006,9,249,24.73,82.45,0.547066376
07-09-2006,2006,9,250,24.45,86.58,0.411385925
08-09-2006,2006,9,251,24.87,84.22,0.496017587
09-09-2006,2006,9,252,24.85,83.04,0.532473494
10-09-2006,2006,9,253,23.19,89.49,0.298682226
11-09-2006,2006,9,254,22.97,91.91,0.226871419
12-09-2006,2006,9,255,23.56,88.2,0.342909779
13-09-2006,2006,9,256,23.16,89.39,0.300978218
14-09-2006,2006,9,257,22.51,89.38,0.289633201
15-09-2006,2006,9,258,22.73,90.65,0.258423079
16-09-2006,2006,9,259,22.96,89.57,0.292316159
17-09-2006,2006,9,260,22.91,91.32,0.24253487
18-09-2006,2006,9,261,23.39,88.55,0.329347258
19-09-2006,2006,9,262,23.54,87.69,0.357299797
20-09-2006,2006,9,263,23.65,88.46,0.33717614
21-09-2006,2006,9,264,23.15,89.41,0.30022944
22-09-2006,2006,9,265,23.15,89.37,0.301363451
23-09-2006,2006,9,266,23.39,89.94,0.289365364
24-09-2006,2006,9,267,22.98,91.79,0.230375957
25-09-2006,2006,9,268,22.01,91.87,0.215082657
26-09-2006,2006,9,269,22.44,86.37,0.370146364
27-09-2006,2006,9,270,22.84,84.45,0.432657595
28-09-2006,2006,9,271,23.36,84.96,0.431827831
29-09-2006,2006,9,272,23.04,86.66,0.375686665
30-09-2006,2006,9,273,23.49,87.01,0.37590288
01-10-2006,2006,10,274,23.55,88.12,0.345026729
02-10-2006,2006,10,275,23.54,86.88,0.380810182
03-10-2006,2006,10,276,23.85,85.89,0.417254938
04-10-2006,2006,10,277,23.45,87.11,0.37211098
05-10-2006,2006,10,278,23.8,86.9,0.386225244
06-10-2006,2006,10,279,23.6,90.1,0.288389277
07-10-2006,2006,10,280,23.87,91.63,0.247811716
08-10-2006,2006,10,281,22.95,90.41,0.268611345
09-10-2006,2006,10,282,22.52,90.7,0.253787622
10-10-2006,2006,10,283,23.32,90.32,0.277261885
11-10-2006,2006,10,284,23.86,87.63,0.366020267
12-10-2006,2006,10,285,23.32,91.09,0.255206963
13-10-2006,2006,10,286,24.29,80.74,0.5847823
14-10-2006,2006,10,287,23.94,84,0.475710125
15-10-2006,2006,10,288,24.38,84.74,0.465835434
16-10-2006,2006,10,289,23.49,87.75,0.354488859
17-10-2006,2006,10,290,23.61,87.5,0.364347161
18-10-2006,2006,10,291,24.02,85.76,0.425420196
19-10-2006,2006,10,292,23.37,88.63,0.32665191
20-10-2006,2006,10,293,22.96,89.4,0.29708066
21-10-2006,2006,10,294,22.84,87.35,0.35196904
22-10-2006,2006,10,295,22.92,86.71,0.371571413
23-10-2006,2006,10,296,22.98,87.96,0.337847323
24-10-2006,2006,10,297,22.88,88.21,0.328836178
25-10-2006,2006,10,298,23.08,86.6,0.378290105
26-10-2006,2006,10,299,22.72,89.78,0.282297704
27-10-2006,2006,10,300,22.69,92.37,0.210373562
28-10-2006,2006,10,301,23.3,88.34,0.333571744
29-10-2006,2006,10,302,22.96,91.59,0.235702675
30-10-2006,2006,10,303,23.18,91.89,0.230337798
31-10-2006,2006,10,304,22.46,95.15,0.131870288
01-11-2006,2006,11,305,23.45,88.53,0.331118149
02-11-2006,2006,11,306,23.41,90.58,0.271283398
03-11-2006,2006,11,307,22.36,91.5,0.229712908
04-11-2006,2006,11,308,21.83,92.69,0.191277776
05-11-2006,2006,11,309,23.09,88.22,0.332757599
06-11-2006,2006,11,310,22.66,91.21,0.241916498
07-11-2006,2006,11,311,21.76,90.92,0.236579487
08-11-2006,2006,11,312,22.12,88.44,0.307881097
09-11-2006,2006,11,313,21.78,94.02,0.155999347
10-11-2006,2006,11,314,22.52,90.82,0.250512943
11-11-2006,2006,11,315,21.67,93.08,0.179312143
12-11-2006,2006,11,316,23.05,88.36,0.328008818
13-11-2006,2006,11,317,22.28,92.5,0.201704357
14-11-2006,2006,11,318,22.89,89.72,0.28689423
15-11-2006,2006,11,319,22.15,92.93,0.18864179
16-11-2006,2006,11,320,22.76,89.08,0.302365271
17-11-2006,2006,11,321,22.8,89.99,0.277840686
18-11-2006,2006,11,322,22.79,91.53,0.234953589
19-11-2006,2006,11,323,22.67,92.23,0.213973992
20-11-2006,2006,11,324,23.33,90.47,0.273130211
21-11-2006,2006,11,325,22.55,90.77,0.252336486
22-11-2006,2006,11,326,21.82,90.64,0.244769848
23-11-2006,2006,11,327,22.78,87.9,0.335444696
24-11-2006,2006,11,328,22.66,89.37,0.292556585
25-11-2006,2006,11,329,22.34,86.56,0.362775334
26-11-2006,2006,11,330,23.26,88.75,0.321066332
27-11-2006,2006,11,331,23.09,90.58,0.266093089
28-11-2006,2006,11,332,22.84,88.77,0.312459472
29-11-2006,2006,11,333,22.13,87.86,0.323525363
30-11-2006,2006,11,334,22.34,88.78,0.302852623
01-12-2006,2006,12,335,20.78,86.01,0.343257989
02-12-2006,2006,12,336,19.87,85.2,0.34329049
03-12-2006,2006,12,337,20.61,87.27,0.30909049
04-12-2006,2006,12,338,20.53,87.73,0.296456225
05-12-2006,2006,12,339,20.5,86.76,0.319301306
06-12-2006,2006,12,340,19.67,83.55,0.376859547
07-12-2006,2006,12,341,19.14,82.73,0.382817042
08-12-2006,2006,12,342,19.42,82.33,0.398570654
09-12-2006,2006,12,343,19.6,82.8,0.392332993
10-12-2006,2006,12,344,21.18,88.11,0.298990213
11-12-2006,2006,12,345,23.1,88.07,0.337198491
12-12-2006,2006,12,346,23.06,88.53,0.323413784
13-12-2006,2006,12,347,22.27,85.47,0.390530972
14-12-2006,2006,12,348,20.96,82.3,0.439119554
15-12-2006,2006,12,349,20.12,83.36,0.3919897
16-12-2006,2006,12,350,19.47,81.63,0.415650155
17-12-2006,2006,12,351,19.38,82.49,0.393980313
18-12-2006,2006,12,352,20.29,81.84,0.432314891
19-12-2006,2006,12,353,20.42,80.43,0.469635026
20-12-2006,2006,12,354,20.39,81.85,0.434752707
21-12-2006,2006,12,355,20.93,80.37,0.486103984
22-12-2006,2006,12,356,20.95,80.08,0.493891997
23-12-2006,2006,12,357,21.08,80.53,0.486604502
24-12-2006,2006,12,358,21.49,78.94,0.539736429
25-12-2006,2006,12,359,21.2,78.16,0.549870592
26-12-2006,2006,12,360,20.41,78.3,0.520428908
27-12-2006,2006,12,361,20.53,79.08,0.505449408
28-12-2006,2006,12,362,20.65,75.98,0.584655928
29-12-2006,2006,12,363,20.08,71.56,0.668307599
30-12-2006,2006,12,364,19.71,71.68,0.65040643
31-12-2006,2006,12,365,19.58,71.72,0.644267747
01-01-2007,2007,1,1,20.57,74.22,0.624409791
02-01-2007,2007,1,2,20.07,70.81,0.685507512
03-01-2007,2007,1,3,19.63,69.65,0.693575942
04-01-2007,2007,1,4,20.7,71.04,0.707071105
05-01-2007,2007,1,5,20.28,71.64,0.674718054
06-01-2007,2007,1,6,20.63,74.27,0.625506929
07-01-2007,2007,1,7,20.62,72.77,0.661564877
08-01-2007,2007,1,8,21.42,73.53,0.67548627
09-01-2007,2007,1,9,22.74,74.36,0.709089282
10-01-2007,2007,1,10,22.88,73.85,0.729352507
11-01-2007,2007,1,11,23.44,75.4,0.709729556
12-01-2007,2007,1,12,22.89,72.45,0.768865372
13-01-2007,2007,1,13,21.48,65.18,0.891838809
14-01-2007,2007,1,14,21.38,69.42,0.778460017
15-01-2007,2007,1,15,23.24,75.24,0.705778677
16-01-2007,2007,1,16,23.19,67.83,0.914234747
17-01-2007,2007,1,17,22.22,64.95,0.939197312
18-01-2007,2007,1,18,21.5,58.85,1.055258715
19-01-2007,2007,1,19,20.65,60.03,0.97288499
20-01-2007,2007,1,20,21.24,68.41,0.797301759
21-01-2007,2007,1,21,21.51,68.23,0.815214782
22-01-2007,2007,1,22,21.15,63.15,0.924939534
23-01-2007,2007,1,23,21.54,58.42,1.068898239
24-01-2007,2007,1,24,22.07,66.33,0.894016904
25-01-2007,2007,1,25,22.35,67.98,0.8648162
26-01-2007,2007,1,26,23.16,67.09,0.933571457
27-01-2007,2007,1,27,23.08,77.88,0.62446098
28-01-2007,2007,1,28,23.49,74.49,0.738204962
29-01-2007,2007,1,29,23.89,69.45,0.905585407
30-01-2007,2007,1,30,23.78,68.45,0.929065942
31-01-2007,2007,1,31,22.75,63.25,1.016958987
01-02-2007,2007,2,32,22.12,59.77,1.071458179
02-02-2007,2007,2,33,21.89,63.72,0.95280579
03-02-2007,2007,2,34,22.64,62.92,1.019270755
04-02-2007,2007,2,35,23.04,63.2,1.036377006
05-02-2007,2007,2,36,23.82,58.79,1.216449487
06-02-2007,2007,2,37,23.01,54.53,1.278224147
07-02-2007,2007,2,38,22.69,50.62,1.361500196
08-02-2007,2007,2,39,22.95,51.23,1.366024536
09-02-2007,2007,2,40,22.15,56.17,1.169472367
10-02-2007,2007,2,41,23.31,67.01,0.944354568
11-02-2007,2007,2,42,24.84,63,1.160953633
12-02-2007,2007,2,43,25.6,61.71,1.256973081
13-02-2007,2007,2,44,24.86,63.5,1.146631809
14-02-2007,2007,2,45,24.22,59.27,1.231490862
15-02-2007,2007,2,46,24.61,58.8,1.275111097
16-02-2007,2007,2,47,25.23,57.46,1.366145064
17-02-2007,2007,2,48,25.62,58.86,1.352134449
18-02-2007,2007,2,49,25.86,60.77,1.307818722
19-02-2007,2007,2,50,25.44,61.92,1.238268684
20-02-2007,2007,2,51,25.35,54.76,1.463252728
21-02-2007,2007,2,52,24.3,50.38,1.507491185
22-02-2007,2007,2,53,23.71,50.83,1.44184677
23-02-2007,2007,2,54,23.72,49.22,1.489953927
24-02-2007,2007,2,55,24.51,46.2,1.655150521
25-02-2007,2007,2,56,26.36,49.08,1.748410127
26-02-2007,2007,2,57,27.48,52.71,1.734115305
27-02-2007,2007,2,58,28.35,51.36,1.876360177
28-02-2007,2007,2,59,28.23,48.58,1.969821522
01-03-2007,2007,3,60,27.69,52.13,1.777047512
02-03-2007,2007,3,61,28.03,58.13,1.585423491
03-03-2007,2007,3,62,28.25,49.93,1.920336013
04-03-2007,2007,3,63,28.48,45.75,2.108625493
05-03-2007,2007,3,64,28.06,46.38,2.033890158
06-03-2007,2007,3,65,27.53,44.6,2.037452585
07-03-2007,2007,3,66,27.47,49.57,1.848177803
08-03-2007,2007,3,67,27.51,55.22,1.644955892
09-03-2007,2007,3,68,28.01,44.36,2.104378143
10-03-2007,2007,3,69,28.35,46.58,2.06075577
11-03-2007,2007,3,70,27.73,47.57,1.950873775
12-03-2007,2007,3,71,26.98,40.43,2.12138238
13-03-2007,2007,3,72,27.35,46.46,1.94843153
14-03-2007,2007,3,73,28.22,49.82,1.921201954
15-03-2007,2007,3,74,28.49,46.18,2.093125907
16-03-2007,2007,3,75,29.08,47.2,2.124795406
17-03-2007,2007,3,76,29.74,48.06,2.171194296
18-03-2007,2007,3,77,28.69,45.3,2.152157234
19-03-2007,2007,3,78,28.87,46.13,2.141700248
20-03-2007,2007,3,79,28.75,44.78,2.18017874
21-03-2007,2007,3,80,28.79,53.54,1.838571584
22-03-2007,2007,3,81,29.21,50.15,2.021191652
23-03-2007,2007,3,82,28.96,42.77,2.287155451
24-03-2007,2007,3,83,29.67,47.27,2.195366077
25-03-2007,2007,3,84,29.67,52.87,1.962215119
26-03-2007,2007,3,85,30.05,51.77,2.052306533
27-03-2007,2007,3,86,30.19,47.8,2.239132337
28-03-2007,2007,3,87,30,46.14,2.285314841
29-03-2007,2007,3,88,29.52,43.97,2.312713992
30-03-2007,2007,3,89,29.42,36.69,2.598200699
31-03-2007,2007,3,90,28.78,39.09,2.40900974
01-04-2007,2007,4,91,30.11,51.44,2.073468104
02-04-2007,2007,4,92,29.78,56.78,1.810838438
03-04-2007,2007,4,93,30.7,47.84,2.303609384
04-04-2007,2007,4,94,30.2,40.22,2.565747463
05-04-2007,2007,4,95,29.08,42.85,2.299849573
06-04-2007,2007,4,96,28.92,48.14,2.067759827
07-04-2007,2007,4,97,29.66,46.2,2.238626943
08-04-2007,2007,4,98,28.87,54.77,1.798201266
09-04-2007,2007,4,99,28.84,57.28,1.695466476
10-04-2007,2007,4,100,29.56,54.79,1.87040501
11-04-2007,2007,4,101,28.78,57.48,1.681679431
12-04-2007,2007,4,102,27.17,70.46,1.063751258
13-04-2007,2007,4,103,27.49,67.57,1.189897253
14-04-2007,2007,4,104,28.41,63.15,1.426504103
15-04-2007,2007,4,105,27.8,65,1.307647229
16-04-2007,2007,4,106,28.18,60.53,1.507646509
17-04-2007,2007,4,107,27.22,69.22,1.111655642
18-04-2007,2007,4,108,28.06,65.58,1.305604238
19-04-2007,2007,4,109,27.83,67.72,1.208135799
20-04-2007,2007,4,110,27.84,67.76,1.207342383
21-04-2007,2007,4,111,27.41,74.22,0.941486377
22-04-2007,2007,4,112,27.31,72.31,1.005340372
23-04-2007,2007,4,113,26.75,75.1,0.874831824
24-04-2007,2007,4,114,26.1,77.29,0.767907267
25-04-2007,2007,4,115,28.78,64.73,1.394939641
26-04-2007,2007,4,116,28.18,70.39,1.131021361
27-04-2007,2007,4,117,27.88,69.88,1.130584261
28-04-2007,2007,4,118,28.06,69.15,1.170188574
29-04-2007,2007,4,119,28.77,66.37,1.329307402
30-04-2007,2007,4,120,27.57,70.59,1.084145812
01-05-2007,2007,5,121,28.39,68.41,1.221464747
02-05-2007,2007,5,122,27.27,76.69,0.844336413
03-05-2007,2007,5,123,25.61,84.38,0.513072975
04-05-2007,2007,5,124,27.6,72.72,1.007390919
05-05-2007,2007,5,125,26.84,79.98,0.707108338
06-05-2007,2007,5,126,26.45,81,0.655861256
07-05-2007,2007,5,127,26.8,75.78,0.853444885
08-05-2007,2007,5,128,26.04,78.19,0.734865336
09-05-2007,2007,5,129,25.18,82.63,0.556170213
10-05-2007,2007,5,130,24.85,84.32,0.492286815
11-05-2007,2007,5,131,27.01,73.31,0.952147707
12-05-2007,2007,5,132,25.1,77.38,0.720830581
13-05-2007,2007,5,133,26.44,76.21,0.820723664
14-05-2007,2007,5,134,27.41,71.2,1.051776868
15-05-2007,2007,5,135,27.67,68.23,1.178001549
16-05-2007,2007,5,136,27.65,63.82,1.339954858
17-05-2007,2007,5,137,27.49,65.55,1.264013579
18-05-2007,2007,5,138,27.39,66.05,1.238405487
19-05-2007,2007,5,139,27.14,65.39,1.244135622
20-05-2007,2007,5,140,27.41,65.87,1.246428629
21-05-2007,2007,5,141,27.3,67.46,1.180737929
22-05-2007,2007,5,142,27.01,73.02,0.962493261
23-05-2007,2007,5,143,27.49,73.43,0.974886525
24-05-2007,2007,5,144,25.12,83.34,0.531535829
25-05-2007,2007,5,145,24.62,75.53,0.757781902
26-05-2007,2007,5,146,25.68,78.81,0.69892571
27-05-2007,2007,5,147,25.85,78.29,0.723322634
28-05-2007,2007,5,148,24.68,80.48,0.606661391
29-05-2007,2007,5,149,23.74,85.42,0.428311851
30-05-2007,2007,5,150,24.28,83.73,0.493702566
31-05-2007,2007,5,151,25.58,78.11,0.717746881
01-06-2007,2007,6,152,25.98,77.27,0.763152415
02-06-2007,2007,6,153,26.61,75.18,0.864870948
03-06-2007,2007,6,154,25.75,76.27,0.785957004
04-06-2007,2007,6,155,27.2,70.77,1.054439601
05-06-2007,2007,6,156,26.99,75.96,0.856605065
06-06-2007,2007,6,157,26.03,81.36,0.627684414
07-06-2007,2007,6,158,24.6,82.64,0.536958919
08-06-2007,2007,6,159,25.26,80.8,0.617696555
09-06-2007,2007,6,160,24.79,84.04,0.499287584
10-06-2007,2007,6,161,24.74,85.84,0.441657254
11-06-2007,2007,6,162,25.27,84.73,0.49155391
12-06-2007,2007,6,163,24.25,87.43,0.380743655
13-06-2007,2007,6,164,24.86,85.6,0.452369809
14-06-2007,2007,6,165,24.37,86.82,0.402099442
15-06-2007,2007,6,166,24.32,88.06,0.363180447
16-06-2007,2007,6,167,23.9,88.65,0.336647152
17-06-2007,2007,6,168,24.36,84.75,0.464973239
18-06-2007,2007,6,169,23.92,88.62,0.337942685
19-06-2007,2007,6,170,23.65,86.96,0.381003195
20-06-2007,2007,6,171,22.87,85.94,0.391911652
21-06-2007,2007,6,172,23,83.25,0.470580802
22-06-2007,2007,6,173,23.65,90.46,0.278740068
23-06-2007,2007,6,174,24,87.56,0.371199334
24-06-2007,2007,6,175,24.07,86.85,0.394036798
25-06-2007,2007,6,176,23.76,86.42,0.399415286
26-06-2007,2007,6,177,24.14,86.96,0.392384518
27-06-2007,2007,6,178,23.46,85.46,0.419996565
28-06-2007,2007,6,179,23.69,86.44,0.397151352
29-06-2007,2007,6,180,23.88,83.1,0.500661277
30-06-2007,2007,6,181,23.51,86.18,0.400403524
01-07-2007,2007,7,182,24.01,87.33,0.378289325
02-07-2007,2007,7,183,24.12,85.57,0.433690367
03-07-2007,2007,7,184,23.7,87.5,0.366325922
04-07-2007,2007,7,185,23.37,89.87,0.291027603
05-07-2007,2007,7,186,23.3,89.18,0.309540846
06-07-2007,2007,7,187,23.59,90.68,0.27133033
07-07-2007,2007,7,188,23.85,87.19,0.378811889
08-07-2007,2007,7,189,23.66,87.74,0.358428768
09-07-2007,2007,7,190,23.7,88.84,0.327055783
10-07-2007,2007,7,191,23.81,89.69,0.304150887
11-07-2007,2007,7,192,24.21,89.07,0.33027576
12-07-2007,2007,7,193,23.9,89.89,0.29986808
13-07-2007,2007,7,194,24.14,89.21,0.324680134
14-07-2007,2007,7,195,23.97,88.36,0.346703065
15-07-2007,2007,7,196,23.88,88.49,0.340982917
16-07-2007,2007,7,197,23.78,91.41,0.252953294
17-07-2007,2007,7,198,23.16,90.29,0.275447549
18-07-2007,2007,7,199,23.61,87.95,0.351230663
19-07-2007,2007,7,200,23.35,92.18,0.22439211
20-07-2007,2007,7,201,23.1,91.03,0.253534826
21-07-2007,2007,7,202,22.71,91.42,0.236853868
22-07-2007,2007,7,203,22.52,90.38,0.2625201
23-07-2007,2007,7,204,22.47,89.2,0.2938277
24-07-2007,2007,7,205,22.79,89.95,0.278782003
25-07-2007,2007,7,206,22.93,90.61,0.262691328
26-07-2007,2007,7,207,22.73,92.86,0.19734126
27-07-2007,2007,7,208,23.04,92.08,0.223046356
28-07-2007,2007,7,209,23,91.25,0.245825792
29-07-2007,2007,7,210,23.12,89.34,0.301666649
30-07-2007,2007,7,211,22.94,90.38,0.269288636
31-07-2007,2007,7,212,22.75,88.45,0.319615682
01-08-2007,2007,8,213,22.55,89.52,0.286509899
02-08-2007,2007,8,214,22.28,90.6,0.252802794
03-08-2007,2007,8,215,22.98,89.28,0.300807583
04-08-2007,2007,8,216,22.9,90.49,0.265565777
05-08-2007,2007,8,217,22.69,90.57,0.260002974
06-08-2007,2007,8,218,22.6,90.05,0.272846965
07-08-2007,2007,8,219,23.02,88.65,0.319257107
08-08-2007,2007,8,220,23.32,88.96,0.316216034
09-08-2007,2007,8,221,23.28,89.63,0.296309292
10-08-2007,2007,8,222,22.55,90.16,0.269013112
11-08-2007,2007,8,223,22.37,90.08,0.268251471
12-08-2007,2007,8,224,22.67,88.61,0.31366329
13-08-2007,2007,8,225,22.36,88.24,0.317814565
14-08-2007,2007,8,226,22.69,89.71,0.283714804
15-08-2007,2007,8,227,23.58,86.53,0.391911966
16-08-2007,2007,8,228,23.89,88.07,0.353637771
17-08-2007,2007,8,229,23.41,91.6,0.241908762
18-08-2007,2007,8,230,23.65,89.13,0.317600056
19-08-2007,2007,8,231,23.77,87.08,0.380231916
20-08-2007,2007,8,232,23.35,87.05,0.371595629
21-08-2007,2007,8,233,23.09,90.11,0.279369495
22-08-2007,2007,8,234,22.5,89.96,0.273648996
23-08-2007,2007,8,235,22.99,89.01,0.308570495
24-08-2007,2007,8,236,22.97,90.75,0.259401807
25-08-2007,2007,8,237,23.1,91.34,0.244772752
26-08-2007,2007,8,238,23.01,90.34,0.271555867
27-08-2007,2007,8,239,23.25,89.73,0.292921009
28-08-2007,2007,8,240,23.33,91.72,0.237305157
29-08-2007,2007,8,241,23.31,90.63,0.268220743
30-08-2007,2007,8,242,22.51,91.81,0.223361197
31-08-2007,2007,8,243,22.63,88.99,0.302464034
01-09-2007,2007,9,244,22.84,88.29,0.325814819
02-09-2007,2007,9,245,22.69,90.33,0.266620229
03-09-2007,2007,9,246,22.57,89.65,0.28329952
04-09-2007,2007,9,247,22.84,89.24,0.299382361
05-09-2007,2007,9,248,22.98,90.17,0.275833819
06-09-2007,2007,9,249,22.72,90.29,0.268210441
07-09-2007,2007,9,250,23.35,89.65,0.296989557
08-09-2007,2007,9,251,23.26,89.77,0.291956318
09-09-2007,2007,9,252,23.81,87.27,0.375542269
10-09-2007,2007,9,253,24.91,84.25,0.496256557
11-09-2007,2007,9,254,24.32,88.49,0.350101084
12-09-2007,2007,9,255,23.54,90.17,0.285317385
13-09-2007,2007,9,256,23.45,91.53,0.244513577
14-09-2007,2007,9,257,23.04,92.27,0.217695496
15-09-2007,2007,9,258,23.1,90.7,0.262862194
16-09-2007,2007,9,259,23.78,91.09,0.262376467
17-09-2007,2007,9,260,22.97,92.7,0.204717102
18-09-2007,2007,9,261,22.04,89.4,0.280940718
19-09-2007,2007,9,262,22.38,89.67,0.279508299
20-09-2007,2007,9,263,23.21,90.04,0.283393936
21-09-2007,2007,9,264,23.41,90.44,0.27531521
22-09-2007,2007,9,265,23.57,89.98,0.291358121
23-09-2007,2007,9,266,23.12,91.65,0.236296109
24-09-2007,2007,9,267,22.91,92.02,0.222975606
25-09-2007,2007,9,268,22.97,92.13,0.220701862
26-09-2007,2007,9,269,22.93,91.09,0.249263017
27-09-2007,2007,9,270,23.33,91.47,0.244470168
28-09-2007,2007,9,271,23.24,90.05,0.283622691
29-09-2007,2007,9,272,23.29,89.18,0.309354103
30-09-2007,2007,9,273,23.33,90.57,0.270264206
01-10-2007,2007,10,274,23.11,91,0.254536552
02-10-2007,2007,10,275,22.63,90.45,0.26235527
03-10-2007,2007,10,276,23.45,87.62,0.357388203
04-10-2007,2007,10,277,23.2,88.89,0.315924283
05-10-2007,2007,10,278,22.71,87.03,0.358041337
06-10-2007,2007,10,279,22.24,88.26,0.314967248
07-10-2007,2007,10,280,22.08,88.08,0.316696618
08-10-2007,2007,10,281,22.47,84.51,0.421425099
09-10-2007,2007,10,282,23.63,82.75,0.503404787
10-10-2007,2007,10,283,24.88,79.09,0.657662448
11-10-2007,2007,10,284,24.57,78.14,0.674936584
12-10-2007,2007,10,285,24.22,84.86,0.457765079
13-10-2007,2007,10,286,24.81,83.03,0.531517894
14-10-2007,2007,10,287,24.31,80.58,0.590346934
15-10-2007,2007,10,288,24.58,80.58,0.599958991
16-10-2007,2007,10,289,23.98,84.49,0.46225032
17-10-2007,2007,10,290,23.68,88.91,0.324613517
18-10-2007,2007,10,291,22.74,91.83,0.225946156
19-10-2007,2007,10,292,22.97,90.09,0.277910477
20-10-2007,2007,10,293,22.32,94.21,0.156094993
21-10-2007,2007,10,294,22.83,92.07,0.220507879
22-10-2007,2007,10,295,22.83,91.48,0.236913888
23-10-2007,2007,10,296,22.02,91.88,0.214949063
24-10-2007,2007,10,297,21.55,93.39,0.170027425
25-10-2007,2007,10,298,22.87,92.37,0.212680363
26-10-2007,2007,10,299,22.54,90.43,0.261472902
27-10-2007,2007,10,300,22.41,88.71,0.306041303
28-10-2007,2007,10,301,22.09,92.51,0.199119377
29-10-2007,2007,10,302,22.24,91.09,0.239042435
30-10-2007,2007,10,303,22.5,91.4,0.234400534
31-10-2007,2007,10,304,23,90.07,0.278977156
01-11-2007,2007,11,305,22.55,87.05,0.354036565
02-11-2007,2007,11,306,23.57,86.37,0.396328462
03-11-2007,2007,11,307,23.2,89.78,0.290616217
04-11-2007,2007,11,308,22.47,93,0.19044388
05-11-2007,2007,11,309,22.29,88.14,0.319155868
06-11-2007,2007,11,310,23.68,82.62,0.508727044
07-11-2007,2007,11,311,24.03,86.74,0.396380481
08-11-2007,2007,11,312,23.56,82.51,0.508262037
09-11-2007,2007,11,313,22.74,81.33,0.516329832
10-11-2007,2007,11,314,22.43,84.09,0.431801342
11-11-2007,2007,11,315,21.37,81.12,0.4803246
12-11-2007,2007,11,316,21.47,82,0.460748915
13-11-2007,2007,11,317,21.89,79.28,0.544160308
14-11-2007,2007,11,318,20.65,73.78,0.638204764
15-11-2007,2007,11,319,19.54,68.05,0.726070511
16-11-2007,2007,11,320,19.96,62.83,0.86698939
17-11-2007,2007,11,321,19.17,73.54,0.587625468
18-11-2007,2007,11,322,19,75.61,0.535944232
19-11-2007,2007,11,323,21.58,87.48,0.322640324
20-11-2007,2007,11,324,22.74,90.24,0.269918541
21-11-2007,2007,11,325,22.3,88.19,0.318003684
22-11-2007,2007,11,326,22.51,87.51,0.340632644
23-11-2007,2007,11,327,22.59,82.62,0.476301906
24-11-2007,2007,11,328,21.05,79.74,0.50541686
25-11-2007,2007,11,329,19.33,69.7,0.679641728
26-11-2007,2007,11,330,19.45,74.67,0.572418992
27-11-2007,2007,11,331,21.83,81.86,0.47466195
28-11-2007,2007,11,332,22.31,84.81,0.409264537
29-11-2007,2007,11,333,22.12,87.33,0.337444075
30-11-2007,2007,11,334,20.9,84.99,0.371012684
01-12-2007,2007,12,335,20.57,83.11,0.409087718
02-12-2007,2007,12,336,20.97,84.17,0.392968067
03-12-2007,2007,12,337,21.72,86.01,0.363620189
04-12-2007,2007,12,338,21.5,82.28,0.454415175
05-12-2007,2007,12,339,21.28,83.67,0.413165631
06-12-2007,2007,12,340,21.51,85.59,0.36975905
07-12-2007,2007,12,341,21.72,83.79,0.421321176
08-12-2007,2007,12,342,21.87,82.47,0.459821333
09-12-2007,2007,12,343,22.26,83.05,0.455297642
10-12-2007,2007,12,344,22.01,81.63,0.485986275
11-12-2007,2007,12,345,21.15,79.24,0.521078554
12-12-2007,2007,12,346,20.83,80.13,0.489031278
13-12-2007,2007,12,347,20.95,81.49,0.458932774
14-12-2007,2007,12,348,20.5,90.53,0.228382429
15-12-2007,2007,12,349,21.61,83.09,0.436570654
16-12-2007,2007,12,350,22,78.95,0.556547516
17-12-2007,2007,12,351,21.43,81.58,0.470346696
18-12-2007,2007,12,352,20.91,88.31,0.289127589
19-12-2007,2007,12,353,21.78,94.43,0.14530374
20-12-2007,2007,12,354,21.5,92.47,0.193100805
21-12-2007,2007,12,355,21.66,89.64,0.268285974
22-12-2007,2007,12,356,21.7,85.9,0.366031769
23-12-2007,2007,12,357,20.8,82.01,0.441945277
24-12-2007,2007,12,358,19.39,72.39,0.621619903
25-12-2007,2007,12,359,19.59,63.84,0.824299654
26-12-2007,2007,12,360,19.6,70.24,0.678827318
27-12-2007,2007,12,361,20.68,77.91,0.538673287
28-12-2007,2007,12,362,21.5,76.15,0.611614103
29-12-2007,2007,12,363,21.39,78.08,0.558348495
30-12-2007,2007,12,364,21.24,79.85,0.508566966
31-12-2007,2007,12,365,20.79,80.12,0.488074959
01-01-2008,2008,1,1,20.12,78.53,0.505770365
02-01-2008,2008,1,2,19.61,77.1,0.522674767
03-01-2008,2008,1,3,19.97,75.27,0.577183958
04-01-2008,2008,1,4,20.86,85.98,0.345690969
05-01-2008,2008,1,5,22.62,83.86,0.443125266
06-01-2008,2008,1,6,20.9,75.47,0.606325192
07-01-2008,2008,1,7,19.92,75.79,0.563300513
08-01-2008,2008,1,8,19.72,77.38,0.519820754
09-01-2008,2008,1,9,20.63,71.29,0.697951959
10-01-2008,2008,1,10,21.1,71.01,0.725423367
11-01-2008,2008,1,11,21.04,72.84,0.677132065
12-01-2008,2008,1,12,20.73,74.8,0.616406388
13-01-2008,2008,1,13,20.86,73.15,0.662040123
14-01-2008,2008,1,14,20.35,71.62,0.678118793
15-01-2008,2008,1,15,20.08,71.49,0.669952519
16-01-2008,2008,1,16,20.04,70.94,0.68118889
17-01-2008,2008,1,17,20.47,68.69,0.753689191
18-01-2008,2008,1,18,20.55,68.31,0.766608592
19-01-2008,2008,1,19,20.18,68.73,0.739367539
20-01-2008,2008,1,20,20.76,67.03,0.807955439
21-01-2008,2008,1,21,21.32,70.99,0.735783949
22-01-2008,2008,1,22,22.69,74.41,0.705564804
23-01-2008,2008,1,23,22.18,71.94,0.750065654
24-01-2008,2008,1,24,22.49,69.18,0.839516195
25-01-2008,2008,1,25,23.33,62.45,1.076184619
26-01-2008,2008,1,26,23.83,69.24,0.90852905
27-01-2008,2008,1,27,23.63,64.97,1.022276503
28-01-2008,2008,1,28,24.38,63.39,1.11757767
29-01-2008,2008,1,29,24.39,69.51,0.931312254
30-01-2008,2008,1,30,24.75,69.49,0.952189778
31-01-2008,2008,1,31,24.85,67.99,1.004980928
01-02-2008,2008,2,32,24.81,65.17,1.090911505
02-02-2008,2008,2,33,25.19,66.37,1.077440009
03-02-2008,2008,2,34,24.97,68.13,1.007768101
04-02-2008,2008,2,35,25.25,69.3,0.987084062
05-02-2008,2008,2,36,24.55,72.24,0.856077642
06-02-2008,2008,2,37,24.96,63.92,1.140213858
07-02-2008,2008,2,38,25.04,70.77,0.92814988
08-02-2008,2008,2,39,24.68,77.76,0.691196175
09-02-2008,2008,2,40,23.85,84.66,0.453627977
10-02-2008,2008,2,41,24.92,77.88,0.697380307
11-02-2008,2008,2,42,25.63,72.5,0.904369162
12-02-2008,2008,2,43,24.78,77.54,0.702212439
13-02-2008,2008,2,44,25.49,70.82,0.951682555
14-02-2008,2008,2,45,25.06,68.03,1.016363627
15-02-2008,2008,2,46,24.93,67.56,1.023350107
16-02-2008,2008,2,47,25.36,67.29,1.058608265
17-02-2008,2008,2,48,25.3,66.33,1.08579945
18-02-2008,2008,2,49,23.85,57.25,1.264184877
19-02-2008,2008,2,50,23.43,54.04,1.325183442
20-02-2008,2008,2,51,24.24,53.4,1.410662524
21-02-2008,2008,2,52,24.31,55.31,1.358527523
22-02-2008,2008,2,53,24.63,58.05,1.29987519
23-02-2008,2008,2,54,24.78,56.3,1.366281548
24-02-2008,2008,2,55,23.89,55.02,1.333330003
25-02-2008,2008,2,56,24.25,48.13,1.571135512
26-02-2008,2008,2,57,23.98,46.62,1.590904068
27-02-2008,2008,2,58,24.25,50.24,1.507223888
28-02-2008,2008,2,59,23.41,50.37,1.429277603
29-02-2008,2008,2,60,23.9,47.03,1.571118911
01-03-2008,2008,3,61,25.36,59.07,1.324635777
02-03-2008,2008,3,62,26.02,65.9,1.147606863
03-03-2008,2008,3,63,25.12,53.4,1.486768885
04-03-2008,2008,3,64,23.52,37.91,1.800002677
05-03-2008,2008,3,65,23.89,35.36,1.916106078
06-03-2008,2008,3,66,24.13,45.6,1.635960329
07-03-2008,2008,3,67,23.62,44.86,1.608176015
08-03-2008,2008,3,68,23.79,37.61,1.838329108
09-03-2008,2008,3,69,24.51,38.84,1.881580035
10-03-2008,2008,3,70,25.58,37.97,2.033889404
11-03-2008,2008,3,71,24.87,50.7,1.549662042
12-03-2008,2008,3,72,24.27,68.59,0.952545309
13-03-2008,2008,3,73,24.19,81.93,0.545373641
14-03-2008,2008,3,74,23.94,84.66,0.456087083
15-03-2008,2008,3,75,24.29,80.41,0.594801934
16-03-2008,2008,3,76,24.93,73.33,0.841330067
17-03-2008,2008,3,77,23.33,77.29,0.650869579
18-03-2008,2008,3,78,24.22,78.44,0.651876823
19-03-2008,2008,3,79,24.34,80.52,0.593235478
20-03-2008,2008,3,80,22.74,87.73,0.339334068
21-03-2008,2008,3,81,22.33,91.3,0.234689526
22-03-2008,2008,3,82,23.87,89.03,0.324790265
23-03-2008,2008,3,83,23.81,89.57,0.307690956
24-03-2008,2008,3,84,23.51,86.16,0.400982979
25-03-2008,2008,3,85,23.66,78.94,0.615702271
26-03-2008,2008,3,86,24.56,77.04,0.708476005
27-03-2008,2008,3,87,25.8,75.16,0.825160588
28-03-2008,2008,3,88,26.07,76.13,0.805701879
29-03-2008,2008,3,89,25.85,78.45,0.717991836
30-03-2008,2008,3,90,25.45,81.12,0.614296093
31-03-2008,2008,3,91,25.06,81.74,0.58050672
01-04-2008,2008,4,92,25.63,78.34,0.712314038
02-04-2008,2008,4,93,25.87,77.5,0.750531201
03-04-2008,2008,4,94,25.79,74.94,0.831976049
04-04-2008,2008,4,95,26.03,72.03,0.941863362
05-04-2008,2008,4,96,25.88,74.86,0.83908987
06-04-2008,2008,4,97,25.79,70.1,0.992660968
07-04-2008,2008,4,98,25.39,70.7,0.949940074
08-04-2008,2008,4,99,25.28,70.99,0.934411111
09-04-2008,2008,4,100,24.99,71.16,0.913043054
10-04-2008,2008,4,101,25.46,68.96,1.010544098
11-04-2008,2008,4,102,25.96,64.58,1.187809602
12-04-2008,2008,4,103,25.73,68.29,1.049017713
13-04-2008,2008,4,104,25.93,70.22,0.996901991
14-04-2008,2008,4,105,26.72,69.03,1.086176821
15-04-2008,2008,4,106,26.4,74.66,0.872138547
16-04-2008,2008,4,107,26.26,72.62,0.934602891
17-04-2008,2008,4,108,27.2,69.75,1.091234962
18-04-2008,2008,4,109,27.42,68.9,1.136437371
19-04-2008,2008,4,110,27.75,68.45,1.175318067
20-04-2008,2008,4,111,27.37,70.3,1.082110032
21-04-2008,2008,4,112,28.15,65.64,1.310170702
22-04-2008,2008,4,113,28.18,65.91,1.302145161
23-04-2008,2008,4,114,28.09,67.01,1.253548629
24-04-2008,2008,4,115,27.65,65.54,1.2762533
25-04-2008,2008,4,116,27.52,62.96,1.361428835
26-04-2008,2008,4,117,27.59,67.05,1.21606122
27-04-2008,2008,4,118,27.08,75.83,0.865795483
28-04-2008,2008,4,119,25.6,82.02,0.590242256
29-04-2008,2008,4,120,25.62,81.19,0.618221901
30-04-2008,2008,4,121,25.72,80.71,0.637766263
01-05-2008,2008,5,122,26.64,74.05,0.905844045
02-05-2008,2008,5,123,26.67,69.78,1.056761291
03-05-2008,2008,5,124,26.97,73.21,0.953474832
04-05-2008,2008,5,125,26.83,75.73,0.856715362
05-05-2008,2008,5,126,26.69,71.64,0.992886205
06-05-2008,2008,5,127,26.65,69.51,1.064949393
07-05-2008,2008,5,128,26.6,73.01,0.939932928
08-05-2008,2008,5,129,25.93,75.91,0.80642609
09-05-2008,2008,5,130,25.68,75.48,0.808761605
10-05-2008,2008,5,131,26.28,75.08,0.851636209
11-05-2008,2008,5,132,25.87,78.1,0.730517036
12-05-2008,2008,5,133,25,83.3,0.529018879
13-05-2008,2008,5,134,25.99,74.56,0.854644911
14-05-2008,2008,5,135,26.41,71.74,0.973210909
15-05-2008,2008,5,136,26.36,72.58,0.941504432
16-05-2008,2008,5,137,26.67,70.01,1.048718435
17-05-2008,2008,5,138,27.25,71.11,1.045230831
18-05-2008,2008,5,139,26.8,72.67,0.963032565
19-05-2008,2008,5,140,26.72,72.16,0.976401766
20-05-2008,2008,5,141,26.27,76.62,0.798535806
21-05-2008,2008,5,142,25.45,80.91,0.621128836
22-05-2008,2008,5,143,25.71,81.18,0.621858606
23-05-2008,2008,5,144,25.51,77.7,0.728160464
24-05-2008,2008,5,145,25.43,78.06,0.713011838
25-05-2008,2008,5,146,25.05,80.34,0.624642329
26-05-2008,2008,5,147,24.91,82.35,0.556122428
27-05-2008,2008,5,148,25.51,77.92,0.720976818
28-05-2008,2008,5,149,25.48,80.69,0.629406697
29-05-2008,2008,5,150,25.5,78.13,0.713696093
30-05-2008,2008,5,151,25,80.5,0.617716655
31-05-2008,2008,5,152,24.23,87.49,0.37847249
01-06-2008,2008,6,153,24.65,81.12,0.585720575
02-06-2008,2008,6,154,25.23,78.76,0.682109101
03-06-2008,2008,6,155,25.17,78.96,0.673279356
04-06-2008,2008,6,156,24.89,80.29,0.620289675
05-06-2008,2008,6,157,24.45,83.45,0.507335102
06-06-2008,2008,6,158,24.14,87,0.391180884
07-06-2008,2008,6,159,23.77,83.77,0.477644272
08-06-2008,2008,6,160,23.66,87.03,0.379186062
09-06-2008,2008,6,161,23.41,85.92,0.405485163
10-06-2008,2008,6,162,23.48,82.39,0.509288834
11-06-2008,2008,6,163,24.8,82.41,0.550608375
12-06-2008,2008,6,164,24.16,84.89,0.45521806
13-06-2008,2008,6,165,23.32,82.45,0.502680381
14-06-2008,2008,6,166,24.69,81.66,0.570328647
15-06-2008,2008,6,167,24.54,81.72,0.563391507
16-06-2008,2008,6,168,24.03,86.29,0.409832308
17-06-2008,2008,6,169,24.41,83.09,0.517131811
18-06-2008,2008,6,170,24.33,84.84,0.461399754
19-06-2008,2008,6,171,24.87,83.08,0.531851557
20-06-2008,2008,6,172,24.91,84.85,0.477351546
21-06-2008,2008,6,173,24.38,84.4,0.476214467
22-06-2008,2008,6,174,24.22,79.95,0.606221257
23-06-2008,2008,6,175,23.43,83.98,0.4619112
24-06-2008,2008,6,176,24.51,79.98,0.615912889
25-06-2008,2008,6,177,24.12,83.47,0.496805389
26-06-2008,2008,6,178,24.3,82.85,0.521029299
27-06-2008,2008,6,179,24.88,83,0.534684917
28-06-2008,2008,6,180,24.54,84.47,0.47863622
29-06-2008,2008,6,181,24.21,83.44,0.500399505
30-06-2008,2008,6,182,23.89,84.91,0.447308798
01-07-2008,2008,7,183,23.44,83.33,0.480942752
02-07-2008,2008,7,184,24,80.7,0.575896073
03-07-2008,2008,7,185,24.24,78.48,0.651447586
04-07-2008,2008,7,186,25.18,78.68,0.682645304
05-07-2008,2008,7,187,24.86,82.08,0.562949096
06-07-2008,2008,7,188,24.67,84.12,0.493239343
07-07-2008,2008,7,189,24.35,80.55,0.592676564
08-07-2008,2008,7,190,23.77,78.02,0.646865132
09-07-2008,2008,7,191,23.64,82.01,0.525316216
10-07-2008,2008,7,192,23.75,81.89,0.532331542
11-07-2008,2008,7,193,24.02,80.09,0.594811524
12-07-2008,2008,7,194,24.42,80.61,0.593328626
13-07-2008,2008,7,195,24.98,79.74,0.641027592
14-07-2008,2008,7,196,24.69,83.97,0.498493359
15-07-2008,2008,7,197,24.74,86.49,0.421383439
16-07-2008,2008,7,198,23.65,84.61,0.449665581
17-07-2008,2008,7,199,24.38,83.63,0.499719925
18-07-2008,2008,7,200,24.01,85.61,0.429643519
19-07-2008,2008,7,201,23,84.82,0.426472631
20-07-2008,2008,7,202,23.62,85.77,0.415022573
21-07-2008,2008,7,203,23.79,87.27,0.375091033
22-07-2008,2008,7,204,23.47,85.97,0.405509232
23-07-2008,2008,7,205,23.44,88.32,0.336977285
24-07-2008,2008,7,206,23.14,87.56,0.352464441
25-07-2008,2008,7,207,22.95,87.16,0.359642302
26-07-2008,2008,7,208,23.43,85.3,0.423851101
27-07-2008,2008,7,209,23.23,86.47,0.385437072
28-07-2008,2008,7,210,22.99,87.38,0.354336637
29-07-2008,2008,7,211,23.01,87.6,0.34858103
30-07-2008,2008,7,212,22.74,87.67,0.340993403
31-07-2008,2008,7,213,22.58,88,0.328662591
01-08-2008,2008,8,214,23.23,86.81,0.375751292
02-08-2008,2008,8,215,23.53,87.23,0.370428174
03-08-2008,2008,8,216,23.64,87.74,0.357997599
04-08-2008,2008,8,217,24.08,85,0.449741341
05-08-2008,2008,8,218,24.09,83.8,0.486012086
06-08-2008,2008,8,219,24.09,84.24,0.472811758
07-08-2008,2008,8,220,23.97,82.44,0.523033146
08-08-2008,2008,8,221,23.44,85.16,0.428145797
09-08-2008,2008,8,222,22.86,83.85,0.449896309
10-08-2008,2008,8,223,22.43,85.39,0.39651902
11-08-2008,2008,8,224,22.2,88.69,0.302693337
12-08-2008,2008,8,225,22.89,87.86,0.338803108
13-08-2008,2008,8,226,22.06,88.42,0.307288705
14-08-2008,2008,8,227,23.33,87.21,0.366561951
15-08-2008,2008,8,228,22.88,86.63,0.372904131
16-08-2008,2008,8,229,22.65,85.74,0.392222733
17-08-2008,2008,8,230,23.37,84.68,0.440132564
18-08-2008,2008,8,231,23.33,84.26,0.451109078
19-08-2008,2008,8,232,23.5,87.41,0.364547324
20-08-2008,2008,8,233,24.69,81.14,0.586499361
21-08-2008,2008,8,234,23.45,84.21,0.455828734
22-08-2008,2008,8,235,23.83,80.77,0.567978336
23-08-2008,2008,8,236,23.96,82.63,0.517063374
24-08-2008,2008,8,237,24.48,81.09,0.580721205
25-08-2008,2008,8,238,24.28,83.5,0.500681766
26-08-2008,2008,8,239,23.8,85.26,0.434577107
27-08-2008,2008,8,240,24.07,86.33,0.409618481
28-08-2008,2008,8,241,23.87,87.28,0.37660275
29-08-2008,2008,8,242,24.81,83.43,0.518989481
30-08-2008,2008,8,243,24.55,84.02,0.492799738
31-08-2008,2008,8,244,24.53,85.17,0.45678901
01-09-2008,2008,9,245,23.79,88.12,0.350045677
02-09-2008,2008,9,246,23.99,86.32,0.407954965
03-09-2008,2008,9,247,23.9,87.59,0.368087326
04-09-2008,2008,9,248,24.08,88.93,0.33190911
05-09-2008,2008,9,249,24.06,88.24,0.352174419
06-09-2008,2008,9,250,23.7,89.9,0.295991345
07-09-2008,2008,9,251,22.59,91.15,0.242535781
08-09-2008,2008,9,252,22.08,91.47,0.226629375
09-09-2008,2008,9,253,22.62,89.88,0.277845582
10-09-2008,2008,9,254,22.97,88.74,0.315769119
11-09-2008,2008,9,255,22.8,86.24,0.381926858
12-09-2008,2008,9,256,22.86,86.32,0.381088638
13-09-2008,2008,9,257,23.12,89.58,0.294874905
14-09-2008,2008,9,258,23.49,88.36,0.336836761
15-09-2008,2008,9,259,23.31,86.58,0.384153934
16-09-2008,2008,9,260,22.97,88.7,0.316890857
17-09-2008,2008,9,261,23.42,87.1,0.371726795
18-09-2008,2008,9,262,23.37,84.65,0.440994443
19-09-2008,2008,9,263,23.35,86.6,0.384508218
20-09-2008,2008,9,264,23.43,89.07,0.315149152
21-09-2008,2008,9,265,23.97,85.33,0.436953089
22-09-2008,2008,9,266,23.4,86.99,0.37444475
23-09-2008,2008,9,267,23.65,85.37,0.427459873
24-09-2008,2008,9,268,23.28,87.28,0.363457492
25-09-2008,2008,9,269,23.14,86.77,0.374847633
26-09-2008,2008,9,270,23.63,83.42,0.483852253
27-09-2008,2008,9,271,23.36,82.23,0.510211473
28-09-2008,2008,9,272,23.11,79.61,0.576666699
29-09-2008,2008,9,273,23.31,79.39,0.589971132
30-09-2008,2008,9,274,24.07,78.74,0.637051127
01-10-2008,2008,10,275,24.09,80.49,0.585314555
02-10-2008,2008,10,276,23.59,77.74,0.648048621
03-10-2008,2008,10,277,23.67,78.15,0.639182936
04-10-2008,2008,10,278,24.28,79.28,0.628734921
05-10-2008,2008,10,279,24.24,79.8,0.611488905
06-10-2008,2008,10,280,24.82,80.62,0.607363759
07-10-2008,2008,10,281,24.37,84.28,0.479590534
08-10-2008,2008,10,282,25.23,80.25,0.634258698
09-10-2008,2008,10,283,26,78.24,0.731449307
10-10-2008,2008,10,284,25.5,77.21,0.743718974
11-10-2008,2008,10,285,25.15,79.19,0.665127487
12-10-2008,2008,10,286,23.62,83.84,0.47131165
13-10-2008,2008,10,287,23.54,85.31,0.426379693
14-10-2008,2008,10,288,22.98,91.12,0.249176431
15-10-2008,2008,10,289,23.6,88.08,0.347232342
16-10-2008,2008,10,290,23.63,86.22,0.402140172
17-10-2008,2008,10,291,24.32,83.74,0.494582418
18-10-2008,2008,10,292,24.37,82.65,0.529319069
19-10-2008,2008,10,293,23.61,87.02,0.378338092
20-10-2008,2008,10,294,24,85.51,0.432369642
21-10-2008,2008,10,295,23.73,90.76,0.271277226
22-10-2008,2008,10,296,23.29,92.18,0.223581246
23-10-2008,2008,10,297,22.5,90.65,0.254842441
24-10-2008,2008,10,298,23.33,90.66,0.267684803
25-10-2008,2008,10,299,23.41,91.45,0.246228562
26-10-2008,2008,10,300,22.8,89.11,0.302266241
27-10-2008,2008,10,301,22.81,82.37,0.489640296
28-10-2008,2008,10,302,23.31,71.91,0.804089718
29-10-2008,2008,10,303,22.26,73.63,0.708330314
30-10-2008,2008,10,304,22.8,72.67,0.758580016
31-10-2008,2008,10,305,22.67,66.05,0.934931405
01-11-2008,2008,11,306,22.38,66.98,0.893452472
02-11-2008,2008,11,307,20.91,66.96,0.817174983
03-11-2008,2008,11,308,22.21,60.29,1.063419046
04-11-2008,2008,11,309,22.39,63.87,0.978196878
05-11-2008,2008,11,310,22.37,65.53,0.93211978
06-11-2008,2008,11,311,21.45,73.99,0.66496768
07-11-2008,2008,11,312,21.61,74.73,0.652403336
08-11-2008,2008,11,313,22.72,76.21,0.657129391
09-11-2008,2008,11,314,23.03,75.59,0.687029081
10-11-2008,2008,11,315,22.84,81.97,0.501660221
11-11-2008,2008,11,316,22.97,75.98,0.673603396
12-11-2008,2008,11,317,21.76,73.42,0.692542155
13-11-2008,2008,11,318,22.61,70.44,0.811080489
14-11-2008,2008,11,319,23.33,77.04,0.65803459
15-11-2008,2008,11,320,22.67,73.97,0.716826641
16-11-2008,2008,11,321,22.47,83.22,0.456521186
17-11-2008,2008,11,322,23.9,81.45,0.550203054
18-11-2008,2008,11,323,24.26,80.88,0.579489338
19-11-2008,2008,11,324,23.59,85.62,0.418640574
20-11-2008,2008,11,325,22.8,90.88,0.253137568
21-11-2008,2008,11,326,23.24,84.78,0.433842951
22-11-2008,2008,11,327,22.02,88.72,0.298599191
23-11-2008,2008,11,328,21.48,90.75,0.236918696
24-11-2008,2008,11,329,21.87,87.47,0.328668643
25-11-2008,2008,11,330,22.23,84.51,0.41532157
26-11-2008,2008,11,331,21.67,87.42,0.325974966
27-11-2008,2008,11,332,22.13,87.95,0.321126905
28-11-2008,2008,11,333,22.82,91.6,0.233435648
29-11-2008,2008,11,334,23.81,87.69,0.36315203
30-11-2008,2008,11,335,23.01,89.7,0.289547146
01-12-2008,2008,12,336,23.11,85.67,0.405278754
02-12-2008,2008,12,337,23.12,85.74,0.403542816
03-12-2008,2008,12,338,21.74,82.72,0.449680996
04-12-2008,2008,12,339,20.08,80.1,0.467627328
05-12-2008,2008,12,340,19.15,85.58,0.319841506
06-12-2008,2008,12,341,20.5,81.07,0.456523694
07-12-2008,2008,12,342,22.1,82.19,0.473761911
08-12-2008,2008,12,343,22.3,87.24,0.343583997
09-12-2008,2008,12,344,22.16,89.91,0.269385399
10-12-2008,2008,12,345,21.99,91.1,0.235166489
11-12-2008,2008,12,346,22.31,84.71,0.41195884
12-12-2008,2008,12,347,20.78,77.3,0.556966144
13-12-2008,2008,12,348,21.94,82.48,0.46152542
14-12-2008,2008,12,349,21.93,82.33,0.465193065
15-12-2008,2008,12,350,21.8,84.99,0.392041973
16-12-2008,2008,12,351,21.8,84.47,0.405623707
17-12-2008,2008,12,352,22.07,80.82,0.509273663
18-12-2008,2008,12,353,21.36,80.32,0.50037076
19-12-2008,2008,12,354,21.73,78.75,0.552655478
20-12-2008,2008,12,355,21.57,78.28,0.559382092
21-12-2008,2008,12,356,20.84,77.59,0.551883908
22-12-2008,2008,12,357,19.92,71.38,0.665909157
23-12-2008,2008,12,358,19.81,74.78,0.58281415
24-12-2008,2008,12,359,21.43,81.05,0.483880016
25-12-2008,2008,12,360,21.75,76.92,0.600982508
26-12-2008,2008,12,361,21.01,73.21,0.666678108
27-12-2008,2008,12,362,20.47,70.66,0.706267674
28-12-2008,2008,12,363,19.82,65.62,0.794987144
29-12-2008,2008,12,364,19.08,62.56,0.826819108
30-12-2008,2008,12,365,18.8,71.35,0.621740767
31-12-2008,2008,12,366,18.9,71.47,0.623015841
01-01-2009,2009,1,1,19.7,71.11,0.663085698
02-01-2009,2009,1,2,20.31,72.38,0.658331225
03-01-2009,2009,1,3,20.21,73.46,0.628693134
04-01-2009,2009,1,4,20.25,70.47,0.701252929
05-01-2009,2009,1,5,20.6,70.67,0.711707793
06-01-2009,2009,1,6,20.59,69.87,0.730669852
07-01-2009,2009,1,7,21.11,73.02,0.675541163
08-01-2009,2009,1,8,22.94,76.06,0.670142405
09-01-2009,2009,1,9,22.48,73.69,0.716231752
10-01-2009,2009,1,10,21.99,72.49,0.72690226
11-01-2009,2009,1,11,22.16,73.17,0.716314199
12-01-2009,2009,1,12,21.77,69.47,0.795945317
13-01-2009,2009,1,13,20.81,69.45,0.750958115
14-01-2009,2009,1,14,20.98,69.57,0.755866526
15-01-2009,2009,1,15,20.78,74.67,0.621495701
16-01-2009,2009,1,16,21.3,71.73,0.716137048
17-01-2009,2009,1,17,20.99,70.69,0.728493654
18-01-2009,2009,1,18,21.14,67.89,0.805470598
19-01-2009,2009,1,19,21.04,66.76,0.828713912
20-01-2009,2009,1,20,20.41,65.29,0.832446424
21-01-2009,2009,1,21,20.84,62.84,0.915127444
22-01-2009,2009,1,22,21.24,66.07,0.856361149
23-01-2009,2009,1,23,21.76,64.17,0.933550994
24-01-2009,2009,1,24,21.5,66.65,0.855233977
25-01-2009,2009,1,25,22.32,63.65,0.97997461
26-01-2009,2009,1,26,23.25,71.65,0.808598892
27-01-2009,2009,1,27,24.24,75.64,0.737419294
28-01-2009,2009,1,28,25.42,70.4,0.961377548
29-01-2009,2009,1,29,24.85,65.85,1.072168031
30-01-2009,2009,1,30,23.02,55.99,1.237929981
31-01-2009,2009,1,31,22.22,55.64,1.188667411
01-02-2009,2009,2,32,22.66,55.02,1.237929932
02-02-2009,2009,2,33,22.82,55.1,1.24776912
03-02-2009,2009,2,34,23.28,54.82,1.290959867
04-02-2009,2009,2,35,24.06,56.78,1.294300884
05-02-2009,2009,2,36,23.75,55.13,1.318924146
06-02-2009,2009,2,37,22.82,53.35,1.296401547
07-02-2009,2009,2,38,23.09,58.29,1.17821048
08-02-2009,2009,2,39,23.5,58.36,1.205699014
09-02-2009,2009,2,40,23.51,56.31,1.265819824
10-02-2009,2009,2,41,23.07,51.98,1.354814423
11-02-2009,2009,2,42,23.98,50.51,1.474968946
12-02-2009,2009,2,43,25.11,59.22,1.300308215
13-02-2009,2009,2,44,26.06,56.53,1.466408593
14-02-2009,2009,2,45,25.27,47.13,1.70192896
15-02-2009,2009,2,46,24.83,43.47,1.772691334
16-02-2009,2009,2,47,23.81,41.58,1.72342336
17-02-2009,2009,2,48,23.7,48.85,1.499005672
18-02-2009,2009,2,49,23.68,53.79,1.352605104
19-02-2009,2009,2,50,24.33,49.54,1.535767256
20-02-2009,2009,2,51,24.57,56.65,1.338449263
21-02-2009,2009,2,52,26.42,58.36,1.434833315
22-02-2009,2009,2,53,27.22,54.68,1.636784721
23-02-2009,2009,2,54,27.37,53.89,1.68000315
24-02-2009,2009,2,55,28.23,48.79,1.961776743
25-02-2009,2009,2,56,28.5,52.82,1.835952863
26-02-2009,2009,2,57,29.14,49.04,2.057866644
27-02-2009,2009,2,58,28.08,41.52,2.220820845
28-02-2009,2009,2,59,27.33,29.06,2.578633956
01-03-2009,2009,3,60,28.54,32.59,2.629271596
02-03-2009,2009,3,61,28.62,42.66,2.246895979
03-03-2009,2009,3,62,28.29,36.87,2.426860733
04-03-2009,2009,3,63,28.13,46.91,2.022005087
05-03-2009,2009,3,64,28.36,53.04,1.812603963
06-03-2009,2009,3,65,28.44,48.16,2.010280757
07-03-2009,2009,3,66,28.48,43.26,2.205408488
08-03-2009,2009,3,67,28.14,35.67,2.451521375
09-03-2009,2009,3,68,26.85,44.23,1.970959125
10-03-2009,2009,3,69,25.5,53.1,1.530514254
11-03-2009,2009,3,70,25.85,67.69,1.076487992
12-03-2009,2009,3,71,26,71.26,0.966077807
13-03-2009,2009,3,72,26.17,60.46,1.342528645
14-03-2009,2009,3,73,26.29,62.22,1.291886043
15-03-2009,2009,3,74,25.82,62.96,1.23189037
16-03-2009,2009,3,75,26.8,55.72,1.560303036
17-03-2009,2009,3,76,27.06,50.58,1.768202902
18-03-2009,2009,3,77,27.48,46.4,1.965501804
19-03-2009,2009,3,78,27.87,43.92,2.103792308
20-03-2009,2009,3,79,27.96,48.46,1.943643341
21-03-2009,2009,3,80,28.59,53.76,1.808789122
22-03-2009,2009,3,81,28.73,51.39,1.916983548
23-03-2009,2009,3,82,28.12,54.04,1.749431351
24-03-2009,2009,3,83,27.45,56.93,1.576601174
25-03-2009,2009,3,84,27.96,50.11,1.881419602
26-03-2009,2009,3,85,28.12,53.95,1.752857131
27-03-2009,2009,3,86,27.91,60.34,1.491282403
28-03-2009,2009,3,87,29.08,55.05,1.808893059
29-03-2009,2009,3,88,29.04,48.53,2.066492879
30-03-2009,2009,3,89,28.77,45.45,2.156221195
31-03-2009,2009,3,90,28.84,41.32,2.328885131
01-04-2009,2009,4,91,29.25,40.44,2.420467157
02-04-2009,2009,4,92,29.53,38.29,2.548630294
03-04-2009,2009,4,93,29.33,37.16,2.565571502
04-04-2009,2009,4,94,29.6,36.29,2.641850879
05-04-2009,2009,4,95,29.41,41.42,2.402700029
06-04-2009,2009,4,96,30.19,52.01,2.058543311
07-04-2009,2009,4,97,28.45,62.68,1.448056085
08-04-2009,2009,4,98,27.74,61.22,1.443811495
09-04-2009,2009,4,99,28.16,59.06,1.561978828
10-04-2009,2009,4,100,28.06,58.08,1.590090925
11-04-2009,2009,4,101,26.99,60.22,1.417460461
12-04-2009,2009,4,102,28.16,62.22,1.441415733
13-04-2009,2009,4,103,26.56,71.59,0.987058317
14-04-2009,2009,4,104,27.45,67.01,1.207617198
15-04-2009,2009,4,105,27.62,68.98,1.146839631
16-04-2009,2009,4,106,27.22,68.84,1.125379786
17-04-2009,2009,4,107,27.48,70.51,1.08139269
18-04-2009,2009,4,108,28.78,66.63,1.319794041
19-04-2009,2009,4,109,28.01,72.79,1.029118067
20-04-2009,2009,4,110,26.1,81.43,0.627918888
21-04-2009,2009,4,111,26.86,71.98,0.990832339
22-04-2009,2009,4,112,26.18,76.53,0.797363538
23-04-2009,2009,4,113,27.8,67.64,1.209013267
24-04-2009,2009,4,114,29.12,60.57,1.590424742
25-04-2009,2009,4,115,28.28,63.39,1.406554178
26-04-2009,2009,4,116,29.39,58.34,1.706746436
27-04-2009,2009,4,117,29.9,54.31,1.927564418
28-04-2009,2009,4,118,30.25,56.98,1.851705076
29-04-2009,2009,4,119,29.15,62.52,1.514391257
30-04-2009,2009,4,120,26.63,76.91,0.805535177
01-05-2009,2009,5,121,26.79,74.11,0.911755113
02-05-2009,2009,5,122,27.6,70.8,1.078292332
03-05-2009,2009,5,123,28.68,66.79,1.30588212
04-05-2009,2009,5,124,25.85,78.2,0.726321208
05-05-2009,2009,5,125,26.81,70.81,1.029178254
06-05-2009,2009,5,126,27.07,69.66,1.086174488
07-05-2009,2009,5,127,27.29,69.68,1.09953977
08-05-2009,2009,5,128,26.48,77.66,0.772518724
09-05-2009,2009,5,129,25.46,82.46,0.57103555
10-05-2009,2009,5,130,26.51,76.89,0.800558524
11-05-2009,2009,5,131,28.18,67.94,1.224604689
12-05-2009,2009,5,132,27.97,72.44,1.039930491
13-05-2009,2009,5,133,26.74,77.01,0.807251604
14-05-2009,2009,5,134,27.77,67.75,1.202797251
15-05-2009,2009,5,135,26.2,76.97,0.783339336
16-05-2009,2009,5,136,25.45,81.75,0.593797866
17-05-2009,2009,5,137,26.36,78.86,0.725871761
18-05-2009,2009,5,138,26.22,77.84,0.754637514
19-05-2009,2009,5,139,25.49,79.3,0.675114081
20-05-2009,2009,5,140,24.96,76.53,0.74170785
21-05-2009,2009,5,141,24.78,83.33,0.52118795
22-05-2009,2009,5,142,25.23,81.18,0.604392339
23-05-2009,2009,5,143,25.8,78.73,0.706568668
24-05-2009,2009,5,144,25.12,81.91,0.577159853
25-05-2009,2009,5,145,24.43,84.31,0.480396974
26-05-2009,2009,5,146,24.91,81.18,0.592987201
27-05-2009,2009,5,147,25.11,76.95,0.73497068
28-05-2009,2009,5,148,26.01,76.86,0.778297103
29-05-2009,2009,5,149,25.92,80.07,0.666773291
30-05-2009,2009,5,150,25.37,84.57,0.499664659
31-05-2009,2009,5,151,24.47,85.61,0.44164897
01-06-2009,2009,6,152,25.53,78.6,0.699602476
02-06-2009,2009,6,153,25.66,77.23,0.750150401
03-06-2009,2009,6,154,25.97,75.86,0.810013648
04-06-2009,2009,6,155,26.02,75.36,0.829238508
05-06-2009,2009,6,156,25.67,80.64,0.638187142
06-06-2009,2009,6,157,23.83,85.2,0.437133613
07-06-2009,2009,6,158,23.48,80.58,0.561634818
08-06-2009,2009,6,159,24.52,81.6,0.566412319
09-06-2009,2009,6,160,25.22,78.85,0.678815043
10-06-2009,2009,6,161,25.28,83.98,0.516003654
11-06-2009,2009,6,162,25.31,80,0.645348916
12-06-2009,2009,6,163,24.96,80.08,0.629519403
13-06-2009,2009,6,164,23.82,83.67,0.482033975
14-06-2009,2009,6,165,23.78,84.48,0.45702388
15-06-2009,2009,6,166,23.77,84.66,0.451451826
16-06-2009,2009,6,167,24.54,82.05,0.553220873
17-06-2009,2009,6,168,23.95,84.86,0.450411085
18-06-2009,2009,6,169,24.15,87.01,0.3911144
19-06-2009,2009,6,170,23.54,89.35,0.309118021
20-06-2009,2009,6,171,23.51,86.9,0.379543138
21-06-2009,2009,6,172,23.86,83.75,0.480826947
22-06-2009,2009,6,173,23.7,87.47,0.367205104
23-06-2009,2009,6,174,23.97,82.88,0.509927531
24-06-2009,2009,6,175,23.19,84.8,0.431966682
25-06-2009,2009,6,176,23.41,82.52,0.503400615
26-06-2009,2009,6,177,22.19,84.61,0.411637151
27-06-2009,2009,6,178,22.81,78.36,0.60101055
28-06-2009,2009,6,179,24.46,76.03,0.735232531
29-06-2009,2009,6,180,24.08,83.7,0.488718924
30-06-2009,2009,6,181,24.16,83.33,0.502216086
01-07-2009,2009,7,182,22.87,89.16,0.302156636
02-07-2009,2009,7,183,23.03,87.16,0.361386866
03-07-2009,2009,7,184,23.25,85.31,0.418988279
04-07-2009,2009,7,185,23.21,88.45,0.328634535
05-07-2009,2009,7,186,23.07,86.28,0.387089835
06-07-2009,2009,7,187,23.1,85.83,0.400511536
07-07-2009,2009,7,188,22.66,87.03,0.356957564
08-07-2009,2009,7,189,23.15,86.09,0.394352362
09-07-2009,2009,7,190,23.04,84.71,0.430603381
10-07-2009,2009,7,191,23.1,82.55,0.493219923
11-07-2009,2009,7,192,23.86,87.37,0.373713498
12-07-2009,2009,7,193,23.55,85.13,0.431864264
13-07-2009,2009,7,194,23.67,87.97,0.35191628
14-07-2009,2009,7,195,23.26,88.22,0.336192124
15-07-2009,2009,7,196,23.16,86.22,0.390902907
16-07-2009,2009,7,197,23.2,86.24,0.391279759
17-07-2009,2009,7,198,23.35,88.83,0.320519164
18-07-2009,2009,7,199,22.75,89.17,0.299691587
19-07-2009,2009,7,200,22.33,89.3,0.288641141
20-07-2009,2009,7,201,23.28,87.44,0.3588857
21-07-2009,2009,7,202,23.28,86.98,0.372029603
22-07-2009,2009,7,203,23.22,85.84,0.403140764
23-07-2009,2009,7,204,23.29,85.72,0.408278798
24-07-2009,2009,7,205,23.72,84.53,0.453910738
25-07-2009,2009,7,206,24.11,85.78,0.427122646
26-07-2009,2009,7,207,23.8,86.49,0.39831321
27-07-2009,2009,7,208,23.99,87.15,0.383203311
28-07-2009,2009,7,209,23.6,88.29,0.341114993
29-07-2009,2009,7,210,23.65,88.93,0.323443663
30-07-2009,2009,7,211,23.06,85.92,0.397006632
31-07-2009,2009,7,212,23.61,89.36,0.310132303
01-08-2009,2009,8,213,22.88,88.8,0.312380424
02-08-2009,2009,8,214,23.29,88.7,0.32307776
03-08-2009,2009,8,215,23.77,87.85,0.357571035
04-08-2009,2009,8,216,24.04,85.06,0.4468687
05-08-2009,2009,8,217,23.69,86.81,0.386314626
06-08-2009,2009,8,218,24.15,86.24,0.414298241
07-08-2009,2009,8,219,23.98,85.4,0.43512925
08-08-2009,2009,8,220,23.82,87.06,0.38196691
09-08-2009,2009,8,221,24.34,85.7,0.435486003
10-08-2009,2009,8,222,24.25,86.49,0.409216132
11-08-2009,2009,8,223,24.36,86.3,0.417713664
12-08-2009,2009,8,224,24.32,86.04,0.424623035
13-08-2009,2009,8,225,24.26,85.62,0.435829324
14-08-2009,2009,8,226,24.03,88.48,0.344366753
15-08-2009,2009,8,227,23.64,81.47,0.541084463
16-08-2009,2009,8,228,23.54,82.95,0.494879086
17-08-2009,2009,8,229,22.47,89.2,0.2938277
18-08-2009,2009,8,230,22.93,91.42,0.240031053
19-08-2009,2009,8,231,24.74,82.16,0.556438235
20-08-2009,2009,8,232,23.53,85.7,0.414809937
21-08-2009,2009,8,233,23.35,86.84,0.377621504
22-08-2009,2009,8,234,22.71,87.58,0.342858397
23-08-2009,2009,8,235,22.87,90.73,0.258394098
24-08-2009,2009,8,236,23.15,88.12,0.336801298
25-08-2009,2009,8,237,23.31,87.63,0.354097181
26-08-2009,2009,8,238,22.66,87.63,0.340444492
27-08-2009,2009,8,239,22.92,86.37,0.381077378
28-08-2009,2009,8,240,23.82,86.35,0.402924909
29-08-2009,2009,8,241,23.67,86.29,0.401061696
30-08-2009,2009,8,242,23.88,86.28,0.406454007
31-08-2009,2009,8,243,23.35,90.02,0.286372539
01-09-2009,2009,9,244,23.78,86.72,0.391061671
02-09-2009,2009,9,245,23.08,85,0.423459073
03-09-2009,2009,9,246,23.55,86.61,0.388881136
04-09-2009,2009,9,247,23.19,88.06,0.339321196
05-09-2009,2009,9,248,23.41,88.17,0.340688173
06-09-2009,2009,9,249,23.62,85.61,0.419689025
07-09-2009,2009,9,250,23.88,86.44,0.401714019
08-09-2009,2009,9,251,24.03,85.37,0.437333819
09-09-2009,2009,9,252,23.77,85.69,0.421139219
10-09-2009,2009,9,253,23.96,83.79,0.482532948
11-09-2009,2009,9,254,24.57,81.11,0.583236599
12-09-2009,2009,9,255,25.38,81.1,0.612396164
13-09-2009,2009,9,256,24.08,89.45,0.316318077
14-09-2009,2009,9,257,24.21,82.63,0.524875568
15-09-2009,2009,9,258,24.36,81.6,0.561016892
16-09-2009,2009,9,259,23.67,89.11,0.318567605
17-09-2009,2009,9,260,23.87,90.63,0.27741885
18-09-2009,2009,9,261,23.55,88.98,0.320050046
19-09-2009,2009,9,262,22.99,85.85,0.397295041
20-09-2009,2009,9,263,24.08,85.78,0.426354791
21-09-2009,2009,9,264,24.32,85.38,0.444698336
22-09-2009,2009,9,265,23.37,89.67,0.296773459
23-09-2009,2009,9,266,23.86,86.56,0.397680872
24-09-2009,2009,9,267,23.9,88.71,0.334867519
25-09-2009,2009,9,268,23.7,82.17,0.522527295
26-09-2009,2009,9,269,22.83,88.08,0.331456989
27-09-2009,2009,9,270,24.03,88.59,0.341078529
28-09-2009,2009,9,271,24.17,87.91,0.364453113
29-09-2009,2009,9,272,23.41,88,0.345583946
30-09-2009,2009,9,273,23.23,88.32,0.332735033
01-10-2009,2009,10,274,22.36,89.68,0.278898496
02-10-2009,2009,10,275,23.01,89.46,0.296293875
03-10-2009,2009,10,276,23.3,87.09,0.369332008
04-10-2009,2009,10,277,23.35,86.74,0.380490968
05-10-2009,2009,10,278,23.31,85.54,0.413924433
06-10-2009,2009,10,279,23.65,84.95,0.439731448
07-10-2009,2009,10,280,23.47,85.24,0.426608429
08-10-2009,2009,10,281,24.01,83.08,0.505181955
09-10-2009,2009,10,282,24.02,83.14,0.503692732
10-10-2009,2009,10,283,24.26,82.29,0.53675503
11-10-2009,2009,10,284,24.3,84.43,0.473027766
12-10-2009,2009,10,285,23.8,87,0.38327696
13-10-2009,2009,10,286,23.98,85.2,0.441089925
14-10-2009,2009,10,287,24.8,80.26,0.617908432
15-10-2009,2009,10,288,24.75,81.14,0.58860371
16-10-2009,2009,10,289,24.99,77.02,0.727521823
17-10-2009,2009,10,290,25.15,75.28,0.790098581
18-10-2009,2009,10,291,26.24,72.82,0.926681828
19-10-2009,2009,10,292,26.23,71.39,0.974861192
20-10-2009,2009,10,293,26.08,71.59,0.959510591
21-10-2009,2009,10,294,26.12,70.57,0.996311016
22-10-2009,2009,10,295,25.59,67.66,1.061018868
23-10-2009,2009,10,296,25.16,68.13,1.019232497
24-10-2009,2009,10,297,24.5,73.48,0.815396928
25-10-2009,2009,10,298,24.86,76.57,0.736043377
26-10-2009,2009,10,299,25.79,70.51,0.979049229
27-10-2009,2009,10,300,25.91,68.41,1.056242476
28-10-2009,2009,10,301,25.6,74.54,0.83579354
29-10-2009,2009,10,302,24.09,80.78,0.576614339
30-10-2009,2009,10,303,24.45,74.14,0.792730256
31-10-2009,2009,10,304,24.12,76.97,0.692161411
01-11-2009,2009,11,305,23.8,80.08,0.587298234
02-11-2009,2009,11,306,24.71,73.95,0.811058435
03-11-2009,2009,11,307,24.78,75.86,0.754737679
04-11-2009,2009,11,308,24.08,82.61,0.521400128
05-11-2009,2009,11,309,23.38,84.25,0.452759133
06-11-2009,2009,11,310,22.78,86.81,0.365662441
07-11-2009,2009,11,311,22.55,92.32,0.209961453
08-11-2009,2009,11,312,22.43,94.68,0.144386118
09-11-2009,2009,11,313,22.58,93.59,0.175560601
10-11-2009,2009,11,314,22.43,89.99,0.27167388
11-11-2009,2009,11,315,22.67,89.61,0.28612481
12-11-2009,2009,11,316,23.82,86.43,0.400563444
13-11-2009,2009,11,317,23.69,86.97,0.381628475
14-11-2009,2009,11,318,22.02,91.07,0.236391026
15-11-2009,2009,11,319,21.56,93.37,0.170646217
16-11-2009,2009,11,320,22.21,92.64,0.197098066
17-11-2009,2009,11,321,22.74,90.64,0.258856306
18-11-2009,2009,11,322,23.07,84.55,0.435899268
19-11-2009,2009,11,323,23.84,87.51,0.369127097
20-11-2009,2009,11,324,23.41,88.65,0.326864816
21-11-2009,2009,11,325,22.9,88.29,0.327000552
22-11-2009,2009,11,326,22.69,88.72,0.31101098
23-11-2009,2009,11,327,22.9,88.35,0.325325058
24-11-2009,2009,11,328,23.68,84.09,0.465698923
25-11-2009,2009,11,329,23.37,84.74,0.438408808
26-11-2009,2009,11,330,22.61,84.83,0.416241239
27-11-2009,2009,11,331,21.45,81.73,0.467088024
28-11-2009,2009,11,332,20.84,81.52,0.455101054
29-11-2009,2009,11,333,21.98,82.29,0.467669718
30-11-2009,2009,11,334,22.58,83.84,0.442598955
01-12-2009,2009,12,335,21.79,88.12,0.310101014
02-12-2009,2009,12,336,21.94,89.97,0.264218035
03-12-2009,2009,12,337,23.75,84.43,0.457669912
04-12-2009,2009,12,338,23.56,85.64,0.417303765
05-12-2009,2009,12,339,22.65,84.42,0.428529465
06-12-2009,2009,12,340,21,76.75,0.578228755
07-12-2009,2009,12,341,20.58,75.87,0.584805915
08-12-2009,2009,12,342,20.97,76.38,0.586349068
09-12-2009,2009,12,343,22.1,78.09,0.582825573
10-12-2009,2009,12,344,20.28,76.03,0.570274744
11-12-2009,2009,12,345,21.08,77.89,0.552584773
12-12-2009,2009,12,346,22.31,81.72,0.492518482
13-12-2009,2009,12,347,23.3,83.65,0.467744255
14-12-2009,2009,12,348,23.54,79.62,0.59153289
15-12-2009,2009,12,349,23.62,81.31,0.545099922
16-12-2009,2009,12,350,23.22,82.92,0.486274311
17-12-2009,2009,12,351,23.81,80.92,0.562870896
18-12-2009,2009,12,352,23.42,79.8,0.582083819
19-12-2009,2009,12,353,23.65,79.74,0.591957418
20-12-2009,2009,12,354,23.74,76.29,0.69652085
21-12-2009,2009,12,355,23.57,80.4,0.569922072
22-12-2009,2009,12,356,23.32,81.93,0.517574614
23-12-2009,2009,12,357,22.69,79.61,0.562190948
24-12-2009,2009,12,358,22.57,76.63,0.639682105
25-12-2009,2009,12,359,21.59,75.63,0.628398883
26-12-2009,2009,12,360,22.78,76.68,0.646493413
27-12-2009,2009,12,361,22.22,83.59,0.439721195
28-12-2009,2009,12,362,21.9,84.36,0.410997123
29-12-2009,2009,12,363,22.85,79.13,0.581031101
30-12-2009,2009,12,364,23,73.86,0.734386994
31-12-2009,2009,12,365,23.81,75.26,0.729844128
01-01-2010,2010,1,1,23.43,74.46,0.736405246
02-01-2010,2010,1,2,22.71,70.37,0.817946401
03-01-2010,2010,1,3,21.14,74.69,0.634894451
04-01-2010,2010,1,4,21.93,67.87,0.845877373
05-01-2010,2010,1,5,22.06,67.12,0.872508861
06-01-2010,2010,1,6,21.89,70.62,0.771594105
07-01-2010,2010,1,7,22.78,73.12,0.745186233
08-01-2010,2010,1,8,23.21,71.99,0.796974313
09-01-2010,2010,1,9,24.54,76.47,0.725197055
10-01-2010,2010,1,10,24.44,75.38,0.754267118
11-01-2010,2010,1,11,24.62,73.52,0.820027166
12-01-2010,2010,1,12,24.87,75.6,0.766972694
13-01-2010,2010,1,13,25.26,76.95,0.741557584
14-01-2010,2010,1,14,25,72.27,0.878424761
15-01-2010,2010,1,15,24.07,70.19,0.893249958
16-01-2010,2010,1,16,23.04,70.64,0.826848612
17-01-2010,2010,1,17,23.3,67.89,0.918609665
18-01-2010,2010,1,18,23.24,71.03,0.825783856
19-01-2010,2010,1,19,23.91,70.1,0.88738306
20-01-2010,2010,1,20,23.63,70.43,0.862937945
21-01-2010,2010,1,21,22.79,68.62,0.870465597
22-01-2010,2010,1,22,21.66,63.16,0.954020779
23-01-2010,2010,1,23,21.24,60.76,0.990380533
24-01-2010,2010,1,24,21.57,64.85,0.905261534
25-01-2010,2010,1,25,22.45,67.2,0.891282293
26-01-2010,2010,1,26,23.4,66.88,0.95323675
27-01-2010,2010,1,27,24.03,64.96,1.047448874
28-01-2010,2010,1,28,24.04,68.01,0.956849379
29-01-2010,2010,1,29,24.33,62.34,1.146194904
30-01-2010,2010,1,30,24.07,60.32,1.189002292
31-01-2010,2010,1,31,23.67,63.82,1.058381631
01-02-2010,2010,2,32,23.83,61.34,1.141863884
02-02-2010,2010,2,33,23.42,56.77,1.245717004
03-02-2010,2010,2,34,23.51,54.04,1.331587986
04-02-2010,2010,2,35,23.41,55.58,1.279236574
05-02-2010,2010,2,36,23.56,55.3,1.298988738
06-02-2010,2010,2,37,22.99,54.7,1.271905679
07-02-2010,2010,2,38,23.19,58.78,1.171425436
08-02-2010,2010,2,39,24.31,56.63,1.318400955
09-02-2010,2010,2,40,24.86,52.63,1.488108186
10-02-2010,2010,2,41,25.87,55.91,1.470707585
11-02-2010,2010,2,42,25.94,50.32,1.664049388
12-02-2010,2010,2,43,26.5,52.08,1.659029866
13-02-2010,2010,2,44,26.96,54.41,1.621628082
14-02-2010,2010,2,45,27.24,48.7,1.854930823
15-02-2010,2010,2,46,26.2,50.86,1.67144138
16-02-2010,2010,2,47,25.74,49.59,1.668631823
17-02-2010,2010,2,48,26.2,53.04,1.597291152
18-02-2010,2010,2,49,27.1,51.28,1.747250508
19-02-2010,2010,2,50,26.46,52.88,1.627494389
20-02-2010,2010,2,51,26.74,42.89,2.005312705
21-02-2010,2010,2,52,27.15,46.39,1.928263773
22-02-2010,2010,2,53,28.01,44.94,2.082441779
23-02-2010,2010,2,54,27.93,51.21,1.836724629
24-02-2010,2010,2,55,28.36,59.18,1.575606767
25-02-2010,2010,2,56,28.6,55.85,1.728035105
26-02-2010,2010,2,57,29.05,49.51,2.028317822
27-02-2010,2010,2,58,28.96,43.06,2.275565811
28-02-2010,2010,2,59,28.13,41.47,2.22919491
01-03-2010,2010,3,60,27.12,35.13,2.32916871
02-03-2010,2010,3,61,27.33,35.44,2.346724108
03-03-2010,2010,3,62,27.84,32.23,2.537890612
04-03-2010,2010,3,63,28.42,50.13,1.931643528
05-03-2010,2010,3,64,28.87,58.98,1.630825026
06-03-2010,2010,3,65,28.88,57.88,1.675526441
07-03-2010,2010,3,66,29.66,51.77,2.006858317
08-03-2010,2010,3,67,29.71,45.66,2.267605665
09-03-2010,2010,3,68,29.19,37.16,2.544938612
10-03-2010,2010,3,69,27.98,45.45,2.059552054
11-03-2010,2010,3,70,28.18,50.57,1.888091384
12-03-2010,2010,3,71,27.95,50.4,1.869394152
13-03-2010,2010,3,72,28.26,45.35,2.097211292
14-03-2010,2010,3,73,29.14,40.56,2.400305992
15-03-2010,2010,3,74,30.02,45.09,2.332541076
16-03-2010,2010,3,75,28.5,48.1,2.019625977
17-03-2010,2010,3,76,28.49,41.09,2.291082259
18-03-2010,2010,3,77,27.65,47.1,1.959193255
19-03-2010,2010,3,78,27.92,43.74,2.116703094
20-03-2010,2010,3,79,29.05,35.92,2.57426433
21-03-2010,2010,3,80,29.36,32.62,2.755687295
22-03-2010,2010,3,81,29.2,36.24,2.583687902
23-03-2010,2010,3,82,29.2,43.59,2.285850605
24-03-2010,2010,3,83,29.47,47.39,2.165306501
25-03-2010,2010,3,84,29.15,43.59,2.279263895
26-03-2010,2010,3,85,29.64,53.37,1.938051689
27-03-2010,2010,3,86,29.12,62.53,1.511367362
28-03-2010,2010,3,87,29.86,55.73,1.863373708
29-03-2010,2010,3,88,29.43,58.47,1.705345932
30-03-2010,2010,3,89,29.16,62.17,1.529415674
31-03-2010,2010,3,90,28.27,65.09,1.340461167
01-04-2010,2010,4,91,29.37,58.81,1.685547549
02-04-2010,2010,4,92,30.57,53.61,2.033633275
03-04-2010,2010,4,93,30.56,54.84,1.978582431
04-04-2010,2010,4,94,30.66,52.62,2.087733003
05-04-2010,2010,4,95,29.65,57.6,1.763256776
06-04-2010,2010,4,96,28.64,50.23,1.952523496
07-04-2010,2010,4,97,30.18,39.85,2.578672171
08-04-2010,2010,4,98,28.71,54.45,1.794230095
09-04-2010,2010,4,99,29.29,60.81,1.596326192
10-04-2010,2010,4,100,28.73,63.84,1.426005453
11-04-2010,2010,4,101,29.64,60.64,1.635893512
12-04-2010,2010,4,102,28.44,68.77,1.211054553
13-04-2010,2010,4,103,28.37,68.31,1.223909352
14-04-2010,2010,4,104,27.7,72.41,1.024803893
15-04-2010,2010,4,105,28.72,63.65,1.432668409
16-04-2010,2010,4,106,28.36,62.12,1.462126025
17-04-2010,2010,4,107,27.73,72.46,1.024738962
18-04-2010,2010,4,108,27.55,72.56,1.010344204
19-04-2010,2010,4,109,26.49,76.39,0.816916404
20-04-2010,2010,4,110,26.48,78.37,0.747966875
21-04-2010,2010,4,111,26.85,74.31,0.9079064
22-04-2010,2010,4,112,28.79,66.02,1.344697856
23-04-2010,2010,4,113,27.6,74.38,0.946090738
24-04-2010,2010,4,114,26.88,79.17,0.73744798
25-04-2010,2010,4,115,26.9,76.82,0.821609692
26-04-2010,2010,4,116,27.41,72.85,0.991518818
27-04-2010,2010,4,117,27.4,73.28,0.975244639
28-04-2010,2010,4,118,27.49,73.05,0.9888292
29-04-2010,2010,4,119,27.35,74.12,0.941826821
30-04-2010,2010,4,120,26.5,77.71,0.771698158
01-05-2010,2010,5,121,26.23,67.86,1.095142912
02-05-2010,2010,5,122,26.49,71.55,0.984382537
03-05-2010,2010,5,123,26.54,78.53,0.745061815
04-05-2010,2010,5,124,26.81,78.54,0.756634647
05-05-2010,2010,5,125,27.71,74.54,0.946239122
06-05-2010,2010,5,126,29.07,68.76,1.256444723
07-05-2010,2010,5,127,27.9,76.17,0.895525946
08-05-2010,2010,5,128,27.95,75.79,0.912460331
09-05-2010,2010,5,129,26.68,81.25,0.656053301
10-05-2010,2010,5,130,27.49,73.02,0.989929938
11-05-2010,2010,5,131,27.25,75.11,0.900512128
12-05-2010,2010,5,132,28.39,71.95,1.084586457
13-05-2010,2010,5,133,28.74,68.89,1.227564306
14-05-2010,2010,5,134,27.47,71.47,1.045578281
15-05-2010,2010,5,135,27.65,69.42,1.132554438
16-05-2010,2010,5,136,28.29,73.72,1.01026295
17-05-2010,2010,5,137,28.32,72.79,1.047838811
18-05-2010,2010,5,138,26.25,80.61,0.661477771
19-05-2010,2010,5,139,25.13,84.43,0.497055178
20-05-2010,2010,5,140,26,83.9,0.541191812
21-05-2010,2010,5,141,25.93,81.17,0.630344677
22-05-2010,2010,5,142,26.65,73.92,0.910917683
23-05-2010,2010,5,143,26.59,79.43,0.715933526
24-05-2010,2010,5,144,26.17,81.23,0.637310639
25-05-2010,2010,5,145,24.67,84.59,0.478640949
26-05-2010,2010,5,146,25.72,76.12,0.789520911
27-05-2010,2010,5,147,26.88,77.09,0.811086569
28-05-2010,2010,5,148,26.64,79.19,0.7264206
29-05-2010,2010,5,149,25.6,82.69,0.568247689
30-05-2010,2010,5,150,25.44,80.09,0.647424619
31-05-2010,2010,5,151,24.81,81.5,0.579439071
01-06-2010,2010,6,152,26.31,75.37,0.84321622
02-06-2010,2010,6,153,27.5,74.56,0.933971141
03-06-2010,2010,6,154,27.61,70.25,1.0992444
04-06-2010,2010,6,155,27.31,75.92,0.874272162
05-06-2010,2010,6,156,24.94,84.07,0.502826302
06-06-2010,2010,6,157,24.39,79.77,0.617922168
07-06-2010,2010,6,158,23.77,81.96,0.530912056
08-06-2010,2010,6,159,23.82,83.67,0.482033975
09-06-2010,2010,6,160,24.93,84.57,0.486753766
10-06-2010,2010,6,161,24.47,87.74,0.376276329
11-06-2010,2010,6,162,23.94,89.46,0.313374045
12-06-2010,2010,6,163,24.5,86.06,0.428606078
13-06-2010,2010,6,164,24.1,91.1,0.267166834
14-06-2010,2010,6,165,24.06,85.62,0.430635047
15-06-2010,2010,6,166,24.23,84.68,0.463485096
16-06-2010,2010,6,167,24.25,87.21,0.387407426
17-06-2010,2010,6,168,23.91,87.27,0.377805564
18-06-2010,2010,6,169,23.93,86.46,0.402328015
19-06-2010,2010,6,170,24.41,82.73,0.528141122
20-06-2010,2010,6,171,24.52,84.22,0.48576013
21-06-2010,2010,6,172,24.26,83.12,0.511599373
22-06-2010,2010,6,173,23.79,87.08,0.380689407
23-06-2010,2010,6,174,24.15,86.57,0.404362309
24-06-2010,2010,6,175,23.39,84.32,0.451018778
25-06-2010,2010,6,176,23.51,83.46,0.479209427
26-06-2010,2010,6,177,24.45,84.89,0.46319235
27-06-2010,2010,6,178,24.71,85.86,0.440244387
28-06-2010,2010,6,179,24.76,87.46,0.391595792
29-06-2010,2010,6,180,24.6,86.93,0.40426573
30-06-2010,2010,6,181,23.13,85.38,0.413980509
01-07-2010,2010,7,182,21.89,86.9,0.344039577
02-07-2010,2010,7,183,22.97,81.97,0.505623198
03-07-2010,2010,7,184,23.16,83.3,0.473735744
04-07-2010,2010,7,185,23.79,85.1,0.439030353
05-07-2010,2010,7,186,22.6,85.99,0.384179495
06-07-2010,2010,7,187,22.54,87.48,0.342073222
07-07-2010,2010,7,188,23.2,85.02,0.425971715
08-07-2010,2010,7,189,23.46,84.22,0.455814704
09-07-2010,2010,7,190,22.88,85.76,0.397169396
10-07-2010,2010,7,191,24.6,84.12,0.491181315
11-07-2010,2010,7,192,25.16,84.45,0.497303588
12-07-2010,2010,7,193,23.78,88.27,0.345418177
13-07-2010,2010,7,194,23.2,89.19,0.307393474
14-07-2010,2010,7,195,23.54,85.66,0.416220885
15-07-2010,2010,7,196,23.75,86.06,0.409757134
16-07-2010,2010,7,197,22.94,89.95,0.281325446
17-07-2010,2010,7,198,22.48,87.3,0.345729504
18-07-2010,2010,7,199,23.42,86.58,0.386711131
19-07-2010,2010,7,200,23.48,87.37,0.365265075
20-07-2010,2010,7,201,23.3,86.77,0.378486635
21-07-2010,2010,7,202,23.41,87.09,0.371790729
22-07-2010,2010,7,203,23.02,86.13,0.390140623
23-07-2010,2010,7,204,22.9,85.1,0.416080975
24-07-2010,2010,7,205,22.54,87.28,0.34753765
25-07-2010,2010,7,206,22.68,87.43,0.346368656
26-07-2010,2010,7,207,23.06,86.79,0.372475683
27-07-2010,2010,7,208,23.68,87.03,0.379642679
28-07-2010,2010,7,209,23.09,85.31,0.41495833
29-07-2010,2010,7,210,22.92,86.52,0.37688357
30-07-2010,2010,7,211,23.07,85.62,0.405710775
31-07-2010,2010,7,212,23.25,86.08,0.397026334
01-08-2010,2010,8,213,23.81,84.7,0.451358737
02-08-2010,2010,8,214,23.77,84.94,0.443211505
03-08-2010,2010,8,215,23.4,87.5,0.359766286
04-08-2010,2010,8,216,23.44,88.52,0.331207126
05-08-2010,2010,8,217,23.77,87.98,0.353745172
06-08-2010,2010,8,218,23.84,87.56,0.367649407
07-08-2010,2010,8,219,24.09,87.07,0.387909646
08-08-2010,2010,8,220,24.08,87.9,0.362791349
09-08-2010,2010,8,221,24.89,83.21,0.528394908
10-08-2010,2010,8,222,24.72,82.36,0.549543722
11-08-2010,2010,8,223,24.52,82.72,0.531935048
12-08-2010,2010,8,224,24.83,83.6,0.514278045
13-08-2010,2010,8,225,24.77,83.61,0.512128077
14-08-2010,2010,8,226,23.87,87.64,0.365944182
15-08-2010,2010,8,227,23.8,90.64,0.275959411
16-08-2010,2010,8,228,23.04,89.16,0.305280618
17-08-2010,2010,8,229,23.67,84.53,0.45254737
18-08-2010,2010,8,230,23.4,85.61,0.414162948
19-08-2010,2010,8,231,23.87,84.42,0.461279155
20-08-2010,2010,8,232,23.21,88.19,0.336032368
21-08-2010,2010,8,233,22.17,90.7,0.24844497
22-08-2010,2010,8,234,23.22,88.86,0.317160177
23-08-2010,2010,8,235,23.35,89.22,0.309328253
24-08-2010,2010,8,236,22.84,90.32,0.269332831
25-08-2010,2010,8,237,22.52,90.38,0.2625201
26-08-2010,2010,8,238,23.02,86.93,0.36763792
27-08-2010,2010,8,239,22.99,89.19,0.303516565
28-08-2010,2010,8,240,23.63,89.58,0.304085674
29-08-2010,2010,8,241,23.76,89.18,0.3182381
30-08-2010,2010,8,242,22.37,89.93,0.272307693
31-08-2010,2010,8,243,22.62,85.01,0.411551904
01-09-2010,2010,9,244,22.76,88.21,0.326454812
02-09-2010,2010,9,245,23.65,85.56,0.421908446
03-09-2010,2010,9,246,23.83,85.7,0.422365586
04-09-2010,2010,9,247,23.3,87.06,0.370190254
05-09-2010,2010,9,248,23.62,84.86,0.441563019
06-09-2010,2010,9,249,23.26,87,0.371009984
07-09-2010,2010,9,250,23.68,85.41,0.427061426
08-09-2010,2010,9,251,23.07,88.6,0.321634411
09-09-2010,2010,9,252,23.67,87.03,0.37941431
10-09-2010,2010,9,253,23.44,89.03,0.316493221
11-09-2010,2010,9,254,23.01,84.58,0.433477377
12-09-2010,2010,9,255,24.14,84,0.481453396
13-09-2010,2010,9,256,23,86.45,0.380678798
14-09-2010,2010,9,257,22.93,85.77,0.398093461
15-09-2010,2010,9,258,22.55,87.86,0.331892193
16-09-2010,2010,9,259,23.15,85.84,0.401439931
17-09-2010,2010,9,260,23.85,85.26,0.435885031
18-09-2010,2010,9,261,23.22,86.15,0.394314942
19-09-2010,2010,9,262,23.62,84.64,0.447979391
20-09-2010,2010,9,263,23.72,83.25,0.49146767
21-09-2010,2010,9,264,23.96,81.63,0.546830984
22-09-2010,2010,9,265,23.53,87.46,0.363756406
23-09-2010,2010,9,266,23.96,86.01,0.416448855
24-09-2010,2010,9,267,23.95,86.34,0.406381468
25-09-2010,2010,9,268,23.85,84.8,0.449487956
26-09-2010,2010,9,269,24.67,82.23,0.551943521
27-09-2010,2010,9,270,24.56,84.59,0.47550589
28-09-2010,2010,9,271,24.39,84.57,0.471306923
29-09-2010,2010,9,272,23.88,83.43,0.490885051
30-09-2010,2010,9,273,24.69,78.36,0.672950486
01-10-2010,2010,10,274,25.07,80.01,0.635883906
02-10-2010,2010,10,275,24.41,87.41,0.385020077
03-10-2010,2010,10,276,24.25,86.72,0.402249462
04-10-2010,2010,10,277,24.1,87.52,0.374633943
05-10-2010,2010,10,278,23.88,89.83,0.301285514
06-10-2010,2010,10,279,23.8,90.89,0.2685887
07-10-2010,2010,10,280,23.65,93.67,0.184950171
08-10-2010,2010,10,281,23.67,92.13,0.23022287
09-10-2010,2010,10,282,23.6,87.69,0.358593131
10-10-2010,2010,10,283,23.2,89.39,0.301706268
11-10-2010,2010,10,284,23.44,87.35,0.364962556
12-10-2010,2010,10,285,23.47,87.55,0.359842476
13-10-2010,2010,10,286,23.39,90.54,0.272106992
14-10-2010,2010,10,287,23.57,88.89,0.323052767
15-10-2010,2010,10,288,23.34,89.05,0.314016857
16-10-2010,2010,10,289,22.81,86.7,0.369382639
17-10-2010,2010,10,290,22.8,86.86,0.364717944
18-10-2010,2010,10,291,23.34,87.9,0.346995797
19-10-2010,2010,10,292,23.7,89.36,0.311816625
20-10-2010,2010,10,293,22.55,92.83,0.1960187
21-10-2010,2010,10,294,23.6,89.39,0.30907174
22-10-2010,2010,10,295,23.23,90.21,0.278893491
23-10-2010,2010,10,296,23,89.97,0.281786594
24-10-2010,2010,10,297,23.41,88.3,0.336944347
25-10-2010,2010,10,298,23.9,86.04,0.414061167
26-10-2010,2010,10,299,24.18,87.9,0.364973269
27-10-2010,2010,10,300,22.88,94.64,0.149496346
28-10-2010,2010,10,301,22.74,85.05,0.413451044
29-10-2010,2010,10,302,22.9,87.41,0.351574462
30-10-2010,2010,10,303,23.45,86.23,0.397514988
31-10-2010,2010,10,304,22.71,91.7,0.229124372
01-11-2010,2010,11,305,22.64,90.21,0.269111669
02-11-2010,2010,11,306,23.18,89.54,0.297081796
03-11-2010,2010,11,307,23.59,87.7,0.358086165
04-11-2010,2010,11,308,23.73,88.1,0.349372185
05-11-2010,2010,11,309,22.96,91.97,0.225052613
06-11-2010,2010,11,310,22.01,87.76,0.32381448
07-11-2010,2010,11,311,22.27,91.39,0.231415806
08-11-2010,2010,11,312,22.83,89.51,0.291693273
09-11-2010,2010,11,313,23.18,88.72,0.320371191
10-11-2010,2010,11,314,23.6,89.01,0.320141228
11-11-2010,2010,11,315,22.27,95.42,0.123099233
12-11-2010,2010,11,316,23.16,86.51,0.382676358
13-11-2010,2010,11,317,24.01,87.12,0.384559314
14-11-2010,2010,11,318,23.25,89.36,0.303474152
15-11-2010,2010,11,319,23.25,85.57,0.411572557
16-11-2010,2010,11,320,23.48,88.36,0.336633846
17-11-2010,2010,11,321,22.53,94.21,0.158099207
18-11-2010,2010,11,322,22.86,90.4,0.267430623
19-11-2010,2010,11,323,22.26,90.16,0.264314383
20-11-2010,2010,11,324,22.71,88.88,0.306971447
21-11-2010,2010,11,325,22.42,82.37,0.478191967
22-11-2010,2010,11,326,22.82,86.04,0.387947816
23-11-2010,2010,11,327,21.85,89.36,0.278752543
24-11-2010,2010,11,328,22.14,91.1,0.237325326
25-11-2010,2010,11,329,21.6,91.85,0.210282447
26-11-2010,2010,11,330,21.31,90.88,0.231169911
27-11-2010,2010,11,331,20.84,90.72,0.228535594
28-11-2010,2010,11,332,21.41,91.98,0.204536606
29-11-2010,2010,11,333,21.64,90.92,0.234851431
30-11-2010,2010,11,334,21.9,89.88,0.265939315
01-12-2010,2010,12,335,22.01,93.18,0.180426042
02-12-2010,2010,12,336,22.76,91.46,0.236465148
03-12-2010,2010,12,337,22.04,90.04,0.26397826
04-12-2010,2010,12,338,21.08,89.08,0.272918395
05-12-2010,2010,12,339,20.99,83.95,0.398919248
06-12-2010,2010,12,340,20.97,77.97,0.546878491
07-12-2010,2010,12,341,22.27,83.74,0.437029154
08-12-2010,2010,12,342,21.56,89.66,0.266136031
09-12-2010,2010,12,343,22.26,88.42,0.311052902
10-12-2010,2010,12,344,21.84,89.59,0.272560497
11-12-2010,2010,12,345,21.9,89.68,0.271195033
12-12-2010,2010,12,346,20.92,90.11,0.244758766
13-12-2010,2010,12,347,20.76,86.06,0.341610519
14-12-2010,2010,12,348,21.54,87.29,0.32673633
15-12-2010,2010,12,349,21.91,90.22,0.257161406
16-12-2010,2010,12,350,22.6,87.74,0.336191335
17-12-2010,2010,12,351,22.2,89.24,0.287973502
18-12-2010,2010,12,352,22.19,89.45,0.282181413
19-12-2010,2010,12,353,20.21,84.43,0.368830147
20-12-2010,2010,12,354,21.82,89.84,0.265690348
21-12-2010,2010,12,355,21.54,87.68,0.316710589
22-12-2010,2010,12,356,19.76,80.63,0.446239668
23-12-2010,2010,12,357,18.29,82.98,0.357747823
24-12-2010,2010,12,358,18.8,83.6,0.355900474
25-12-2010,2010,12,359,20.01,83.34,0.389798872
26-12-2010,2010,12,360,19.92,84.01,0.372043586
27-12-2010,2010,12,361,19.54,84.95,0.342014435
28-12-2010,2010,12,362,19.63,83.85,0.369069241
29-12-2010,2010,12,363,19.9,91.29,0.202406966
30-12-2010,2010,12,364,21.34,88.12,0.301683242
31-12-2010,2010,12,365,21.15,84.41,0.391310918
01-01-2011,2011,1,1,22.09,82.58,0.463105413
02-01-2011,2011,1,2,22.48,83.55,0.447814988
03-01-2011,2011,1,3,22.07,86.31,0.363501379
04-01-2011,2011,1,4,21.19,87.28,0.320057943
05-01-2011,2011,1,5,21.63,86.3,0.354129799
06-01-2011,2011,1,6,21.32,84.95,0.381714872
07-01-2011,2011,1,7,21.85,81.22,0.492008717
08-01-2011,2011,1,8,23.6,78.3,0.632125991
09-01-2011,2011,1,9,23.82,78.85,0.624312221
10-01-2011,2011,1,10,23.36,70.92,0.834943705
11-01-2011,2011,1,11,21.44,71.37,0.731502285
12-01-2011,2011,1,12,19.25,70.94,0.648590186
13-01-2011,2011,1,13,19.33,73.69,0.590144352
14-01-2011,2011,1,14,19.68,77.11,0.524721589
15-01-2011,2011,1,15,20.51,80.7,0.465733853
16-01-2011,2011,1,16,21.97,83.41,0.437826772
17-01-2011,2011,1,17,22.48,80.01,0.544183684
18-01-2011,2011,1,18,21.88,77.98,0.577948951
19-01-2011,2011,1,19,20.25,71.01,0.688429476
20-01-2011,2011,1,20,20.12,71.98,0.660069195
21-01-2011,2011,1,21,20.46,74.31,0.618024159
22-01-2011,2011,1,22,20.8,76.57,0.575585205
23-01-2011,2011,1,23,20.62,76.97,0.559524022
24-01-2011,2011,1,24,20.49,76.83,0.558432819
25-01-2011,2011,1,25,20.58,76.56,0.568083325
26-01-2011,2011,1,26,21.62,77.05,0.592869513
27-01-2011,2011,1,27,22,72.82,0.718620498
28-01-2011,2011,1,28,21.7,75.82,0.627705545
29-01-2011,2011,1,29,22.48,73.68,0.71650398
30-01-2011,2011,1,30,22.54,73.58,0.721851
31-01-2011,2011,1,31,22.5,70.35,0.808136725
01-02-2011,2011,2,32,22.47,61.68,1.042544209
02-02-2011,2011,2,33,20.81,65.67,0.843875354
03-02-2011,2011,2,34,21.74,68.45,0.821032143
04-02-2011,2011,2,35,22.73,66.1,0.936956403
05-02-2011,2011,2,36,21.61,61.52,0.993449956
06-02-2011,2011,2,37,21.57,67.39,0.839845764
07-02-2011,2011,2,38,23.21,68.72,0.890016298
08-02-2011,2011,2,39,23.88,61.95,1.127228497
09-02-2011,2011,2,40,22.96,59.22,1.142919747
10-02-2011,2011,2,41,22.03,57.87,1.115926636
11-02-2011,2011,2,42,21.08,61.49,0.962462217
12-02-2011,2011,2,43,21.71,62.76,0.967329992
13-02-2011,2011,2,44,21.33,60.88,0.992813148
14-02-2011,2011,2,45,22.45,60.17,1.082310174
15-02-2011,2011,2,46,23.51,68.43,0.914669989
16-02-2011,2011,2,47,24.7,69.65,0.944373608
17-02-2011,2011,2,48,24.98,68.96,0.982107426
18-02-2011,2011,2,49,25.28,67.97,1.031685208
19-02-2011,2011,2,50,25.53,65.11,1.140613569
20-02-2011,2011,2,51,25.86,65.29,1.157134536
21-02-2011,2011,2,52,26.01,68.64,1.054770837
22-02-2011,2011,2,53,25.81,70.56,0.978547246
23-02-2011,2011,2,54,24,77.18,0.680929968
24-02-2011,2011,2,55,23.58,81.27,0.544952571
25-02-2011,2011,2,56,24.28,76.99,0.698223481
26-02-2011,2011,2,57,25.01,74.11,0.820626296
27-02-2011,2011,2,58,23.74,70.56,0.86484917
28-02-2011,2011,2,59,24.33,62.57,1.139194776
01-03-2011,2011,3,60,23.28,64.56,1.012652007
02-03-2011,2011,3,61,23.44,59.46,1.169611228
03-03-2011,2011,3,62,23.13,57.18,1.212492846
04-03-2011,2011,3,63,24.41,56.64,1.326010367
05-03-2011,2011,3,64,25.57,61.79,1.252117345
06-03-2011,2011,3,65,25.27,55.95,1.418005876
07-03-2011,2011,3,66,24.81,49.74,1.574195011
08-03-2011,2011,3,67,25.56,50.49,1.621449183
09-03-2011,2011,3,68,26.4,49.79,1.728100885
10-03-2011,2011,3,69,26.42,47.39,1.812838154
11-03-2011,2011,3,70,26.11,48.42,1.745136911
12-03-2011,2011,3,71,25.72,50.11,1.649463913
13-03-2011,2011,3,72,26.67,56.23,1.530590394
14-03-2011,2011,3,73,26.75,54.72,1.590858836
15-03-2011,2011,3,74,26.28,52.42,1.626037352
16-03-2011,2011,3,75,26.13,48.74,1.736359934
17-03-2011,2011,3,76,25.68,48.28,1.705919667
18-03-2011,2011,3,77,24.78,51.22,1.52510787
19-03-2011,2011,3,78,27.2,50.78,1.775556523
20-03-2011,2011,3,79,27.57,59.39,1.49701331
21-03-2011,2011,3,80,27.9,60.61,1.480267184
22-03-2011,2011,3,81,28.75,58.1,1.654282673
23-03-2011,2011,3,82,29.1,55.04,1.811386437
24-03-2011,2011,3,83,28.53,59.09,1.594735814
25-03-2011,2011,3,84,27.94,61.2,1.461497082
26-03-2011,2011,3,85,28.28,60.35,1.52335081
27-03-2011,2011,3,86,28.63,57.18,1.678895348
28-03-2011,2011,3,87,28.41,56.06,1.700965815
29-03-2011,2011,3,88,28.72,60.09,1.572979263
30-03-2011,2011,3,89,28.94,53.41,1.859784001
31-03-2011,2011,3,90,28.93,55.06,1.792882246
01-04-2011,2011,4,91,28.72,59.92,1.5796795
02-04-2011,2011,4,92,28.15,64.19,1.36546021
03-04-2011,2011,4,93,27.69,62.18,1.403967765
04-04-2011,2011,4,94,27.57,55.44,1.642622829
05-04-2011,2011,4,95,27.69,55.44,1.654172491
06-04-2011,2011,4,96,28.72,47.74,2.059731804
07-04-2011,2011,4,97,28.75,42.26,2.27967259
08-04-2011,2011,4,98,28.87,45.82,2.154024864
09-04-2011,2011,4,99,29.4,51.94,1.970079439
10-04-2011,2011,4,100,29.66,51.17,2.031824417
11-04-2011,2011,4,101,29.48,55.4,1.836690669
12-04-2011,2011,4,102,28.49,61.46,1.498867939
13-04-2011,2011,4,103,28.61,62.5,1.468604461
14-04-2011,2011,4,104,26.89,69.42,1.083264752
15-04-2011,2011,4,105,26.54,71.58,0.986243911
16-04-2011,2011,4,106,27.75,58.9,1.531079955
17-04-2011,2011,4,107,28.45,53.85,1.79066957
18-04-2011,2011,4,108,27.68,63.95,1.337480343
19-04-2011,2011,4,109,25.39,77.47,0.730448801
20-04-2011,2011,4,110,25.76,72.44,0.913350497
21-04-2011,2011,4,111,26.13,70.23,1.008416606
22-04-2011,2011,4,112,23.35,88.62,0.326545039
23-04-2011,2011,4,113,23.2,88.59,0.324455091
24-04-2011,2011,4,114,25.54,77.13,0.748102947
25-04-2011,2011,4,115,25.6,80.31,0.646377643
26-04-2011,2011,4,116,26.07,77.82,0.748658051
27-04-2011,2011,4,117,26.62,75.73,0.846203545
28-04-2011,2011,4,118,26.23,79.6,0.69511249
29-04-2011,2011,4,119,25.63,81.25,0.616615337
30-04-2011,2011,4,120,26.4,77.58,0.771639551
01-05-2011,2011,5,121,26.41,78.94,0.725259085
02-05-2011,2011,5,122,26.92,76.9,0.819736035
03-05-2011,2011,5,123,26.32,81.1,0.647429462
04-05-2011,2011,5,124,25.42,80.24,0.641784471
05-05-2011,2011,5,125,26.7,77.33,0.794145626
06-05-2011,2011,5,126,27.09,75.2,0.888883759
07-05-2011,2011,5,127,26.11,73.67,0.890838598
08-05-2011,2011,5,128,26.09,67.83,1.087141719
09-05-2011,2011,5,129,26.29,70.93,0.994047837
10-05-2011,2011,5,130,26.58,71.76,0.982307614
11-05-2011,2011,5,131,26.75,70.02,1.05331157
12-05-2011,2011,5,132,26.96,68.98,1.103375808
13-05-2011,2011,5,133,27.22,69.93,1.086013163
14-05-2011,2011,5,134,26.17,79.11,0.709292448
15-05-2011,2011,5,135,26.81,74.23,0.908596218
16-05-2011,2011,5,136,28.3,67.55,1.248176715
17-05-2011,2011,5,137,27.16,74.63,0.913052168
18-05-2011,2011,5,138,27.13,74.84,0.903903845
19-05-2011,2011,5,139,27.27,72.63,0.991398011
20-05-2011,2011,5,140,26.71,75.41,0.861911182
21-05-2011,2011,5,141,25.21,78.28,0.696694917
22-05-2011,2011,5,142,27.15,67.58,1.166094227
23-05-2011,2011,5,143,27.02,70.98,1.035876355
24-05-2011,2011,5,144,26.61,79.03,0.730714898
25-05-2011,2011,5,145,26.49,79.49,0.709655038
26-05-2011,2011,5,146,26.16,76.31,0.803888008
27-05-2011,2011,5,147,26,75.91,0.809770855
28-05-2011,2011,5,148,25.04,81.04,0.602043165
29-05-2011,2011,5,149,25.25,80.29,0.633727259
30-05-2011,2011,5,150,25.94,82.2,0.596217373
31-05-2011,2011,5,151,24.37,88.72,0.344133665
01-06-2011,2011,6,152,24.34,88.25,0.357829408
02-06-2011,2011,6,153,24.01,90.86,0.272893799
03-06-2011,2011,6,154,23.85,87.82,0.360181797
04-06-2011,2011,6,155,24.28,85.95,0.42633811
05-06-2011,2011,6,156,24.02,86.64,0.399130184
06-06-2011,2011,6,157,24.28,85.49,0.440296511
07-06-2011,2011,6,158,24.31,81.63,0.558428073
08-06-2011,2011,6,159,24.68,84.59,0.478926846
09-06-2011,2011,6,160,24.31,87.43,0.382114365
10-06-2011,2011,6,161,24.92,84.62,0.484887393
11-06-2011,2011,6,162,25.28,82.19,0.573659493
12-06-2011,2011,6,163,24.69,85.42,0.453401945
13-06-2011,2011,6,164,24.16,86.1,0.418764463
14-06-2011,2011,6,165,22.75,89.01,0.304119164
15-06-2011,2011,6,166,23.15,85.2,0.419584109
16-06-2011,2011,6,167,22.96,82.26,0.497189708
17-06-2011,2011,6,168,22.19,79.65,0.544302536
18-06-2011,2011,6,169,23.59,80.28,0.574102373
19-06-2011,2011,6,170,24.64,83.17,0.521810983
20-06-2011,2011,6,171,24.42,83.98,0.49020756
21-06-2011,2011,6,172,24.43,82.96,0.521731322
22-06-2011,2011,6,173,24.35,83.09,0.515278185
23-06-2011,2011,6,174,24.82,83.58,0.51459819
24-06-2011,2011,6,175,24.53,85.97,0.432147661
25-06-2011,2011,6,176,24.58,86.89,0.40501866
26-06-2011,2011,6,177,24.04,87.95,0.360426228
27-06-2011,2011,6,178,23.78,82.82,0.505906589
28-06-2011,2011,6,179,23.38,82.34,0.507665161
29-06-2011,2011,6,180,23.92,84.72,0.45375784
30-06-2011,2011,6,181,25,81.74,0.578436211
01-07-2011,2011,7,182,24.33,85.11,0.453182212
02-07-2011,2011,7,183,23.75,81.77,0.535858863
03-07-2011,2011,7,184,23.88,79.36,0.611458507
04-07-2011,2011,7,185,23.57,79.22,0.604233707
05-07-2011,2011,7,186,22.44,81.76,0.495338934
06-07-2011,2011,7,187,23.07,86.74,0.374111604
07-07-2011,2011,7,188,23.87,82.57,0.516052354
08-07-2011,2011,7,189,22.93,86.36,0.381587829
09-07-2011,2011,7,190,23.48,81.45,0.536474041
10-07-2011,2011,7,191,23.55,80.38,0.56981687
11-07-2011,2011,7,192,23.91,87.12,0.382257318
12-07-2011,2011,7,193,22.59,84.98,0.411625698
13-07-2011,2011,7,194,23.06,79.12,0.58874279
14-07-2011,2011,7,195,22.91,79.03,0.585939656
15-07-2011,2011,7,196,22.74,84.97,0.415663491
16-07-2011,2011,7,197,23.17,85.73,0.405047544
17-07-2011,2011,7,198,23.18,86.12,0.394215615
18-07-2011,2011,7,199,22.77,88.61,0.315570319
19-07-2011,2011,7,200,23.22,86.83,0.374955075
20-07-2011,2011,7,201,23.05,87.11,0.363233133
21-07-2011,2011,7,202,23.3,84.44,0.445143768
22-07-2011,2011,7,203,22.68,87.15,0.354084107
23-07-2011,2011,7,204,23.29,86.44,0.387693312
24-07-2011,2011,7,205,23.19,86.36,0.387633259
25-07-2011,2011,7,206,23.09,85.47,0.410438702
26-07-2011,2011,7,207,23.39,82.69,0.497904021
27-07-2011,2011,7,208,22.8,84.01,0.443823434
28-07-2011,2011,7,209,22.69,84.72,0.421298562
29-07-2011,2011,7,210,22.27,82.35,0.474388964
30-07-2011,2011,7,211,22.82,87.56,0.345707079
31-07-2011,2011,7,212,23.86,85.21,0.437626495
01-08-2011,2011,8,213,23.61,83.16,0.490848495
02-08-2011,2011,8,214,24.35,83.98,0.488158281
03-08-2011,2011,8,215,23.19,87.92,0.343299837
04-08-2011,2011,8,216,23.67,84.08,0.46571132
05-08-2011,2011,8,217,23.04,85.85,0.398498224
06-08-2011,2011,8,218,23.2,84.01,0.454692104
07-08-2011,2011,8,219,22.92,87.39,0.352559482
08-08-2011,2011,8,220,23.23,87.24,0.363501629
09-08-2011,2011,8,221,23.43,86.28,0.395594361
10-08-2011,2011,8,222,23.7,84.5,0.454244143
11-08-2011,2011,8,223,23.53,85.96,0.407267938
12-08-2011,2011,8,224,23.14,85.81,0.402047462
13-08-2011,2011,8,225,23.74,83.47,0.485596358
14-08-2011,2011,8,226,23.48,82.42,0.508421221
15-08-2011,2011,8,227,23.94,83.81,0.481359183
16-08-2011,2011,8,228,23.67,84.63,0.449622047
17-08-2011,2011,8,229,23.92,83.75,0.482563148
18-08-2011,2011,8,230,23.29,84.91,0.431437469
19-08-2011,2011,8,231,23.43,85.13,0.42875278
20-08-2011,2011,8,232,23.76,86.58,0.394709362
21-08-2011,2011,8,233,23.28,84.96,0.429748482
22-08-2011,2011,8,234,23.61,82.34,0.514749668
23-08-2011,2011,8,235,23.74,82.52,0.513504195
24-08-2011,2011,8,236,22.77,85.77,0.394255104
25-08-2011,2011,8,237,22.99,87.96,0.338051752
26-08-2011,2011,8,238,23.47,84.97,0.434412242
27-08-2011,2011,8,239,23.82,82.83,0.506829354
28-08-2011,2011,8,240,23.93,84.33,0.465618907
29-08-2011,2011,8,241,23.8,85.42,0.429859852
30-08-2011,2011,8,242,23.64,81.74,0.533200339
31-08-2011,2011,8,243,23.28,85.45,0.415747367
01-09-2011,2011,9,244,23.07,90.55,0.266617999
02-09-2011,2011,9,245,23.6,88.66,0.330336808
03-09-2011,2011,9,246,22.85,89.72,0.286200274
04-09-2011,2011,9,247,23.74,86.58,0.394234914
05-09-2011,2011,9,248,23.91,85.94,0.417277787
06-09-2011,2011,9,249,23.54,87.58,0.360492566
07-09-2011,2011,9,250,23.39,85.82,0.407872849
08-09-2011,2011,9,251,24.04,86.22,0.412172068
09-09-2011,2011,9,252,23.67,86.93,0.382339633
10-09-2011,2011,9,253,23.75,87.07,0.380068848
11-09-2011,2011,9,254,23.51,87.36,0.366215669
12-09-2011,2011,9,255,23.42,84.4,0.449530078
13-09-2011,2011,9,256,22.47,84.76,0.414623532
14-09-2011,2011,9,257,21.69,89,0.285382291
15-09-2011,2011,9,258,22.92,88.01,0.335225074
16-09-2011,2011,9,259,23.94,85.91,0.418922229
17-09-2011,2011,9,260,23.97,85.8,0.42295391
18-09-2011,2011,9,261,23.74,85.54,0.424786651
19-09-2011,2011,9,262,23.76,85.57,0.424415506
20-09-2011,2011,9,263,23.87,85.81,0.420125238
21-09-2011,2011,9,264,23.2,84.22,0.448720538
22-09-2011,2011,9,265,23.49,83.01,0.491654344
23-09-2011,2011,9,266,23.78,80.21,0.582764342
24-09-2011,2011,9,267,23.82,80.36,0.579739576
25-09-2011,2011,9,268,24.15,81.79,0.548282774
26-09-2011,2011,9,269,24.73,78.65,0.665519495
27-09-2011,2011,9,270,24.86,79.8,0.634574316
28-09-2011,2011,9,271,24.91,76.92,0.727212784
29-09-2011,2011,9,272,25.09,76.32,0.75416053
30-09-2011,2011,9,273,24.27,86.04,0.423353471
01-10-2011,2011,10,274,24.85,80.03,0.62697498
02-10-2011,2011,10,275,24.4,83.63,0.500318381
03-10-2011,2011,10,276,24.28,85.47,0.440903398
04-10-2011,2011,10,277,24.51,78.04,0.675596755
05-10-2011,2011,10,278,24.56,75.57,0.753835749
06-10-2011,2011,10,279,24.81,76.79,0.726961126
07-10-2011,2011,10,280,24.64,78.11,0.678695331
08-10-2011,2011,10,281,24.69,78.81,0.658956599
09-10-2011,2011,10,282,24.03,81.93,0.540165558
10-10-2011,2011,10,283,23.4,88.99,0.316882144
11-10-2011,2011,10,284,23.81,85.29,0.4339534
12-10-2011,2011,10,285,23.86,85.82,0.419576992
13-10-2011,2011,10,286,24.67,83.19,0.522125526
14-10-2011,2011,10,287,24.87,82.02,0.565170863
15-10-2011,2011,10,288,24.12,86.38,0.409346001
16-10-2011,2011,10,289,22.61,87.36,0.346821968
17-10-2011,2011,10,290,24.04,83.07,0.506391372
18-10-2011,2011,10,291,24.42,83.8,0.49571551
19-10-2011,2011,10,292,24.01,85.79,0.424269243
20-10-2011,2011,10,293,24.72,82.76,0.537082413
21-10-2011,2011,10,294,24.62,83.57,0.508800844
22-10-2011,2011,10,295,24.45,83.26,0.513159493
23-10-2011,2011,10,296,23.13,87.94,0.341491446
24-10-2011,2011,10,297,23.68,86.08,0.407449969
25-10-2011,2011,10,298,22.56,88.14,0.324434192
26-10-2011,2011,10,299,22.59,89.56,0.286110006
27-10-2011,2011,10,300,23.18,88.29,0.332583923
28-10-2011,2011,10,301,22.77,88.08,0.330254451
29-10-2011,2011,10,302,21.94,88.47,0.303732197
30-10-2011,2011,10,303,21.97,90.53,0.249922817
31-10-2011,2011,10,304,22.93,89.59,0.291226488
01-11-2011,2011,11,305,22.64,90.95,0.248770236
02-11-2011,2011,11,306,22.11,90.46,0.253927123
03-11-2011,2011,11,307,22.73,85.22,0.408501936
04-11-2011,2011,11,308,23.22,82.59,0.495669541
05-11-2011,2011,11,309,23.17,88.53,0.325570801
06-11-2011,2011,11,310,23.16,92.96,0.199706565
07-11-2011,2011,11,311,22.33,89.85,0.273804447
08-11-2011,2011,11,312,20.72,81.76,0.445886263
09-11-2011,2011,11,313,19.76,79.32,0.476419016
10-11-2011,2011,11,314,19.95,78.27,0.506537979
11-11-2011,2011,11,315,21.03,74.86,0.626386223
12-11-2011,2011,11,316,21.95,76.52,0.618905638
13-11-2011,2011,11,317,21.04,78.2,0.5435007
14-11-2011,2011,11,318,21.66,85.44,0.377050558
15-11-2011,2011,11,319,21.28,80.79,0.486032564
16-11-2011,2011,11,320,21.52,79.66,0.522241622
17-11-2011,2011,11,321,22.03,86.28,0.36341119
18-11-2011,2011,11,322,23.17,86.78,0.375243765
19-11-2011,2011,11,323,21.77,80.19,0.516465009
20-11-2011,2011,11,324,20.27,80.32,0.467921426
21-11-2011,2011,11,325,21.48,82.71,0.442845865
22-11-2011,2011,11,326,21.77,81.8,0.474490821
23-11-2011,2011,11,327,21.52,84.78,0.390782571
24-11-2011,2011,11,328,22.95,84.97,0.420983161
25-11-2011,2011,11,329,22.62,89.77,0.280865642
26-11-2011,2011,11,330,22.48,91.32,0.236293866
27-11-2011,2011,11,331,22.56,93.72,0.171791461
28-11-2011,2011,11,332,23.16,91.24,0.24849851
29-11-2011,2011,11,333,23.29,89.35,0.304493641
30-11-2011,2011,11,334,23.07,90.16,0.277621281
01-12-2011,2011,12,335,22.02,87.97,0.31845286
02-12-2011,2011,12,336,23.08,85.02,0.422894461
03-12-2011,2011,12,337,23.56,83.54,0.478330081
04-12-2011,2011,12,338,23.31,84.87,0.433103504
05-12-2011,2011,12,339,21.97,85.01,0.395601164
06-12-2011,2011,12,340,20.67,80.55,0.474003877
07-12-2011,2011,12,341,20.29,81.63,0.437314127
08-12-2011,2011,12,342,20.05,84.28,0.368717062
09-12-2011,2011,12,343,22.45,86.83,0.357871579
10-12-2011,2011,12,344,23.05,85.37,0.412265379
11-12-2011,2011,12,345,22.82,84.27,0.437136041
12-12-2011,2011,12,346,22.07,81.97,0.478738485
13-12-2011,2011,12,347,22.42,80.62,0.525658555
14-12-2011,2011,12,348,22.5,81.22,0.511865353
15-12-2011,2011,12,349,21.65,81.63,0.475424933
16-12-2011,2011,12,350,21.64,79.19,0.538244303
17-12-2011,2011,12,351,20.1,77.08,0.539260644
18-12-2011,2011,12,352,20.01,79.29,0.484557902
19-12-2011,2011,12,353,20.39,79.34,0.494875533
20-12-2011,2011,12,354,20.08,72.87,0.637524091
21-12-2011,2011,12,355,19.84,78.01,0.5091173
22-12-2011,2011,12,356,19.64,77.21,0.521133816
23-12-2011,2011,12,357,20.65,75.99,0.584412524
24-12-2011,2011,12,358,20.97,72,0.695079335
25-12-2011,2011,12,359,20.39,65.31,0.830940573
26-12-2011,2011,12,360,20.62,59.13,0.992954702
27-12-2011,2011,12,361,21.75,58.51,1.080362402
28-12-2011,2011,12,362,21.71,63.83,0.939536139
29-12-2011,2011,12,363,22.94,56.04,1.23055389
30-12-2011,2011,12,364,23.79,75.32,0.727199269
31-12-2011,2011,12,365,21.55,89.38,0.273175681
01-01-2012,2012,1,1,21.62,75.49,0.63316914
02-01-2012,2012,1,2,22.66,72.17,0.765931303
03-01-2012,2012,1,3,23.2,73.91,0.741895997
04-01-2012,2012,1,4,23.93,77.94,0.655491581
05-01-2012,2012,1,5,24.23,75.88,0.729716743
06-01-2012,2012,1,6,23.01,72.93,0.760974877
07-01-2012,2012,1,7,22.18,71.12,0.771984892
08-01-2012,2012,1,8,22.58,76.99,0.630210518
09-01-2012,2012,1,9,24.16,74.57,0.766128078
10-01-2012,2012,1,10,24.23,72.13,0.84316773
11-01-2012,2012,1,11,23.88,72.61,0.811426768
12-01-2012,2012,1,12,23.32,73.11,0.770203729
13-01-2012,2012,1,13,23.04,71.95,0.789955843
14-01-2012,2012,1,14,22.47,68.12,0.86733584
15-01-2012,2012,1,15,20.74,64.72,0.863500271
16-01-2012,2012,1,16,19.81,60.79,0.906111929
17-01-2012,2012,1,17,20.84,61,0.960440536
18-01-2012,2012,1,18,21.54,57.83,1.084065386
19-01-2012,2012,1,19,23.16,67.65,0.917685708
20-01-2012,2012,1,20,23.29,64.76,1.007545156
21-01-2012,2012,1,21,22.27,64.01,0.967323446
22-01-2012,2012,1,22,21.72,64.56,0.921136489
23-01-2012,2012,1,23,21.27,65.86,0.86324749
24-01-2012,2012,1,24,20.78,64.15,0.879613931
25-01-2012,2012,1,25,20.45,62,0.913602022
26-01-2012,2012,1,26,20.97,64.14,0.890198035
27-01-2012,2012,1,27,22.09,66.64,0.886865475
28-01-2012,2012,1,28,22.46,68.52,0.855933336
29-01-2012,2012,1,29,23.42,67.22,0.944589484
30-01-2012,2012,1,30,22.89,65.95,0.950267366
31-01-2012,2012,1,31,22.51,64.09,0.979352942
01-02-2012,2012,2,32,22.34,57.91,1.136102219
02-02-2012,2012,2,33,21.66,63.79,0.937706092
03-02-2012,2012,2,34,22.71,63.7,1.002074059
04-02-2012,2012,2,35,23.06,61.89,1.074568378
05-02-2012,2012,2,36,23.55,61.55,1.116690044
06-02-2012,2012,2,37,23.45,60.16,1.150108724
07-02-2012,2012,2,38,25.15,60.8,1.252907135
08-02-2012,2012,2,39,25.12,57.41,1.358830189
09-02-2012,2012,2,40,24.95,65.58,1.087105954
10-02-2012,2012,2,41,24.79,65.82,1.069276293
11-02-2012,2012,2,42,23.39,72.57,0.788995221
12-02-2012,2012,2,43,23.74,65.37,1.017314088
13-02-2012,2012,2,44,24.36,56.8,1.317170094
14-02-2012,2012,2,45,24.95,54.56,1.435156728
15-02-2012,2012,2,46,25.88,55.95,1.470242991
16-02-2012,2012,2,47,26.86,54.51,1.608599682
17-02-2012,2012,2,48,26.33,54.17,1.570856838
18-02-2012,2012,2,49,25.4,53.33,1.513994513
19-02-2012,2012,2,50,24.91,47.27,1.661435446
20-02-2012,2012,2,51,24.56,43.65,1.738790195
21-02-2012,2012,2,52,25.76,39.16,2.016264305
22-02-2012,2012,2,53,25.39,40.44,1.931004464
23-02-2012,2012,2,54,24.84,40.37,1.871017976
24-02-2012,2012,2,55,24.95,36.55,2.003976548
25-02-2012,2012,2,56,25,32.19,2.14807007
26-02-2012,2012,2,57,25.26,28.81,2.29030301
27-02-2012,2012,2,58,25.97,32.13,2.277366459
28-02-2012,2012,2,59,26.69,40.92,2.068396226
29-02-2012,2012,2,60,27.87,52.9,1.766915437
01-03-2012,2012,3,61,28.54,51.86,1.877661098
02-03-2012,2012,3,62,28.28,57.62,1.62823726
03-03-2012,2012,3,63,28.53,49.47,1.969738467
04-03-2012,2012,3,64,27.9,52.89,1.770383017
05-03-2012,2012,3,65,28.04,56.25,1.657575008
06-03-2012,2012,3,66,28.42,55.51,1.723256879
07-03-2012,2012,3,67,27.55,62.48,1.381491054
08-03-2012,2012,3,68,26.6,62.08,1.32057268
09-03-2012,2012,3,69,27.7,48.94,1.896574366
10-03-2012,2012,3,70,27.5,50.49,1.817645881
11-03-2012,2012,3,71,28.12,42.53,2.187550474
12-03-2012,2012,3,72,26.18,58.03,1.425877617
13-03-2012,2012,3,73,28.67,53.54,1.825839994
14-03-2012,2012,3,74,28.48,55.44,1.731988054
15-03-2012,2012,3,75,29.56,47.95,2.153385993
16-03-2012,2012,3,76,29.35,50.61,2.018773733
17-03-2012,2012,3,77,29.24,51.98,1.950366128
18-03-2012,2012,3,78,29.37,47.22,2.159825192
19-03-2012,2012,3,79,29.55,50.97,2.027277079
20-03-2012,2012,3,80,29.31,51.61,1.973344098
21-03-2012,2012,3,81,29.12,53.94,1.857848431
22-03-2012,2012,3,82,29.32,51.61,1.974482115
23-03-2012,2012,3,83,28.96,47.58,2.094927289
24-03-2012,2012,3,84,28.59,40.76,2.317315475
25-03-2012,2012,3,85,27.88,30.05,2.625643064
26-03-2012,2012,3,86,27.45,34.85,2.384851787
27-03-2012,2012,3,87,27.25,42.49,2.080693149
28-03-2012,2012,3,88,28.76,53.69,1.829455783
29-03-2012,2012,3,89,28.44,57.35,1.653905754
30-03-2012,2012,3,90,28.81,59.7,1.596647667
31-03-2012,2012,3,91,29.63,52.14,1.988029623
01-04-2012,2012,4,92,29.09,55.57,1.788999937
02-04-2012,2012,4,93,27.56,57.51,1.565401337
03-04-2012,2012,4,94,28.47,54.62,1.762837308
04-04-2012,2012,4,95,28.59,58.14,1.637454858
05-04-2012,2012,4,96,29.12,57.79,1.702557149
06-04-2012,2012,4,97,29,60.58,1.57903811
07-04-2012,2012,4,98,29.06,59.13,1.642805491
08-04-2012,2012,4,99,29.67,53.94,1.917666632
09-04-2012,2012,4,100,28.66,62.23,1.483470405
10-04-2012,2012,4,101,29.17,60.63,1.592594734
11-04-2012,2012,4,102,29.82,56.88,1.810804617
12-04-2012,2012,4,103,28.89,58.86,1.637489045
13-04-2012,2012,4,104,29.5,53.12,1.932808708
14-04-2012,2012,4,105,29.84,52.42,2.000396639
15-04-2012,2012,4,106,29.64,51.74,2.005798295
16-04-2012,2012,4,107,29.45,56.96,1.769388166
17-04-2012,2012,4,108,27.51,67.38,1.19826845
18-04-2012,2012,4,109,27.99,66.38,1.270072835
19-04-2012,2012,4,110,28.12,63.99,1.370692406
20-04-2012,2012,4,111,29.36,58.77,1.686212335
21-04-2012,2012,4,112,29.37,60.86,1.601658924
22-04-2012,2012,4,113,29.64,59.54,1.681612081
23-04-2012,2012,4,114,27.57,71.85,1.037698219
24-04-2012,2012,4,115,26.13,78.75,0.719813668
25-04-2012,2012,4,116,24.92,85.4,0.460296225
26-04-2012,2012,4,117,24.97,81.8,0.575506101
27-04-2012,2012,4,118,24.72,84.51,0.482564187
28-04-2012,2012,4,119,25.42,81.25,0.60898071
29-04-2012,2012,4,120,26.31,76.91,0.790493809
30-04-2012,2012,4,121,25.39,82.86,0.555698733
01-05-2012,2012,5,122,26.23,77.55,0.76496448
02-05-2012,2012,5,123,26,78.02,0.738844474
03-05-2012,2012,5,124,25.94,81.13,0.632057406
04-05-2012,2012,5,125,25.75,80.98,0.629957953
05-05-2012,2012,5,126,25.87,74.39,0.854271292
06-05-2012,2012,5,127,26.73,69.82,1.05909247
07-05-2012,2012,5,128,27.78,66.34,1.256117079
08-05-2012,2012,5,129,27.4,70.17,1.088755523
09-05-2012,2012,5,130,26.68,73.32,0.933520111
10-05-2012,2012,5,131,26.87,72.27,0.981153506
11-05-2012,2012,5,132,25.26,82.68,0.557213768
12-05-2012,2012,5,133,25.05,84.18,0.50263691
13-05-2012,2012,5,134,26.62,73.86,0.911403407
14-05-2012,2012,5,135,26.46,78.17,0.753994111
15-05-2012,2012,5,136,26.12,79.4,0.697383858
16-05-2012,2012,5,137,26.42,76.17,0.821135396
17-05-2012,2012,5,138,26.6,76.19,0.8291887
18-05-2012,2012,5,139,26.46,78.73,0.734652073
19-05-2012,2012,5,140,26.72,78.6,0.750538714
20-05-2012,2012,5,141,26.19,77.93,0.750243054
21-05-2012,2012,5,142,25.52,77.85,0.723691778
22-05-2012,2012,5,143,25.84,76.59,0.779500889
23-05-2012,2012,5,144,25.87,74.03,0.866279791
24-05-2012,2012,5,145,26.37,75.64,0.836928235
25-05-2012,2012,5,146,26.33,74.86,0.861691925
26-05-2012,2012,5,147,25.53,79.05,0.684891209
27-05-2012,2012,5,148,24.95,83.19,0.530919555
28-05-2012,2012,5,149,26.14,77.51,0.762266922
29-05-2012,2012,5,150,25.75,79.32,0.68493851
30-05-2012,2012,5,151,26.09,76.15,0.805978551
31-05-2012,2012,5,152,25.77,76.54,0.77793525
01-06-2012,2012,6,153,25.21,76.89,0.741280825
02-06-2012,2012,6,154,26.7,74.38,0.897486146
03-06-2012,2012,6,155,26.46,77.75,0.76850064
04-06-2012,2012,6,156,25.42,82.13,0.580399216
05-06-2012,2012,6,157,24.93,79.88,0.634704197
06-06-2012,2012,6,158,24.58,80.83,0.592235523
07-06-2012,2012,6,159,23.59,80.82,0.558381517
08-06-2012,2012,6,160,25.12,73.43,0.847713504
09-06-2012,2012,6,161,25.48,76.53,0.765001304
10-06-2012,2012,6,162,25.47,77.48,0.733600667
11-06-2012,2012,6,163,24.25,83.55,0.498268347
12-06-2012,2012,6,164,24.83,79.12,0.654763755
13-06-2012,2012,6,165,24.43,75.19,0.759633456
14-06-2012,2012,6,166,23.85,80.26,0.583742912
15-06-2012,2012,6,167,24.3,80.25,0.600019164
16-06-2012,2012,6,168,24.09,83.03,0.50911266
17-06-2012,2012,6,169,23.3,83,0.486339592
18-06-2012,2012,6,170,23.32,86.2,0.395270043
19-06-2012,2012,6,171,24.36,81.8,0.554918882
20-06-2012,2012,6,172,24.01,86.18,0.412624978
21-06-2012,2012,6,173,24.08,83.86,0.483921683
22-06-2012,2012,6,174,24.13,83.71,0.489885915
23-06-2012,2012,6,175,25.21,79.49,0.657882723
24-06-2012,2012,6,176,24.9,81.02,0.597672168
25-06-2012,2012,6,177,24.6,83.25,0.518091123
26-06-2012,2012,6,178,24.37,84.31,0.478675285
27-06-2012,2012,6,179,23.76,81.33,0.549122488
28-06-2012,2012,6,180,23.02,83.9,0.45286691
29-06-2012,2012,6,181,22.96,85.65,0.40217995
30-06-2012,2012,6,182,23.69,82.3,0.518405526
01-07-2012,2012,7,183,22.97,84.59,0.432149389
02-07-2012,2012,7,184,22.95,85.69,0.400816303
03-07-2012,2012,7,185,24.02,82.46,0.524007741
04-07-2012,2012,7,186,24.39,81.53,0.564163245
05-07-2012,2012,7,187,24.43,81.95,0.552655537
06-07-2012,2012,7,188,24.93,81.16,0.594325401
07-07-2012,2012,7,189,24.73,82.18,0.555482782
08-07-2012,2012,7,190,24.62,83.52,0.510349233
09-07-2012,2012,7,191,24.2,86.55,0.406180023
10-07-2012,2012,7,192,23.87,84.76,0.451212729
11-07-2012,2012,7,193,23.75,83,0.499703822
12-07-2012,2012,7,194,24.55,81.11,0.582539865
13-07-2012,2012,7,195,24.67,80.37,0.609715887
14-07-2012,2012,7,196,24.49,82.9,0.525450699
15-07-2012,2012,7,197,24.62,82.53,0.541007349
16-07-2012,2012,7,198,24.85,80.98,0.59714893
17-07-2012,2012,7,199,25.01,78,0.697326323
18-07-2012,2012,7,200,24.01,80.83,0.572360407
19-07-2012,2012,7,201,24.3,81.04,0.576018397
20-07-2012,2012,7,202,24.92,80.44,0.616670832
21-07-2012,2012,7,203,24.58,81.33,0.576788587
22-07-2012,2012,7,204,24.36,81.72,0.557358086
23-07-2012,2012,7,205,24.98,78.93,0.66665604
24-07-2012,2012,7,206,24.8,79.79,0.632620538
25-07-2012,2012,7,207,24.34,83.66,0.497611279
26-07-2012,2012,7,208,24.69,80.26,0.613865184
27-07-2012,2012,7,209,24.21,82.32,0.53424295
28-07-2012,2012,7,210,24.42,81.18,0.575886784
29-07-2012,2012,7,211,24.26,82.06,0.543725874
30-07-2012,2012,7,212,24.5,79.78,0.621694038
31-07-2012,2012,7,213,24.08,81.77,0.546585643
01-08-2012,2012,8,214,24.51,78.88,0.649754257
02-08-2012,2012,8,215,23.99,81.92,0.53916855
03-08-2012,2012,8,216,23.77,84.12,0.467343872
04-08-2012,2012,8,217,24.31,80.76,0.584875129
05-08-2012,2012,8,218,24.82,79.63,0.638390081
06-08-2012,2012,8,219,24.35,80.65,0.589629384
07-08-2012,2012,8,220,24.19,80.29,0.59487075
08-08-2012,2012,8,221,24.19,82.63,0.524246826
09-08-2012,2012,8,222,23.76,84.77,0.447945126
10-08-2012,2012,8,223,23.71,83.37,0.48765328
11-08-2012,2012,8,224,23.67,83.68,0.47741261
12-08-2012,2012,8,225,23.74,83.89,0.473258156
13-08-2012,2012,8,226,23.75,80.14,0.583771641
14-08-2012,2012,8,227,24.05,77.28,0.679983304
15-08-2012,2012,8,228,23.96,82.16,0.531054151
16-08-2012,2012,8,229,24.14,82.25,0.534112361
17-08-2012,2012,8,230,23.46,83.65,0.472279493
18-08-2012,2012,8,231,23.03,82.41,0.49507749
19-08-2012,2012,8,232,24.29,75.51,0.743578324
20-08-2012,2012,8,233,24.97,76.04,0.757644296
21-08-2012,2012,8,234,25.08,77.99,0.700557235
22-08-2012,2012,8,235,25.05,77.5,0.714875504
23-08-2012,2012,8,236,25.22,79.05,0.672395988
24-08-2012,2012,8,237,25.39,77.1,0.742444631
25-08-2012,2012,8,238,24.13,85.07,0.448986906
26-08-2012,2012,8,239,23.3,85.22,0.422829363
27-08-2012,2012,8,240,22.96,83.28,0.468602701
28-08-2012,2012,8,241,23.73,83.06,0.497341581
29-08-2012,2012,8,242,23.59,84.61,0.448044397
30-08-2012,2012,8,243,23.42,85.1,0.429358856
31-08-2012,2012,8,244,23.77,84.23,0.464106603
01-09-2012,2012,9,245,23.08,83.67,0.461005778
02-09-2012,2012,9,246,24.17,82.49,0.527839041
03-09-2012,2012,9,247,23.75,85.65,0.421808814
04-09-2012,2012,9,248,23.61,83.68,0.475691653
05-09-2012,2012,9,249,24.22,80.41,0.592312938
06-09-2012,2012,9,250,24.4,82.2,0.544023652
07-09-2012,2012,9,251,24.11,81.95,0.542163414
08-09-2012,2012,9,252,24.05,80.97,0.569545875
09-09-2012,2012,9,253,23.14,85.32,0.415930707
10-09-2012,2012,9,254,22.52,82.97,0.464731528
11-09-2012,2012,9,255,23.11,82.6,0.492104
12-09-2012,2012,9,256,23.69,81.1,0.553551663
13-09-2012,2012,9,257,24.59,82.1,0.553330846
14-09-2012,2012,9,258,24.56,82.22,0.548636906
15-09-2012,2012,9,259,24.15,85,0.451633257
16-09-2012,2012,9,260,23.52,86.23,0.399195311
17-09-2012,2012,9,261,24.62,81.16,0.583433225
18-09-2012,2012,9,262,24.54,79.15,0.642599175
19-09-2012,2012,9,263,25.16,77.1,0.732363483
20-09-2012,2012,9,264,25.08,75.9,0.767079934
21-09-2012,2012,9,265,25.09,76.22,0.757345329
22-09-2012,2012,9,266,24.88,75.1,0.783156143
23-09-2012,2012,9,267,24.36,75.45,0.74853069
24-09-2012,2012,9,268,24.89,72.4,0.86859437
25-09-2012,2012,9,269,24.55,73.84,0.806735992
26-09-2012,2012,9,270,25.33,75.94,0.777277918
27-09-2012,2012,9,271,25.18,78.16,0.69929519
28-09-2012,2012,9,272,24.34,81.68,0.55790934
29-09-2012,2012,9,273,24.74,79.2,0.648762068
30-09-2012,2012,9,274,24.16,82.95,0.513664323
01-10-2012,2012,10,275,24.41,81.93,0.552606258
02-10-2012,2012,10,276,24.47,80.05,0.612293048
03-10-2012,2012,10,277,24.01,78,0.65685597
04-10-2012,2012,10,278,24.55,76.53,0.723780341
05-10-2012,2012,10,279,25.21,72.41,0.884982171
06-10-2012,2012,10,280,25.83,75.58,0.812650508
07-10-2012,2012,10,281,25.3,79.55,0.659477242
08-10-2012,2012,10,282,26.01,75.62,0.820003603
09-10-2012,2012,10,283,25,79.58,0.64686021
10-10-2012,2012,10,284,24.88,77.7,0.701380803
11-10-2012,2012,10,285,25.65,73.3,0.879101811
12-10-2012,2012,10,286,25.72,75.15,0.821591065
13-10-2012,2012,10,287,25.05,80.89,0.607167595
14-10-2012,2012,10,288,24.68,83.8,0.503479228
15-10-2012,2012,10,289,23.65,84.09,0.46485896
16-10-2012,2012,10,290,23.09,89.39,0.299707821
17-10-2012,2012,10,291,24.28,80.53,0.590804484
18-10-2012,2012,10,292,24.24,80.18,0.599985649
19-10-2012,2012,10,293,23.78,84.72,0.4499565
20-10-2012,2012,10,294,22.01,87.52,0.330163784
21-10-2012,2012,10,295,22.73,88.92,0.306238258
22-10-2012,2012,10,296,22.94,90.72,0.259771158
23-10-2012,2012,10,297,23.47,86.78,0.382097794
24-10-2012,2012,10,298,23.26,87.51,0.356454976
25-10-2012,2012,10,299,24.18,83.24,0.505533222
26-10-2012,2012,10,300,24.06,83.46,0.495320144
27-10-2012,2012,10,301,23.42,80.75,0.55470859
28-10-2012,2012,10,302,23.9,80.07,0.591134602
29-10-2012,2012,10,303,23.88,82.07,0.531174953
30-10-2012,2012,10,304,22.64,83.7,0.448061308
31-10-2012,2012,10,305,21.63,85.83,0.366278777
01-11-2012,2012,11,306,21.94,91.1,0.234450699
02-11-2012,2012,11,307,23.09,87.9,0.341796855
03-11-2012,2012,11,308,22.37,86.03,0.377769461
04-11-2012,2012,11,309,23.16,83.51,0.467778588
05-11-2012,2012,11,310,23.07,83.55,0.464112812
06-11-2012,2012,11,311,23.79,81.19,0.554238989
07-11-2012,2012,11,312,24.3,82.97,0.517383613
08-11-2012,2012,11,313,24.33,83.5,0.50218311
09-11-2012,2012,11,314,24.1,82.82,0.515722047
10-11-2012,2012,11,315,23.76,80.85,0.56324026
11-11-2012,2012,11,316,23.76,81.11,0.555593133
12-11-2012,2012,11,317,23.22,77.85,0.630619203
13-11-2012,2012,11,318,22.9,72.89,0.757043976
14-11-2012,2012,11,319,22.14,61.92,1.015432408
15-11-2012,2012,11,320,21.3,59.99,1.013535313
16-11-2012,2012,11,321,22.34,64.12,0.96848058
17-11-2012,2012,11,322,21.61,76.52,0.606190358
18-11-2012,2012,11,323,22.79,78.22,0.60416637
19-11-2012,2012,11,324,23.27,81.04,0.541430507
20-11-2012,2012,11,325,24.55,74.74,0.778981313
21-11-2012,2012,11,326,24.72,74.73,0.787243189
22-11-2012,2012,11,327,24.87,79.78,0.635581471
23-11-2012,2012,11,328,24.7,82.9,0.532085295
24-11-2012,2012,11,329,22.85,81.83,0.505861769
25-11-2012,2012,11,330,24.11,79.51,0.615453095
26-11-2012,2012,11,331,23.26,78.09,0.625294518
27-11-2012,2012,11,332,23.88,75.43,0.727884472
28-11-2012,2012,11,333,23.14,71.2,0.815994848
29-11-2012,2012,11,334,21.6,67.24,0.845258033
30-11-2012,2012,11,335,22.33,68.96,0.837329068
01-12-2012,2012,12,336,22.3,67.43,0.877000845
02-12-2012,2012,12,337,22.05,70.89,0.771997059
03-12-2012,2012,12,338,23.34,74.76,0.723816026
04-12-2012,2012,12,339,23.95,81.06,0.563460102
05-12-2012,2012,12,340,24.56,76.94,0.711561702
06-12-2012,2012,12,341,25.1,74.16,0.823442185
07-12-2012,2012,12,342,24.22,71.92,0.849012114
08-12-2012,2012,12,343,24.04,70.68,0.876987302
09-12-2012,2012,12,344,23.72,68.34,0.92894725
10-12-2012,2012,12,345,22.83,65.93,0.947377485
11-12-2012,2012,12,346,23.21,68.59,0.893715215
12-12-2012,2012,12,347,23.83,69.54,0.899668233
13-12-2012,2012,12,348,24.29,67.26,0.994069185
14-12-2012,2012,12,349,23.54,68.07,0.926773561
15-12-2012,2012,12,350,22.22,68.46,0.845143601
16-12-2012,2012,12,351,21.75,69.2,0.802004387
17-12-2012,2012,12,352,22.21,65.86,0.914256516
18-12-2012,2012,12,353,22.64,69.3,0.843894611
19-12-2012,2012,12,354,22.87,70.59,0.819781059
20-12-2012,2012,12,355,23.93,71.63,0.842987133
21-12-2012,2012,12,356,23.89,71.85,0.834442854
22-12-2012,2012,12,357,23.15,64.12,1.017207961
23-12-2012,2012,12,358,23.02,64.32,1.00362058
24-12-2012,2012,12,359,23.22,68.06,0.90934435
25-12-2012,2012,12,360,23.85,70.22,0.880641535
26-12-2012,2012,12,361,24.16,70.8,0.879706641
27-12-2012,2012,12,362,24.52,71.33,0.882556587
28-12-2012,2012,12,363,24.2,75.2,0.748941603
29-12-2012,2012,12,364,24.42,80.22,0.605262517
30-12-2012,2012,12,365,25.82,75.25,0.823144888
31-12-2012,2012,12,366,24.53,76.22,0.732464104
01-01-2013,2013,1,1,24.98,69.1,0.977677818
02-01-2013,2013,1,2,24.98,59.96,1.266867956
03-01-2013,2013,1,3,24.45,55.02,1.378847908
04-01-2013,2013,1,4,25.81,61.05,1.294647257
05-01-2013,2013,1,5,26.25,61.82,1.302486915
06-01-2013,2013,1,6,26.31,61.87,1.305393198
07-01-2013,2013,1,7,26.24,58.63,1.410479295
08-01-2013,2013,1,8,26.45,55.75,1.527466347
09-01-2013,2013,1,9,25.59,55.34,1.465216532
10-01-2013,2013,1,10,25.49,56.05,1.433394389
11-01-2013,2013,1,11,24.38,53.12,1.431085528
12-01-2013,2013,1,12,23.53,53.54,1.34769718
13-01-2013,2013,1,13,23.49,49.69,1.45586404
14-01-2013,2013,1,14,23.46,47.24,1.524004041
15-01-2013,2013,1,15,23.58,53.65,1.34856122
16-01-2013,2013,1,16,23.34,59.13,1.172042828
17-01-2013,2013,1,17,23.21,59.19,1.161175355
18-01-2013,2013,1,18,23.68,57.02,1.25806032
19-01-2013,2013,1,19,24.42,55.28,1.368419605
20-01-2013,2013,1,20,24.1,50.45,1.487428837
21-01-2013,2013,1,21,25.17,55.47,1.424958636
22-01-2013,2013,1,22,24.25,49.38,1.533273175
23-01-2013,2013,1,23,24.22,50.09,1.509052515
24-01-2013,2013,1,24,24.23,49.88,1.516310248
25-01-2013,2013,1,25,24.31,49.11,1.547000797
26-01-2013,2013,1,26,23.73,47.37,1.545164547
27-01-2013,2013,1,27,23.88,53.78,1.369264156
28-01-2013,2013,1,28,24.78,52.99,1.469768778
29-01-2013,2013,1,29,25.29,51.53,1.56214525
30-01-2013,2013,1,30,25.48,52.02,1.56390126
31-01-2013,2013,1,31,24.82,53.59,1.454476371
01-02-2013,2013,2,32,23.59,47.48,1.528998814
02-02-2013,2013,2,33,23.28,48.2,1.480117776
03-02-2013,2013,2,34,23.89,47.65,1.551796924
04-02-2013,2013,2,35,24.94,49.17,1.604435714
05-02-2013,2013,2,36,26.34,58.13,1.435971386
06-02-2013,2013,2,37,26.13,64.48,1.203189716
07-02-2013,2013,2,38,26.74,60.22,1.396801601
08-02-2013,2013,2,39,27.23,57.69,1.528970274
09-02-2013,2013,2,40,27.38,50.18,1.816238026
10-02-2013,2013,2,41,26.38,48.47,1.771442565
11-02-2013,2013,2,42,26.13,55,1.524311296
12-02-2013,2013,2,43,26.95,52.01,1.705994154
13-02-2013,2013,2,44,24.88,61.66,1.205871748
14-02-2013,2013,2,45,25.27,66.09,1.091590903
15-02-2013,2013,2,46,25.35,63.88,1.168273398
16-02-2013,2013,2,47,26.43,64.83,1.212604011
17-02-2013,2013,2,48,26.16,68.7,1.062123033
18-02-2013,2013,2,49,24.66,79.7,0.63014994
19-02-2013,2013,2,50,23.86,82.45,0.519293103
20-02-2013,2013,2,51,25.41,67.81,1.044877479
21-02-2013,2013,2,52,24.57,61.25,1.196422352
22-02-2013,2013,2,53,23.82,60.21,1.174533489
23-02-2013,2013,2,54,23.87,59.64,1.194943947
24-02-2013,2013,2,55,24.14,58,1.263815165
25-02-2013,2013,2,56,23.51,50.37,1.43791801
26-02-2013,2013,2,57,23.33,47.2,1.513250276
27-02-2013,2013,2,58,24.44,45.63,1.665698748
28-02-2013,2013,2,59,24.98,51.11,1.546882476
01-03-2013,2013,3,60,25.23,50.4,1.592872477
02-03-2013,2013,3,61,25.13,43.18,1.813916197
03-03-2013,2013,3,62,25.29,44.45,1.790327391
04-03-2013,2013,3,63,26.09,49.81,1.696103291
05-03-2013,2013,3,64,25.55,71.26,0.940674957
06-03-2013,2013,3,65,25.75,72.37,0.915128193
07-03-2013,2013,3,66,26.23,70.66,0.999735316
08-03-2013,2013,3,67,25.8,67.23,1.088587459
09-03-2013,2013,3,68,26.46,69.89,1.039979967
10-03-2013,2013,3,69,26.98,66.28,1.200822794
11-03-2013,2013,3,70,27.19,68.12,1.149361888
12-03-2013,2013,3,71,26.73,68.42,1.108222008
13-03-2013,2013,3,72,27.69,57.24,1.587352238
14-03-2013,2013,3,73,27.12,47.14,1.897947556
15-03-2013,2013,3,74,27.02,48,1.856153358
16-03-2013,2013,3,75,27.37,56.48,1.585637326
17-03-2013,2013,3,76,28.1,54.54,1.728387006
18-03-2013,2013,3,77,28.53,52.26,1.860979901
19-03-2013,2013,3,78,28.36,46.05,2.082410218
20-03-2013,2013,3,79,27.98,48.61,1.94024528
21-03-2013,2013,3,80,28.72,45.7,2.140134653
22-03-2013,2013,3,81,29.34,45.98,2.206748663
23-03-2013,2013,3,82,28.85,49.59,2.001824171
24-03-2013,2013,3,83,29.02,42.39,2.310339382
25-03-2013,2013,3,84,28.62,54.7,1.775102683
26-03-2013,2013,3,85,28.46,60.01,1.552555587
27-03-2013,2013,3,86,29.06,57.56,1.705913018
28-03-2013,2013,3,87,28.47,62.96,1.438860597
29-03-2013,2013,3,88,29.4,59.31,1.667967798
30-03-2013,2013,3,89,28.96,59.38,1.623348845
31-03-2013,2013,3,90,29.53,57.31,1.763102046
01-04-2013,2013,4,91,29.68,57.26,1.780464849
02-04-2013,2013,4,92,29.87,55.79,1.861916967
03-04-2013,2013,4,93,29.93,55.62,1.875524842
04-04-2013,2013,4,94,29.9,57.04,1.812391495
05-04-2013,2013,4,95,30.03,55.05,1.910542081
06-04-2013,2013,4,96,29.53,56.44,1.799033149
07-04-2013,2013,4,97,30.03,54.62,1.928818679
08-04-2013,2013,4,98,30.4,52.21,2.074750586
09-04-2013,2013,4,99,30.33,55.51,1.923766299
10-04-2013,2013,4,100,29.92,57.86,1.779839386
11-04-2013,2013,4,101,30.31,56.4,1.883126017
12-04-2013,2013,4,102,30.81,48.5,2.288775463
13-04-2013,2013,4,103,30.85,48.88,2.277073515
14-04-2013,2013,4,104,30.04,56.09,1.867408732
15-04-2013,2013,4,105,28.5,62.29,1.467439221
16-04-2013,2013,4,106,29.05,60.55,1.584811608
17-04-2013,2013,4,107,29.4,56.66,1.776596814
18-04-2013,2013,4,108,29.17,53.38,1.885871641
19-04-2013,2013,4,109,29.27,51.83,1.959846801
20-04-2013,2013,4,110,29.39,51.96,1.96812527
21-04-2013,2013,4,111,29.4,50.99,2.009021916
22-04-2013,2013,4,112,29.28,54.93,1.834777875
23-04-2013,2013,4,113,28.87,60.32,1.577550879
24-04-2013,2013,4,114,27.48,66.33,1.234672495
25-04-2013,2013,4,115,27.99,65.54,1.301805767
26-04-2013,2013,4,116,28.09,64.27,1.357662702
27-04-2013,2013,4,117,29.02,58.23,1.675106336
28-04-2013,2013,4,118,28.56,65.55,1.3452531
29-04-2013,2013,4,119,27.23,71.85,1.017265734
30-04-2013,2013,4,120,29.73,57.33,1.782665217
01-05-2013,2013,5,121,29.54,60.35,1.638492496
02-05-2013,2013,5,122,28.55,68.49,1.229734512
03-05-2013,2013,5,123,28.79,66.74,1.316205141
04-05-2013,2013,5,124,26.94,77.55,0.797605682
05-05-2013,2013,5,125,27.05,75.18,0.887516534
06-05-2013,2013,5,126,28.2,70.26,1.137308758
07-05-2013,2013,5,127,27.24,72.21,1.004844592
08-05-2013,2013,5,128,27.7,68.48,1.170779946
09-05-2013,2013,5,129,28.57,67.83,1.256948934
10-05-2013,2013,5,130,28.75,66.65,1.316714252
11-05-2013,2013,5,131,28.82,65.85,1.353773715
12-05-2013,2013,5,132,26.72,74.98,0.877499001
13-05-2013,2013,5,133,25.82,71.7,0.941212135
14-05-2013,2013,5,134,26.24,71.05,0.987028658
15-05-2013,2013,5,135,27.43,64.01,1.315894087
16-05-2013,2013,5,136,28.12,58.79,1.568626327
17-05-2013,2013,5,137,28.79,60.89,1.547708451
18-05-2013,2013,5,138,28.75,63.83,1.428052608
19-05-2013,2013,5,139,28.93,66.35,1.342467458
20-05-2013,2013,5,140,27.03,77.82,0.792185327
21-05-2013,2013,5,141,27.64,64.92,1.298457204
22-05-2013,2013,5,142,27.39,70.65,1.070609751
23-05-2013,2013,5,143,26.96,73.13,0.955761056
24-05-2013,2013,5,144,26.8,75.86,0.85062591
25-05-2013,2013,5,145,24.91,80.75,0.606535792
26-05-2013,2013,5,146,24.58,76.77,0.717664643
27-05-2013,2013,5,147,24.13,84.44,0.46793277
28-05-2013,2013,5,148,23.72,85.01,0.439826888
29-05-2013,2013,5,149,24.25,82.4,0.533101697
30-05-2013,2013,5,150,24.8,82.7,0.541530693
31-05-2013,2013,5,151,23.84,86.95,0.385677232
01-06-2013,2013,6,152,24.21,81.06,0.572316825
02-06-2013,2013,6,153,23.77,82.72,0.508545472
03-06-2013,2013,6,154,24.35,84.15,0.482978074
04-06-2013,2013,6,155,24.95,78.46,0.680309769
05-06-2013,2013,6,156,25.21,78.45,0.691241964
06-06-2013,2013,6,157,24.67,82.97,0.528958816
07-06-2013,2013,6,158,23.8,83.61,0.483223798
08-06-2013,2013,6,159,23.54,83,0.493427828
09-06-2013,2013,6,160,23.94,78.78,0.630910554
10-06-2013,2013,6,161,24.46,79.24,0.636772105
11-06-2013,2013,6,162,24.38,83.1,0.515899006
12-06-2013,2013,6,163,23.51,84.7,0.443283207
13-06-2013,2013,6,164,24.03,80.51,0.582613543
14-06-2013,2013,6,165,24.41,84.42,0.476458522
15-06-2013,2013,6,166,24.8,83.52,0.515862764
16-06-2013,2013,6,167,24.51,84.97,0.46239614
17-06-2013,2013,6,168,23.37,86.94,0.375204392
18-06-2013,2013,6,169,23.52,86.83,0.38180118
19-06-2013,2013,6,170,23.16,88.89,0.315161923
20-06-2013,2013,6,171,23.41,87.79,0.351631665
21-06-2013,2013,6,172,23.48,87.54,0.360348601
22-06-2013,2013,6,173,23.11,84.97,0.425076042
23-06-2013,2013,6,174,23.78,85.1,0.438766483
24-06-2013,2013,6,175,24.15,86.25,0.413997152
25-06-2013,2013,6,176,24.19,86.63,0.403522168
26-06-2013,2013,6,177,23.96,88.28,0.348876382
27-06-2013,2013,6,178,23.68,88.55,0.335151016
28-06-2013,2013,6,179,23.67,84.78,0.445234064
29-06-2013,2013,6,180,23.63,82.92,0.498443696
30-06-2013,2013,6,181,23.17,86.99,0.369283009
01-07-2013,2013,7,182,22.56,85.01,0.410056369
02-07-2013,2013,7,183,23.15,85.56,0.409378009
03-07-2013,2013,7,184,22.43,87.26,0.345766756
04-07-2013,2013,7,185,24,86.26,0.409990261
05-07-2013,2013,7,186,24.06,87.03,0.388410053
06-07-2013,2013,7,187,23.4,87.07,0.372142246
07-07-2013,2013,7,188,23.01,87.26,0.358138897
08-07-2013,2013,7,189,23.18,85.05,0.424605435
09-07-2013,2013,7,190,22.95,85.64,0.40221678
10-07-2013,2013,7,191,22.71,85.91,0.388959325
11-07-2013,2013,7,192,22.52,84.27,0.429255838
12-07-2013,2013,7,193,22.76,86.93,0.361896895
13-07-2013,2013,7,194,22.79,89.06,0.30347016
14-07-2013,2013,7,195,23.67,85.9,0.412470453
15-07-2013,2013,7,196,23.76,87.34,0.372356224
16-07-2013,2013,7,197,23.01,87.19,0.360106693
17-07-2013,2013,7,198,22.96,87.25,0.357337586
18-07-2013,2013,7,199,23.4,86.31,0.394016036
19-07-2013,2013,7,200,22.48,90.42,0.260794382
20-07-2013,2013,7,201,22.95,86.08,0.389892589
21-07-2013,2013,7,202,22.75,86.28,0.379664689
22-07-2013,2013,7,203,22.84,86.31,0.380905625
23-07-2013,2013,7,204,22.91,86.26,0.383920404
24-07-2013,2013,7,205,22.86,85.3,0.409503142
25-07-2013,2013,7,206,22.87,86.75,0.369333527
26-07-2013,2013,7,207,22.61,87.14,0.352858426
27-07-2013,2013,7,208,23.11,87.56,0.351826078
28-07-2013,2013,7,209,23.34,87.14,0.368790574
29-07-2013,2013,7,210,22.47,85.92,0.383064261
30-07-2013,2013,7,211,23.09,87.59,0.350553634
31-07-2013,2013,7,212,23.35,85.94,0.403446683
01-08-2013,2013,8,213,23.68,86.51,0.394863511
02-08-2013,2013,8,214,23.37,86.32,0.393016546
03-08-2013,2013,8,215,23.24,84.78,0.433842951
04-08-2013,2013,8,216,23.08,87.27,0.3593756
05-08-2013,2013,8,217,22.27,89.2,0.290277667
06-08-2013,2013,8,218,22.38,89.09,0.295201892
07-08-2013,2013,8,219,23.14,87.16,0.363797703
08-08-2013,2013,8,220,23.46,87.05,0.374068467
09-08-2013,2013,8,221,22.73,90.4,0.265332787
10-08-2013,2013,8,222,23.21,89.07,0.310993547
11-08-2013,2013,8,223,23.18,88.41,0.329175718
12-08-2013,2013,8,224,23.46,87.34,0.365691644
13-08-2013,2013,8,225,23.01,88.98,0.309787334
14-08-2013,2013,8,226,22.72,88.37,0.321244843
15-08-2013,2013,8,227,23.12,88.65,0.321192914
16-08-2013,2013,8,228,23.33,87.13,0.368854755
17-08-2013,2013,8,229,23.49,86.43,0.392686842
18-08-2013,2013,8,230,23.43,86.21,0.397612699
19-08-2013,2013,8,231,23.01,87.72,0.345207665
20-08-2013,2013,8,232,23.65,86.33,0.399410558
21-08-2013,2013,8,233,23.51,86.22,0.399244614
22-08-2013,2013,8,234,23.33,85.75,0.408405614
23-08-2013,2013,8,235,23.79,83.96,0.472620595
24-08-2013,2013,8,236,23.57,84.8,0.441980383
25-08-2013,2013,8,237,23.95,84.14,0.471830899
26-08-2013,2013,8,238,23.97,84.59,0.458994349
27-08-2013,2013,8,239,24.21,83.79,0.489823429
28-08-2013,2013,8,240,24.17,82.85,0.516986839
29-08-2013,2013,8,241,23.91,85.88,0.419058488
30-08-2013,2013,8,242,24.96,82.86,0.541664787
31-08-2013,2013,8,243,25.33,83.48,0.53369207
01-09-2013,2013,9,244,24.92,83.44,0.522089416
02-09-2013,2013,9,245,24.62,86.03,0.432620072
03-09-2013,2013,9,246,23.37,85.25,0.423756875
04-09-2013,2013,9,247,22.57,84.95,0.411947611
05-09-2013,2013,9,248,23.32,84.33,0.448831998
06-09-2013,2013,9,249,23.3,86.79,0.377914471
07-09-2013,2013,9,250,23.2,86.01,0.397820046
08-09-2013,2013,9,251,22.28,89.58,0.280234587
09-09-2013,2013,9,252,22.71,84.9,0.416840724
10-09-2013,2013,9,253,23.23,84.77,0.433865972
11-09-2013,2013,9,254,23.14,86.79,0.37428097
12-09-2013,2013,9,255,22.86,90.1,0.27578783
13-09-2013,2013,9,256,23.54,88.54,0.332628406
14-09-2013,2013,9,257,23.81,88.95,0.32598131
15-09-2013,2013,9,258,23.78,88.2,0.347479496
16-09-2013,2013,9,259,24,89.36,0.31748882
17-09-2013,2013,9,260,23.45,89.66,0.298497094
18-09-2013,2013,9,261,23.21,87.43,0.357656805
19-09-2013,2013,9,262,23.27,86.46,0.386654486
20-09-2013,2013,9,263,23.38,88.65,0.326274042
21-09-2013,2013,9,264,23.34,88.99,0.315737498
22-09-2013,2013,9,265,23.6,85.41,0.425010056
23-09-2013,2013,9,266,23.13,85.89,0.399539329
24-09-2013,2013,9,267,23.92,84.54,0.459103155
25-09-2013,2013,9,268,24.11,84.05,0.47908623
26-09-2013,2013,9,269,24.27,81.85,0.550420164
27-09-2013,2013,9,270,24.59,80.14,0.613919028
28-09-2013,2013,9,271,23.87,83.53,0.487629505
29-09-2013,2013,9,272,23.73,83.09,0.496460811
30-09-2013,2013,9,273,23.89,84.03,0.473394401
01-10-2013,2013,10,274,24.4,83.49,0.504597219
02-10-2013,2013,10,275,24.36,82.58,0.531136644
03-10-2013,2013,10,276,23.45,84.77,0.439662547
04-10-2013,2013,10,277,22.84,84.02,0.44462176
05-10-2013,2013,10,278,22.82,81.38,0.51744902
06-10-2013,2013,10,279,23.89,83.14,0.499776431
07-10-2013,2013,10,280,24.25,86.71,0.402552361
08-10-2013,2013,10,281,24.36,86.05,0.425336176
09-10-2013,2013,10,282,23.02,89.3,0.30097366
10-10-2013,2013,10,283,23.24,86.33,0.389660521
11-10-2013,2013,10,284,24.18,83.07,0.510660946
12-10-2013,2013,10,285,23.48,83.17,0.486730896
13-10-2013,2013,10,286,24.39,84.03,0.487801138
14-10-2013,2013,10,287,25.09,79.92,0.639507747
15-10-2013,2013,10,288,24.04,87.99,0.359229792
16-10-2013,2013,10,289,23.47,91.3,0.251456188
17-10-2013,2013,10,290,22.09,92.28,0.205233857
18-10-2013,2013,10,291,23.25,86.42,0.387328852
19-10-2013,2013,10,292,23.49,86.38,0.394133735
20-10-2013,2013,10,293,23.01,89.78,0.287298236
21-10-2013,2013,10,294,23.92,85.06,0.443661134
22-10-2013,2013,10,295,23.63,91.38,0.251556479
23-10-2013,2013,10,296,23.17,92.36,0.21685797
24-10-2013,2013,10,297,23.46,90.89,0.263147779
25-10-2013,2013,10,298,23.46,91.13,0.256215236
26-10-2013,2013,10,299,23.56,89.19,0.31414023
27-10-2013,2013,10,300,22.96,85.99,0.392650948
28-10-2013,2013,10,301,22.72,83.47,0.456593057
29-10-2013,2013,10,302,23.84,83.25,0.495026332
30-10-2013,2013,10,303,23.92,86.08,0.413371017
31-10-2013,2013,10,304,24.29,84.71,0.464243062
01-11-2013,2013,11,305,24.33,81.6,0.560010256
02-11-2013,2013,11,306,23.49,88.15,0.342913712
03-11-2013,2013,11,307,23.32,87.63,0.354310901
04-11-2013,2013,11,308,23.03,85.45,0.409515491
05-11-2013,2013,11,309,22.96,87,0.364344206
06-11-2013,2013,11,310,23.26,83.63,0.467187187
07-11-2013,2013,11,311,23.47,80.68,0.558406156
08-11-2013,2013,11,312,23.34,77.84,0.635489823
09-11-2013,2013,11,313,22.52,74.7,0.690411488
10-11-2013,2013,11,314,23.59,77.85,0.644846225
11-11-2013,2013,11,315,24.41,78.24,0.665451697
12-11-2013,2013,11,316,23.49,84.99,0.434357369
13-11-2013,2013,11,317,20.99,87.91,0.300494312
14-11-2013,2013,11,318,22.21,82.42,0.470785868
15-11-2013,2013,11,319,22.71,78.28,0.599588114
16-11-2013,2013,11,320,21.76,84.47,0.404634299
17-11-2013,2013,11,321,23.03,86.55,0.378555557
18-11-2013,2013,11,322,23.24,84.63,0.43811867
19-11-2013,2013,11,323,23.55,78.53,0.62354578
20-11-2013,2013,11,324,24.24,76.63,0.707450283
21-11-2013,2013,11,325,23.87,81.96,0.534112706
22-11-2013,2013,11,326,23.57,80.81,0.558000233
23-11-2013,2013,11,327,23.96,81.46,0.551891477
24-11-2013,2013,11,328,23.2,88.4,0.329857937
25-11-2013,2013,11,329,23.48,84.58,0.445953084
26-11-2013,2013,11,330,23.95,81.45,0.551857703
27-11-2013,2013,11,331,23.76,80.93,0.560887298
28-11-2013,2013,11,332,23.58,82.31,0.514693592
29-11-2013,2013,11,333,23.5,81.14,0.546097104
30-11-2013,2013,11,334,23.22,77.05,0.653395518
01-12-2013,2013,12,335,22.9,85.31,0.410216747
02-12-2013,2013,12,336,22.04,87.39,0.334213439
03-12-2013,2013,12,337,21.7,84.42,0.404452125
04-12-2013,2013,12,338,22.1,82.86,0.455939312
05-12-2013,2013,12,339,22.78,77.51,0.62348357
06-12-2013,2013,12,340,23.22,68.73,0.890269187
07-12-2013,2013,12,341,23.84,61.97,1.123931427
08-12-2013,2013,12,342,24.16,76.75,0.70045135
09-12-2013,2013,12,343,23.78,76.79,0.683474501
10-12-2013,2013,12,344,22.62,67.36,0.896134367
11-12-2013,2013,12,345,22.31,61.48,1.037845292
12-12-2013,2013,12,346,22.26,74.64,0.681200484
13-12-2013,2013,12,347,23.48,84.6,0.445374676
14-12-2013,2013,12,348,23.62,78.88,0.615971662
15-12-2013,2013,12,349,24.36,74.46,0.778715838
16-12-2013,2013,12,350,21.17,64.76,0.88561429
17-12-2013,2013,12,351,20.04,71.87,0.65938897
18-12-2013,2013,12,352,20.95,75.85,0.598769665
19-12-2013,2013,12,353,22.08,75.55,0.649600027
20-12-2013,2013,12,354,21.93,75.7,0.63973919
21-12-2013,2013,12,355,21.28,73.19,0.678320305
22-12-2013,2013,12,356,21,71.81,0.701086821
23-12-2013,2013,12,357,20.5,71.59,0.685147288
24-12-2013,2013,12,358,21.44,74.96,0.639777059
25-12-2013,2013,12,359,21.91,73.35,0.700751684
26-12-2013,2013,12,360,21.41,70.48,0.752857932
27-12-2013,2013,12,361,21.23,71.71,0.713575229
28-12-2013,2013,12,362,21.29,69.49,0.77240733
29-12-2013,2013,12,363,21.04,70.57,0.733725946
30-12-2013,2013,12,364,20.51,67.99,0.772442519
31-12-2013,2013,12,365,21.09,69.48,0.76324029
01-01-2014,2014,1,1,21.9,71.58,0.746837484
02-01-2014,2014,1,2,21.99,70.27,0.785561767
03-01-2014,2014,1,3,21.97,73.65,0.695402981
04-01-2014,2014,1,4,22.6,69.42,0.838558812
05-01-2014,2014,1,5,22.74,63.24,1.016619424
06-01-2014,2014,1,6,22.91,63.69,1.014566949
07-01-2014,2014,1,7,22.88,67.15,0.916222939
08-01-2014,2014,1,8,22.71,73.5,0.731541668
09-01-2014,2014,1,9,23.6,71.59,0.827589834
10-01-2014,2014,1,10,23.06,69.54,0.8588652
11-01-2014,2014,1,11,22.4,68.43,0.855257315
12-01-2014,2014,1,12,22.95,67.29,0.916191564
13-01-2014,2014,1,13,22.7,66.05,0.936633522
14-01-2014,2014,1,14,23.8,69.35,0.903649139
15-01-2014,2014,1,15,23.64,66.48,0.978799308
16-01-2014,2014,1,16,23.87,66.31,0.99746436
17-01-2014,2014,1,17,23.68,67.25,0.958619718
18-01-2014,2014,1,18,23.39,62.92,1.066567365
19-01-2014,2014,1,19,23.65,63.9,1.054771115
20-01-2014,2014,1,20,24.21,61.82,1.153698859
21-01-2014,2014,1,21,23.37,60.95,1.121878371
22-01-2014,2014,1,22,23.42,60.87,1.127571278
23-01-2014,2014,1,23,23.43,60.06,1.151606325
24-01-2014,2014,1,24,23.85,61.28,1.145011425
25-01-2014,2014,1,25,24.12,60.26,1.194376659
26-01-2014,2014,1,26,23.55,54.98,1.30750028
27-01-2014,2014,1,27,23.2,58.83,1.170711315
28-01-2014,2014,1,28,23.36,52.29,1.369847462
29-01-2014,2014,1,29,23.34,53.06,1.346114273
30-01-2014,2014,1,30,23.87,52.18,1.41581317
31-01-2014,2014,1,31,23.98,54.23,1.364100397
01-02-2014,2014,2,32,24.21,58.6,1.250998763
02-02-2014,2014,2,33,24.68,60.17,1.237875164
03-02-2014,2014,2,34,24.28,51.95,1.458045992
04-02-2014,2014,2,35,24.28,51.02,1.486266237
05-02-2014,2014,2,36,24.31,43.94,1.704163189
06-02-2014,2014,2,37,23.89,40.73,1.756924617
07-02-2014,2014,2,38,23.54,43.67,1.634987619
08-02-2014,2014,2,39,23.56,43.67,1.636958292
09-02-2014,2014,2,40,24.2,43.22,1.71471388
10-02-2014,2014,2,41,25.69,51.12,1.613201437
11-02-2014,2014,2,42,25.71,52.27,1.577115371
12-02-2014,2014,2,43,25.37,63.54,1.180672291
13-02-2014,2014,2,44,26.61,59.17,1.42275104
14-02-2014,2014,2,45,26.84,57.51,1.500750914
15-02-2014,2014,2,46,26.68,59.9,1.403079327
16-02-2014,2014,2,47,26.4,59.61,1.390121385
17-02-2014,2014,2,48,27.79,51.08,1.826651674
18-02-2014,2014,2,49,27.16,57.88,1.515875338
19-02-2014,2014,2,50,26.81,55.22,1.578848997
20-02-2014,2014,2,51,26.69,56.97,1.506484252
21-02-2014,2014,2,52,26.74,56.72,1.519697669
22-02-2014,2014,2,53,26.7,54.68,1.587590637
23-02-2014,2014,2,54,25.85,46.24,1.791148079
24-02-2014,2014,2,55,25.56,60.8,1.283797374
25-02-2014,2014,2,56,26.14,60.2,1.348965029
26-02-2014,2014,2,57,25.91,50.72,1.647724889
27-02-2014,2014,2,58,26.33,48.81,1.754574766
28-02-2014,2014,2,59,26.8,55.99,1.550788993
01-03-2014,2014,3,60,27.3,58.35,1.511301007
02-03-2014,2014,3,61,26.88,56.65,1.534727314
03-03-2014,2014,3,62,26.49,59.95,1.385747649
04-03-2014,2014,3,63,27.23,61.42,1.394178047
05-03-2014,2014,3,64,25.83,63.98,1.198676138
06-03-2014,2014,3,65,27.19,56.8,1.557479096
07-03-2014,2014,3,66,26.86,55.22,1.583492938
08-03-2014,2014,3,67,26.88,53.19,1.657222273
09-03-2014,2014,3,68,26.48,51.2,1.687507328
10-03-2014,2014,3,69,26.98,49.19,1.809424857
11-03-2014,2014,3,70,26.15,49.99,1.696019802
12-03-2014,2014,3,71,25.96,47.36,1.765282255
13-03-2014,2014,3,72,25.78,48.69,1.702451014
14-03-2014,2014,3,73,26.06,44.47,1.873238306
15-03-2014,2014,3,74,26.01,36.07,2.150239145
16-03-2014,2014,3,75,26.36,38.93,2.096924714
17-03-2014,2014,3,76,27.14,37.42,2.249581254
18-03-2014,2014,3,77,28.3,40.55,2.286721286
19-03-2014,2014,3,78,28.86,39.05,2.421777225
20-03-2014,2014,3,79,29.5,48.07,2.141014424
21-03-2014,2014,3,80,29.45,51.09,2.010705744
22-03-2014,2014,3,81,29.16,52.54,1.918743534
23-03-2014,2014,3,82,29.41,45.15,2.249711447
24-03-2014,2014,3,83,28.59,36.66,2.477696864
25-03-2014,2014,3,84,28.34,36.05,2.465533879
26-03-2014,2014,3,85,27.88,33.02,2.51416115
27-03-2014,2014,3,86,27.4,32.37,2.468405498
28-03-2014,2014,3,87,27.93,29.93,2.637821167
29-03-2014,2014,3,88,28.85,26.87,2.904054783
30-03-2014,2014,3,89,29.15,36.84,2.55199978
31-03-2014,2014,3,90,29.51,53.1,1.934746813
01-04-2014,2014,4,91,29.84,54.27,1.922617451
02-04-2014,2014,4,92,30.27,51.72,2.080491319
03-04-2014,2014,4,93,30.22,37.5,2.685563564
04-04-2014,2014,4,94,29.79,36.59,2.658289024
05-04-2014,2014,4,95,30.02,40.79,2.515202279
06-04-2014,2014,4,96,29.98,47.76,2.214035697
07-04-2014,2014,4,97,29.07,56.33,1.756368152
08-04-2014,2014,4,98,26.66,73.1,0.940111317
09-04-2014,2014,4,99,27.11,67.51,1.165875547
10-04-2014,2014,4,100,28.62,58.74,1.616793305
11-04-2014,2014,4,101,27.73,64.55,1.319063043
12-04-2014,2014,4,102,28.63,61.31,1.51696546
13-04-2014,2014,4,103,29.04,59.07,1.643317535
14-04-2014,2014,4,104,28.85,60.57,1.565798989
15-04-2014,2014,4,105,29.24,59.09,1.661588469
16-04-2014,2014,4,106,27.96,64.78,1.328193994
17-04-2014,2014,4,107,28.69,62.21,1.486837694
18-04-2014,2014,4,108,29.96,56.07,1.859706199
19-04-2014,2014,4,109,29.75,58.99,1.715284214
20-04-2014,2014,4,110,28.76,58.13,1.654055574
21-04-2014,2014,4,111,29.69,48.58,2.143288572
22-04-2014,2014,4,112,30,46.69,2.261977983
23-04-2014,2014,4,113,29.48,58.92,1.691732123
24-04-2014,2014,4,114,28.14,68.71,1.192415729
25-04-2014,2014,4,115,28.58,67.5,1.270579117
26-04-2014,2014,4,116,30.09,61.5,1.642031862
27-04-2014,2014,4,117,29.13,63.71,1.464616947
28-04-2014,2014,4,118,28.53,65.39,1.349151956
29-04-2014,2014,4,119,28.6,63.52,1.427830592
30-04-2014,2014,4,120,29.03,61.33,1.551683017
01-05-2014,2014,5,121,27.78,68.76,1.165808008
02-05-2014,2014,5,122,28.06,71.44,1.083325306
03-05-2014,2014,5,123,28.43,68.22,1.231667754
04-05-2014,2014,5,124,27.54,71.05,1.065319985
05-05-2014,2014,5,125,27.95,68.62,1.182693316
06-05-2014,2014,5,126,25.68,78.59,0.706182136
07-05-2014,2014,5,127,24.33,85.53,0.44039937
08-05-2014,2014,5,128,24.73,86.61,0.417391383
09-05-2014,2014,5,129,24.86,86.88,0.41215916
10-05-2014,2014,5,130,25.65,84.07,0.524497822
11-05-2014,2014,5,131,26.41,79.74,0.697708882
12-05-2014,2014,5,132,25.93,83.44,0.55435517
13-05-2014,2014,5,133,24.36,87.98,0.366490383
14-05-2014,2014,5,134,25.15,82.71,0.55262154
15-05-2014,2014,5,135,25.3,78.93,0.679471173
16-05-2014,2014,5,136,25.62,74.32,0.844015864
17-05-2014,2014,5,137,25.96,76.11,0.801151084
18-05-2014,2014,5,138,26.73,75.05,0.875558553
19-05-2014,2014,5,139,27.08,80.51,0.698152833
20-05-2014,2014,5,140,25.72,83.42,0.548168204
21-05-2014,2014,5,141,25.56,72.6,0.897348165
22-05-2014,2014,5,142,26.42,78.59,0.737746909
23-05-2014,2014,5,143,26.25,82.41,0.600071892
24-05-2014,2014,5,144,25.75,86.08,0.461041782
25-05-2014,2014,5,145,24.63,80.91,0.591528424
26-05-2014,2014,5,146,25.86,79.02,0.699414652
27-05-2014,2014,5,147,26.68,75.8,0.846746127
28-05-2014,2014,5,148,26.49,81.01,0.657062368
29-05-2014,2014,5,149,25.52,84.14,0.518182916
30-05-2014,2014,5,150,26.02,81.8,0.612505716
31-05-2014,2014,5,151,26.5,82.2,0.61625066
01-06-2014,2014,6,152,26.65,81.95,0.630447246
02-06-2014,2014,6,153,25.08,88.09,0.379083901
03-06-2014,2014,6,154,24.81,85.62,0.450396424
04-06-2014,2014,6,155,25.49,81.1,0.616408509
05-06-2014,2014,6,156,25.68,83.16,0.555446388
06-06-2014,2014,6,157,25.24,86.59,0.430909765
07-06-2014,2014,6,158,24.59,85.81,0.438646073
08-06-2014,2014,6,159,25.3,82.7,0.557895173
09-06-2014,2014,6,160,25.07,83.65,0.52009514
10-06-2014,2014,6,161,24.67,87.8,0.378937026
11-06-2014,2014,6,162,24.88,84.61,0.48404711
12-06-2014,2014,6,163,24.52,84.52,0.476525147
13-06-2014,2014,6,164,24.59,82.42,0.543438898
14-06-2014,2014,6,165,24.99,83.51,0.522055477
15-06-2014,2014,6,166,24.85,78.87,0.663394158
16-06-2014,2014,6,167,24.43,86.33,0.418548543
17-06-2014,2014,6,168,24.65,84.44,0.482723101
18-06-2014,2014,6,169,24.96,84.73,0.482568337
19-06-2014,2014,6,170,25.24,83.64,0.525703486
20-06-2014,2014,6,171,25.07,85.34,0.466336071
21-06-2014,2014,6,172,24.68,85.08,0.463698153
22-06-2014,2014,6,173,25.24,78.67,0.685406807
23-06-2014,2014,6,174,25.24,82.3,0.568762329
24-06-2014,2014,6,175,25.33,82.28,0.572459049
25-06-2014,2014,6,176,25.23,80.69,0.620128378
26-06-2014,2014,6,177,26.01,77.67,0.751053341
27-06-2014,2014,6,178,25.74,81.53,0.611379285
28-06-2014,2014,6,179,25.49,84.45,0.507150916
29-06-2014,2014,6,180,25.59,81.14,0.618763632
30-06-2014,2014,6,181,24.58,84.09,0.491521501
01-07-2014,2014,7,182,24.46,88.87,0.341390825
02-07-2014,2014,7,183,24.31,83.68,0.496110297
03-07-2014,2014,7,184,25.35,79.64,0.658528416
04-07-2014,2014,7,185,25.5,79.94,0.654629338
05-07-2014,2014,7,186,24.91,85.17,0.467268873
06-07-2014,2014,7,187,24.09,81.64,0.550813698
07-07-2014,2014,7,188,23.27,81.01,0.542287201
08-07-2014,2014,7,189,23.48,77.6,0.64781771
09-07-2014,2014,7,190,23.91,79.42,0.610780715
10-07-2014,2014,7,191,23.72,82.8,0.504671279
11-07-2014,2014,7,192,24.17,85.2,0.446146077
12-07-2014,2014,7,193,24.39,83.7,0.497880936
13-07-2014,2014,7,194,23.5,85.17,0.429407214
14-07-2014,2014,7,195,23.92,85.28,0.437127972
15-07-2014,2014,7,196,23.64,88.55,0.334345229
16-07-2014,2014,7,197,23.72,86.47,0.396988512
17-07-2014,2014,7,198,24.01,85.62,0.429344948
18-07-2014,2014,7,199,24.34,83.14,0.513447133
19-07-2014,2014,7,200,23.84,86.66,0.394247837
20-07-2014,2014,7,201,24.15,86.06,0.41971784
21-07-2014,2014,7,202,23.83,86.27,0.405530034
22-07-2014,2014,7,203,23.18,87.18,0.364109811
23-07-2014,2014,7,204,22.8,87.46,0.348064157
24-07-2014,2014,7,205,23.01,85.5,0.407614914
25-07-2014,2014,7,206,23.31,86.77,0.378715093
26-07-2014,2014,7,207,23.79,87.02,0.382457314
27-07-2014,2014,7,208,23.6,89.35,0.31023695
28-07-2014,2014,7,209,23.56,87.61,0.360055268
29-07-2014,2014,7,210,23.72,85.77,0.417527459
30-07-2014,2014,7,211,23.8,84.68,0.451677156
31-07-2014,2014,7,212,23.7,85.79,0.416439308
01-08-2014,2014,8,213,24.12,86.79,0.397023545
02-08-2014,2014,8,214,23.89,86.79,0.391580466
03-08-2014,2014,8,215,23.55,89.52,0.304367013
04-08-2014,2014,8,216,22.98,88.12,0.333357657
05-08-2014,2014,8,217,23.07,88.36,0.328405662
06-08-2014,2014,8,218,22.94,86.8,0.369502078
07-08-2014,2014,8,219,22.92,88.15,0.331310853
08-08-2014,2014,8,220,22.99,86.55,0.377640869
09-08-2014,2014,8,221,22.65,88.41,0.318784114
10-08-2014,2014,8,222,23.11,86.26,0.388592469
11-08-2014,2014,8,223,22.55,90.26,0.266279239
12-08-2014,2014,8,224,22.64,89.96,0.275983775
13-08-2014,2014,8,225,22.84,87.55,0.346404312
14-08-2014,2014,8,226,22.96,87.4,0.353133615
15-08-2014,2014,8,227,22.98,87.01,0.364504711
16-08-2014,2014,8,228,23.53,83.95,0.465573391
17-08-2014,2014,8,229,23.35,87,0.373030361
18-08-2014,2014,8,230,24.31,83.65,0.497022264
19-08-2014,2014,8,231,23.29,88.22,0.336801417
20-08-2014,2014,8,232,24.35,87.08,0.393695692
21-08-2014,2014,8,233,24.22,89.67,0.312332448
22-08-2014,2014,8,234,24.35,87.93,0.36779466
23-08-2014,2014,8,235,23.35,92.74,0.208323109
24-08-2014,2014,8,236,23.47,89.73,0.296833914
25-08-2014,2014,8,237,23.38,88.43,0.332598296
26-08-2014,2014,8,238,23.34,86.78,0.379114416
27-08-2014,2014,8,239,22.82,88.35,0.323753012
28-08-2014,2014,8,240,22.95,88.05,0.334713824
29-08-2014,2014,8,241,23.1,87.24,0.360658236
30-08-2014,2014,8,242,22.72,86.1,0.383946975
31-08-2014,2014,8,243,22.76,87.43,0.348052332
01-09-2014,2014,9,244,23.65,88.17,0.345649371
02-09-2014,2014,9,245,23.21,90.13,0.280833148
03-09-2014,2014,9,246,23.14,87.66,0.349631126
04-09-2014,2014,9,247,23.17,88.15,0.33635693
05-09-2014,2014,9,248,22.82,87.23,0.354877765
06-09-2014,2014,9,249,22.97,87.37,0.35418863
07-09-2014,2014,9,250,23.08,89.61,0.293315985
08-09-2014,2014,9,251,23.48,87.04,0.374808818
09-09-2014,2014,9,252,23.73,85.77,0.417778672
10-09-2014,2014,9,253,24,84.58,0.460120075
11-09-2014,2014,9,254,23.91,83.46,0.490880127
12-09-2014,2014,9,255,23.95,83.62,0.487300764
13-09-2014,2014,9,256,24.41,83.42,0.507039942
14-09-2014,2014,9,257,24.11,86.15,0.416009046
15-09-2014,2014,9,258,23.8,85.98,0.41334946
16-09-2014,2014,9,259,23.37,87.35,0.363425388
17-09-2014,2014,9,260,23.82,84.82,0.448087921
18-09-2014,2014,9,261,23.69,84.92,0.441669793
19-09-2014,2014,9,262,24.4,83.43,0.506431007
20-09-2014,2014,9,263,24.07,83.32,0.499812456
21-09-2014,2014,9,264,24.8,81.86,0.567824669
22-09-2014,2014,9,265,24.16,86.95,0.393156564
23-09-2014,2014,9,266,25.23,85.53,0.464694854
24-09-2014,2014,9,267,24.92,89.36,0.335448755
25-09-2014,2014,9,268,25.41,84.25,0.511240146
26-09-2014,2014,9,269,25.03,86.48,0.429049469
27-09-2014,2014,9,270,24.61,82.98,0.52675706
28-09-2014,2014,9,271,24.75,82.46,0.547407693
29-09-2014,2014,9,272,24.72,85.08,0.464806821
30-09-2014,2014,9,273,24.69,85.59,0.448115365
01-10-2014,2014,10,274,25.09,83.35,0.530269123
02-10-2014,2014,10,275,24.88,81.56,0.579975875
03-10-2014,2014,10,276,24.84,82.59,0.54627575
04-10-2014,2014,10,277,24.22,86.95,0.394572938
05-10-2014,2014,10,278,23.59,89.16,0.315581629
06-10-2014,2014,10,279,23.54,89.03,0.318406075
07-10-2014,2014,10,280,23.34,88.31,0.335238088
08-10-2014,2014,10,281,23.44,87.94,0.347940587
09-10-2014,2014,10,282,23.81,89.64,0.305625916
10-10-2014,2014,10,283,23.76,91.26,0.25706109
11-10-2014,2014,10,284,21.32,88.31,0.296494808
12-10-2014,2014,10,285,22.67,88.3,0.322200219
13-10-2014,2014,10,286,24.43,87.69,0.376908015
14-10-2014,2014,10,287,24.33,88.08,0.362789253
15-10-2014,2014,10,288,24.18,88.62,0.343255851
16-10-2014,2014,10,289,23.89,80.7,0.572104692
17-10-2014,2014,10,290,23.55,77.12,0.664495922
18-10-2014,2014,10,291,22.79,87.81,0.338144539
19-10-2014,2014,10,292,22.41,87.75,0.332064301
20-10-2014,2014,10,293,22.23,85.95,0.376711947
21-10-2014,2014,10,294,21.35,89.07,0.277728827
22-10-2014,2014,10,295,22.96,86.02,0.391810153
23-10-2014,2014,10,296,23.24,88.82,0.318683587
24-10-2014,2014,10,297,22.08,93.32,0.177477635
25-10-2014,2014,10,298,22.47,94.04,0.16214936
26-10-2014,2014,10,299,23.27,86.56,0.38379884
27-10-2014,2014,10,300,23.77,86.35,0.401715607
28-10-2014,2014,10,301,23.44,87.15,0.370732715
29-10-2014,2014,10,302,23.14,88.12,0.336597875
30-10-2014,2014,10,303,22.79,87.81,0.338144539
31-10-2014,2014,10,304,23.05,83.46,0.466088131
01-11-2014,2014,11,305,22.86,83.5,0.459646383
02-11-2014,2014,11,306,23.17,83.1,0.479698913
03-11-2014,2014,11,307,23.33,79.21,0.595842296
04-11-2014,2014,11,308,22.78,82.41,0.48764233
05-11-2014,2014,11,309,22.8,79.26,0.575665918
06-11-2014,2014,11,310,23.03,71.04,0.815090627
07-11-2014,2014,11,311,23.5,68.55,0.910644428
08-11-2014,2014,11,312,23.28,82.84,0.49032473
09-11-2014,2014,11,313,23.33,87.79,0.349939126
10-11-2014,2014,11,314,23.94,82.17,0.530119471
11-11-2014,2014,11,315,23.62,86.55,0.39227362
12-11-2014,2014,11,316,22.81,88.06,0.331611182
13-11-2014,2014,11,317,23.01,88.61,0.320188543
14-11-2014,2014,11,318,22.65,92.54,0.205188049
15-11-2014,2014,11,319,23.32,88.62,0.325954572
16-11-2014,2014,11,320,22.49,85.78,0.387343293
17-11-2014,2014,11,321,21.88,83.78,0.425718982
18-11-2014,2014,11,322,21.51,85.86,0.362830879
19-11-2014,2014,11,323,22.53,85.87,0.385827599
20-11-2014,2014,11,324,21.93,84.46,0.409117161
21-11-2014,2014,11,325,20.88,87.7,0.303654132
22-11-2014,2014,11,326,22.03,85.9,0.373476515
23-11-2014,2014,11,327,22.21,87.49,0.335013152
24-11-2014,2014,11,328,22.02,84.36,0.41401519
25-11-2014,2014,11,329,20.82,80.03,0.491190219
26-11-2014,2014,11,330,21.33,80.78,0.48777783
27-11-2014,2014,11,331,21.54,81.72,0.469924478
28-11-2014,2014,11,332,21.52,80.66,0.496566026
29-11-2014,2014,11,333,20.51,71.06,0.698359466
30-11-2014,2014,11,334,20.89,74.86,0.621021103
01-12-2014,2014,12,335,21.05,84.32,0.391161716
02-12-2014,2014,12,336,22.14,84.04,0.425585642
03-12-2014,2014,12,337,22.39,73.18,0.726134522
04-12-2014,2014,12,338,20.3,74.65,0.603852042
05-12-2014,2014,12,339,20.14,77.3,0.535407351
06-12-2014,2014,12,340,20.51,75.98,0.579633531
07-12-2014,2014,12,341,22.38,81.38,0.503818444
08-12-2014,2014,12,342,23.42,82.44,0.506009498
09-12-2014,2014,12,343,23.33,82.6,0.49868475
10-12-2014,2014,12,344,22.95,86.55,0.376728112
11-12-2014,2014,12,345,22.52,83.84,0.440990105
12-12-2014,2014,12,346,22.6,84.98,0.411875518
13-12-2014,2014,12,347,22.16,86.15,0.36977084
14-12-2014,2014,12,348,23.31,83.4,0.475182959
15-12-2014,2014,12,349,22.8,78.82,0.587878695
16-12-2014,2014,12,350,23.23,81.32,0.532148153
17-12-2014,2014,12,351,22.53,80.78,0.524812913
18-12-2014,2014,12,352,22.39,83.63,0.443207387
19-12-2014,2014,12,353,22.69,82.34,0.486919673
20-12-2014,2014,12,354,21.69,78.58,0.555717152
21-12-2014,2014,12,355,22.47,76.84,0.630097179
22-12-2014,2014,12,356,22.5,74.32,0.699930897
23-12-2014,2014,12,357,23.4,76.81,0.667438413
24-12-2014,2014,12,358,23.11,77.73,0.629836557
25-12-2014,2014,12,359,23.33,71.27,0.823403038
26-12-2014,2014,12,360,21.19,64.98,0.881165816
27-12-2014,2014,12,361,21.33,67.82,0.816685253
28-12-2014,2014,12,362,21.12,78.42,0.540664479
29-12-2014,2014,12,363,23.68,76.46,0.689035364
30-12-2014,2014,12,364,24.77,77.07,0.716479366
31-12-2014,2014,12,365,24.69,80.17,0.616663962
01-01-2015,2015,1,1,23.96,78.97,0.626012825
02-01-2015,2015,1,2,22.96,73.76,0.735414766
03-01-2015,2015,1,3,23.32,70.13,0.855559144
04-01-2015,2015,1,4,23.95,70.47,0.878509864
05-01-2015,2015,1,5,23.61,71.59,0.828088227
06-01-2015,2015,1,6,23.32,71.25,0.823479256
07-01-2015,2015,1,7,23.56,70.48,0.85785565
08-01-2015,2015,1,8,23.67,74.6,0.74303188
09-01-2015,2015,1,9,23.27,73.74,0.749892674
10-01-2015,2015,1,10,22.59,67.66,0.886283293
11-01-2015,2015,1,11,20.17,60.22,0.940002053
12-01-2015,2015,1,12,20.32,63.67,0.866471657
13-01-2015,2015,1,13,20.31,64.13,0.854972521
14-01-2015,2015,1,14,20.53,65.4,0.83597273
15-01-2015,2015,1,15,20.89,64.62,0.873974806
16-01-2015,2015,1,16,21.67,68.06,0.827634372
17-01-2015,2015,1,17,22.93,70.94,0.812972309
18-01-2015,2015,1,18,22.71,69.73,0.835613822
19-01-2015,2015,1,19,22.31,68.02,0.861637913
20-01-2015,2015,1,20,21.9,69.73,0.795452872
21-01-2015,2015,1,21,21.5,69.76,0.775480524
22-01-2015,2015,1,22,21.24,62.67,0.942173937
23-01-2015,2015,1,23,23.15,71.94,0.79550879
24-01-2015,2015,1,24,23.75,70.97,0.853317761
25-01-2015,2015,1,25,23.73,63.47,1.072484532
26-01-2015,2015,1,26,22.22,62.58,1.002703663
27-01-2015,2015,1,27,22.98,66.4,0.942829738
28-01-2015,2015,1,28,23.8,67.14,0.968806223
29-01-2015,2015,1,29,24.59,64.84,1.086877795
30-01-2015,2015,1,30,24.26,66.17,1.025320308
31-01-2015,2015,1,31,23.82,58.04,1.238588218
01-02-2015,2015,2,32,23.41,61.45,1.110188427
02-02-2015,2015,2,33,23.17,58.49,1.178242714
03-02-2015,2015,2,34,22.95,59.85,1.12458243
04-02-2015,2015,2,35,23.61,60.03,1.165036481
05-02-2015,2015,2,36,24.35,56.71,1.319124342
06-02-2015,2015,2,37,24.1,53.22,1.404276912
07-02-2015,2015,2,38,24.2,54.29,1.380408092
08-02-2015,2015,2,39,24.09,52.81,1.415735206
09-02-2015,2015,2,40,24.09,50.69,1.479336788
10-02-2015,2015,2,41,23.67,57.15,1.253500632
11-02-2015,2015,2,42,25.14,55.4,1.424653571
12-02-2015,2015,2,43,25.82,56.75,1.438424906
13-02-2015,2015,2,44,26.18,55.16,1.523382234
14-02-2015,2015,2,45,26.32,51.93,1.646663188
15-02-2015,2015,2,46,25.96,47.11,1.773666004
16-02-2015,2015,2,47,24.86,44.82,1.733455978
17-02-2015,2015,2,48,25.23,44.13,1.794229543
18-02-2015,2015,2,49,25.15,43.24,1.814158393
19-02-2015,2015,2,50,25.43,46.08,1.752306212
20-02-2015,2015,2,51,24.33,42.81,1.740597094
21-02-2015,2015,2,52,23.86,47.81,1.544268208
22-02-2015,2015,2,53,24.41,45.88,1.655066445
23-02-2015,2015,2,54,23.99,43.82,1.675358913
24-02-2015,2015,2,55,24.72,37.35,1.951752504
25-02-2015,2015,2,56,26.09,43.75,1.900892809
26-02-2015,2015,2,57,27.16,56.19,1.576697497
27-02-2015,2015,2,58,27.71,58.35,1.54795206
28-02-2015,2015,2,59,27.04,61.82,1.36444457
01-03-2015,2015,3,60,26.35,65.14,1.196261881
02-03-2015,2015,3,61,27.5,60.9,1.435466652
03-03-2015,2015,3,62,27.03,64.26,1.276497006
04-03-2015,2015,3,63,26.52,64.51,1.230140923
05-03-2015,2015,3,64,28.38,53.61,1.792683185
06-03-2015,2015,3,65,28.07,58.51,1.574696519
07-03-2015,2015,3,66,26.8,66.75,1.171636765
08-03-2015,2015,3,67,26.61,61.62,1.337379008
09-03-2015,2015,3,68,25.84,62.64,1.244004837
10-03-2015,2015,3,69,25.9,53.51,1.553519238
11-03-2015,2015,3,70,25.63,50.84,1.616683199
12-03-2015,2015,3,71,27,53.5,1.657883182
13-03-2015,2015,3,72,27.36,51.96,1.749298349
14-03-2015,2015,3,73,26.9,56.02,1.55886084
15-03-2015,2015,3,74,26.78,65.13,1.227277863
16-03-2015,2015,3,75,25.69,72.67,0.901980263
17-03-2015,2015,3,76,25.91,60.05,1.335767234
18-03-2015,2015,3,77,26.84,52.95,1.661810555
19-03-2015,2015,3,78,26.49,53.8,1.598540359
20-03-2015,2015,3,79,26.36,43.87,1.927302836
21-03-2015,2015,3,80,26.6,47.33,1.834244807
22-03-2015,2015,3,81,27.37,39.73,2.195918236
23-03-2015,2015,3,82,28.65,54.59,1.782509185
24-03-2015,2015,3,83,29.35,52.85,1.927215661
25-03-2015,2015,3,84,28.78,46.42,2.119105924
26-03-2015,2015,3,85,27.71,43.98,2.082023395
27-03-2015,2015,3,86,27.67,42.48,2.132787193
28-03-2015,2015,3,87,27.81,41.49,2.187287622
29-03-2015,2015,3,88,28.59,49.53,1.974255774
30-03-2015,2015,3,89,29.2,49.77,2.035424142
31-03-2015,2015,3,90,27.72,59.22,1.516502525
01-04-2015,2015,4,91,28.17,61.89,1.454851984
02-04-2015,2015,4,92,28.28,64.55,1.361987042
03-04-2015,2015,4,93,28.31,65.03,1.345889171
04-04-2015,2015,4,94,29.66,60.08,1.661077836
05-04-2015,2015,4,95,28.65,61.67,1.504593196
06-04-2015,2015,4,96,28.27,64.68,1.356204194
07-04-2015,2015,4,97,29.25,61.69,1.55688544
08-04-2015,2015,4,98,27.23,65.4,1.250351488
09-04-2015,2015,4,99,28.53,52.21,1.862928979
10-04-2015,2015,4,100,27.95,65.79,1.289354313
11-04-2015,2015,4,101,26.72,70.72,1.026905305
12-04-2015,2015,4,102,26.26,68.4,1.078650524
13-04-2015,2015,4,103,24.79,77.86,0.692620747
14-04-2015,2015,4,104,25.48,75.01,0.814545487
15-04-2015,2015,4,105,25.52,78.8,0.692653078
16-04-2015,2015,4,106,25.45,76.89,0.751927051
17-04-2015,2015,4,107,25.84,73.23,0.89138141
18-04-2015,2015,4,108,27,68.75,1.114168805
19-04-2015,2015,4,109,26.63,72.5,0.959385767
20-04-2015,2015,4,110,28.17,67.25,1.250233599
21-04-2015,2015,4,111,27.46,69.91,1.10210526
22-04-2015,2015,4,112,26.02,76.05,0.806017137
23-04-2015,2015,4,113,26.03,77.14,0.769788933
24-04-2015,2015,4,114,26.87,74.22,0.912157858
25-04-2015,2015,4,115,24.98,78.29,0.686905677
26-04-2015,2015,4,116,26.9,65.11,1.23666791
27-04-2015,2015,4,117,27.27,67.71,1.169610587
28-04-2015,2015,4,118,27.82,67.06,1.232118892
29-04-2015,2015,4,119,28.25,68.74,1.198915593
30-04-2015,2015,4,120,26.57,76.23,0.82633546
01-05-2015,2015,5,121,27.67,70.09,1.109034509
02-05-2015,2015,5,122,26.72,73.08,0.944135615
03-05-2015,2015,5,123,26.93,70.73,1.039297069
04-05-2015,2015,5,124,26.91,73.7,0.932744813
05-05-2015,2015,5,125,27.02,72.02,0.998753288
06-05-2015,2015,5,126,26.32,76.96,0.789247344
07-05-2015,2015,5,127,26.52,77.9,0.76602182
08-05-2015,2015,5,128,26.24,81.89,0.617446943
09-05-2015,2015,5,129,25.86,82.44,0.585401396
10-05-2015,2015,5,130,26.38,75.1,0.855985249
11-05-2015,2015,5,131,25.61,73.94,0.85599755
12-05-2015,2015,5,132,26.11,69.69,1.025496312
13-05-2015,2015,5,133,25.27,78.54,0.690815122
14-05-2015,2015,5,134,25.53,75.61,0.797350672
15-05-2015,2015,5,135,25.7,84.58,0.509212552
16-05-2015,2015,5,136,25.04,87.53,0.395964044
17-05-2015,2015,5,137,24.38,87.53,0.380666308
18-05-2015,2015,5,138,24.94,82.11,0.564693192
19-05-2015,2015,5,139,25.56,82.62,0.569193836
20-05-2015,2015,5,140,26.13,81.05,0.641904424
21-05-2015,2015,5,141,26.21,78.62,0.7276458
22-05-2015,2015,5,142,26.68,76.32,0.828551582
23-05-2015,2015,5,143,25.37,82.44,0.568639754
24-05-2015,2015,5,144,25.41,79.84,0.654387387
25-05-2015,2015,5,145,26.66,77.34,0.791930203
26-05-2015,2015,5,146,26.43,78.71,0.734044339
27-05-2015,2015,5,147,25.77,81.25,0.621751318
28-05-2015,2015,5,148,24.51,73.52,0.814654011
29-05-2015,2015,5,149,25.75,79.83,0.668046893
30-05-2015,2015,5,150,26.78,77.76,0.782754794
31-05-2015,2015,5,151,26,82.78,0.578839938
01-06-2015,2015,6,152,25.02,83.91,0.510302954
02-06-2015,2015,6,153,25.12,83.43,0.528664387
03-06-2015,2015,6,154,24.89,86.27,0.432094228
04-06-2015,2015,6,155,24.72,87.16,0.400008015
05-06-2015,2015,6,156,24.5,86.31,0.420919455
06-06-2015,2015,6,157,25.74,77.83,0.73385375
07-06-2015,2015,6,158,25.54,80.35,0.642773193
08-06-2015,2015,6,159,24.36,81.82,0.554309081
09-06-2015,2015,6,160,24.61,81.95,0.558634837
10-06-2015,2015,6,161,24.95,79.55,0.645883695
11-06-2015,2015,6,162,24.75,84.15,0.494664306
12-06-2015,2015,6,163,23.98,82.02,0.535864652
13-06-2015,2015,6,164,24.75,81,0.592972985
14-06-2015,2015,6,165,24.73,76.19,0.742202303
15-06-2015,2015,6,166,24.26,77.49,0.682233525
16-06-2015,2015,6,167,24.16,76.67,0.702861505
17-06-2015,2015,6,168,23.75,81.31,0.54938026
18-06-2015,2015,6,169,24.44,80.56,0.595570787
19-06-2015,2015,6,170,24.85,83,0.533729327
20-06-2015,2015,6,171,25.22,82.02,0.577073025
21-06-2015,2015,6,172,24.57,85.74,0.440283426
22-06-2015,2015,6,173,25.08,83.58,0.522632885
23-06-2015,2015,6,174,25.04,85.92,0.447086908
24-06-2015,2015,6,175,25.18,83.9,0.515506069
25-06-2015,2015,6,176,24.75,87.12,0.401973266
26-06-2015,2015,6,177,24.11,82.64,0.521438054
27-06-2015,2015,6,178,24.76,83.23,0.52368911
28-06-2015,2015,6,179,25.05,84.77,0.483891286
29-06-2015,2015,6,180,24.82,85.41,0.457246504
30-06-2015,2015,6,181,24.9,78.28,0.683953608
01-07-2015,2015,7,182,25.23,82.39,0.565533958
02-07-2015,2015,7,183,25.26,80.58,0.624774329
03-07-2015,2015,7,184,25.44,81.02,0.617183288
04-07-2015,2015,7,185,25.34,82.5,0.565687764
05-07-2015,2015,7,186,25.51,80.7,0.630201657
06-07-2015,2015,7,187,24.88,79.48,0.645396147
07-07-2015,2015,7,188,23.9,82.98,0.504822425
08-07-2015,2015,7,189,24.92,80.78,0.605951605
09-07-2015,2015,7,190,25.45,80.36,0.639024114
10-07-2015,2015,7,191,24.75,84.4,0.48686203
11-07-2015,2015,7,192,24.99,84.19,0.500527416
12-07-2015,2015,7,193,25.53,78.45,0.704506231
13-07-2015,2015,7,194,25.39,78.69,0.690894982
14-07-2015,2015,7,195,25.41,80.93,0.619006323
15-07-2015,2015,7,196,24.95,82.4,0.555870563
16-07-2015,2015,7,197,25.22,79.62,0.654101682
17-07-2015,2015,7,198,23.94,82.48,0.520902587
18-07-2015,2015,7,199,23.96,82.86,0.510216824
19-07-2015,2015,7,200,23.23,82.58,0.496253791
20-07-2015,2015,7,201,24.2,82.03,0.54268067
21-07-2015,2015,7,202,24.46,84.37,0.47941946
22-07-2015,2015,7,203,24.28,85.69,0.434227641
23-07-2015,2015,7,204,24.15,81.42,0.559423061
24-07-2015,2015,7,205,23.79,81.05,0.558364106
25-07-2015,2015,7,206,23.39,81.89,0.520915183
26-07-2015,2015,7,207,23.68,78.4,0.632249951
27-07-2015,2015,7,208,24.37,76.6,0.713894306
28-07-2015,2015,7,209,25.28,74.81,0.811369041
29-07-2015,2015,7,210,24.64,78.75,0.658852251
30-07-2015,2015,7,211,25.02,76.5,0.745315066
31-07-2015,2015,7,212,25.25,76.94,0.741438387
01-08-2015,2015,8,213,25.5,75.4,0.802785728
02-08-2015,2015,8,214,24.11,80.12,0.597130675
03-08-2015,2015,8,215,24.34,83.1,0.514665276
04-08-2015,2015,8,216,25.14,78.05,0.701146769
05-08-2015,2015,8,217,24.44,76.49,0.720260761
06-08-2015,2015,8,218,24.69,78.83,0.658334648
07-08-2015,2015,8,219,24.97,79.84,0.637483681
08-08-2015,2015,8,220,25.4,78.46,0.698766698
09-08-2015,2015,8,221,25.1,79.85,0.642119196
10-08-2015,2015,8,222,24.86,80.71,0.605987057
11-08-2015,2015,8,223,25.02,80.68,0.612744131
12-08-2015,2015,8,224,25.12,80.06,0.636183939
13-08-2015,2015,8,225,24.89,81.5,0.582209994
14-08-2015,2015,8,226,25.49,77.56,0.731862801
15-08-2015,2015,8,227,25.46,79.06,0.681726592
16-08-2015,2015,8,228,24.64,83.97,0.497007133
17-08-2015,2015,8,229,25.4,80.72,0.625451344
18-08-2015,2015,8,230,26.37,77.78,0.763404983
19-08-2015,2015,8,231,25.78,79.29,0.687151832
20-08-2015,2015,8,232,25.91,77.72,0.744953541
21-08-2015,2015,8,233,25.28,81.84,0.584932981
22-08-2015,2015,8,234,24.74,79.82,0.629423968
23-08-2015,2015,8,235,24.79,76.75,0.727345635
24-08-2015,2015,8,236,24.85,75.36,0.773593566
25-08-2015,2015,8,237,25.31,74.6,0.819593123
26-08-2015,2015,8,238,24.9,77.51,0.708200582
27-08-2015,2015,8,239,24.94,79.57,0.64486763
28-08-2015,2015,8,240,25.49,76.09,0.779805685
29-08-2015,2015,8,241,25.65,76.29,0.780655578
30-08-2015,2015,8,242,26.18,74.06,0.881278661
31-08-2015,2015,8,243,26.03,74.74,0.850606668
01-09-2015,2015,9,244,26.31,72.69,0.934966909
02-09-2015,2015,9,245,25.76,73.44,0.880210058
03-09-2015,2015,9,246,26.16,74.95,0.850037763
04-09-2015,2015,9,247,25.46,81.96,0.587313644
05-09-2015,2015,9,248,24.72,84.61,0.479448859
06-09-2015,2015,9,249,24.81,80.9,0.59823169
07-09-2015,2015,9,250,23.64,83.9,0.470127353
08-09-2015,2015,9,251,23.48,79.15,0.602991038
09-09-2015,2015,9,252,24.48,77.93,0.677763987
10-09-2015,2015,9,253,23.95,83.33,0.495928189
11-09-2015,2015,9,254,24.25,81.69,0.554607504
12-09-2015,2015,9,255,25.25,78.03,0.70639208
13-09-2015,2015,9,256,25.31,75.5,0.790552422
14-09-2015,2015,9,257,25.08,75.01,0.795407783
15-09-2015,2015,9,258,24.73,77.75,0.69357418
16-09-2015,2015,9,259,25.15,78.68,0.681428064
17-09-2015,2015,9,260,24.47,77.39,0.693932121
18-09-2015,2015,9,261,24.77,80.18,0.619303142
19-09-2015,2015,9,262,25.5,79.1,0.682041533
20-09-2015,2015,9,263,24.76,80.24,0.617060036
21-09-2015,2015,9,264,25.62,73.24,0.879511859
22-09-2015,2015,9,265,26.5,72.04,0.967998228
23-09-2015,2015,9,266,26.17,76.24,0.80673952
24-09-2015,2015,9,267,26.05,78.08,0.739008249
25-09-2015,2015,9,268,26.86,74.45,0.90348916
26-09-2015,2015,9,269,26.9,74.28,0.9116394
27-09-2015,2015,9,270,25.1,82.74,0.550023689
28-09-2015,2015,9,271,24.03,90.24,0.291755166
29-09-2015,2015,9,272,24.49,86.37,0.418824153
30-09-2015,2015,9,273,24.71,82.44,0.546724995
01-10-2015,2015,10,274,24.37,84,0.488132859
02-10-2015,2015,10,275,24.62,84.11,0.492078235
03-10-2015,2015,10,276,25.41,81.01,0.616409547
04-10-2015,2015,10,277,25.03,83.12,0.535677148
05-10-2015,2015,10,278,24.05,86.83,0.394162857
06-10-2015,2015,10,279,23.57,79.55,0.594638081
07-10-2015,2015,10,280,24.08,82.97,0.510606336
08-10-2015,2015,10,281,24.02,85.17,0.443046454
09-10-2015,2015,10,282,23.78,86.24,0.40519643
10-10-2015,2015,10,283,24.26,85.64,0.435223164
11-10-2015,2015,10,284,24.71,85.64,0.447094017
12-10-2015,2015,10,285,25.16,80.35,0.628425434
13-10-2015,2015,10,286,25.3,80.39,0.632388691
14-10-2015,2015,10,287,25.33,75.38,0.795369175
15-10-2015,2015,10,288,25.08,70.22,0.947868898
16-10-2015,2015,10,289,25.45,70.33,0.965368914
17-10-2015,2015,10,290,25.16,73.78,0.838540197
18-10-2015,2015,10,291,25.16,78.21,0.696864641
19-10-2015,2015,10,292,25.33,80.18,0.640301261
20-10-2015,2015,10,293,26.05,77.05,0.773733545
21-10-2015,2015,10,294,25.75,76.49,0.778670424
22-10-2015,2015,10,295,25.6,75.16,0.815440359
23-10-2015,2015,10,296,25.77,67.88,1.065101459
24-10-2015,2015,10,297,25.92,69.96,1.005011021
25-10-2015,2015,10,298,24.5,68.61,0.965132337
26-10-2015,2015,10,299,24.47,68.95,0.952967375
27-10-2015,2015,10,300,25.14,70.8,0.932732831
28-10-2015,2015,10,301,23.58,84.26,0.457958007
29-10-2015,2015,10,302,25.02,74.9,0.796059922
30-10-2015,2015,10,303,25.66,73.57,0.870727935
31-10-2015,2015,10,304,23.98,86.19,0.411584586
01-11-2015,2015,11,305,24.66,84.41,0.483942737
02-11-2015,2015,11,306,23.75,85.01,0.440621193
03-11-2015,2015,11,307,24.17,85.53,0.436198225
04-11-2015,2015,11,308,24.71,81.45,0.577548329
05-11-2015,2015,11,309,24.47,86.19,0.423847969
06-11-2015,2015,11,310,24.75,81.49,0.577680524
07-11-2015,2015,11,311,24.05,83.62,0.490234442
08-11-2015,2015,11,312,23.57,86.39,0.395746908
09-11-2015,2015,11,313,23.5,87.91,0.35006967
10-11-2015,2015,11,314,22.21,88.67,0.303413191
11-11-2015,2015,11,315,22.35,90.54,0.255501601
12-11-2015,2015,11,316,23.53,86.4,0.394504555
13-11-2015,2015,11,317,22.49,85.33,0.399600992
14-11-2015,2015,11,318,21.4,83.69,0.415704485
15-11-2015,2015,11,319,21.89,88.56,0.300443722
16-11-2015,2015,11,320,23.06,87.07,0.364580664
17-11-2015,2015,11,321,24.09,84.57,0.462911512
18-11-2015,2015,11,322,22.78,90.39,0.266415167
19-11-2015,2015,11,323,22.65,93.26,0.185384377
20-11-2015,2015,11,324,23.37,88.63,0.32665191
21-11-2015,2015,11,325,22.73,87.19,0.354053437
22-11-2015,2015,11,326,22.26,91.72,0.222410884
23-11-2015,2015,11,327,22.41,89.84,0.275410065
24-11-2015,2015,11,328,23.2,88.51,0.326729974
25-11-2015,2015,11,329,21.89,81.92,0.474827141
26-11-2015,2015,11,330,20.95,80.72,0.478023981
27-11-2015,2015,11,331,22.51,85.79,0.387541223
28-11-2015,2015,11,332,22.91,82.46,0.490099264
29-11-2015,2015,11,333,22.25,86.02,0.375291459
30-11-2015,2015,11,334,22.48,89.22,0.293461737
01-12-2015,2015,12,335,22.6,87.81,0.334271809
02-12-2015,2015,12,336,22.15,90.36,0.257214548
03-12-2015,2015,12,337,23.51,85.33,0.425030369
04-12-2015,2015,12,338,23.48,84.93,0.435830933
05-12-2015,2015,12,339,22.78,87.16,0.355959495
06-12-2015,2015,12,340,22.34,91.78,0.221875986
07-12-2015,2015,12,341,23.14,89.16,0.307131394
08-12-2015,2015,12,342,21.69,84.96,0.390195423
09-12-2015,2015,12,343,22.14,88.45,0.307989609
10-12-2015,2015,12,344,23.59,90.37,0.280355266
11-12-2015,2015,12,345,23.73,85.62,0.422182523
12-12-2015,2015,12,346,23.63,87.34,0.369455339
13-12-2015,2015,12,347,23.74,85.38,0.429486918
14-12-2015,2015,12,348,23.6,87.09,0.376071269
15-12-2015,2015,12,349,23.69,86.72,0.388950587
16-12-2015,2015,12,350,22.46,81.38,0.506273149
17-12-2015,2015,12,351,21.8,83.42,0.433048362
18-12-2015,2015,12,352,23.25,84.59,0.439524124
19-12-2015,2015,12,353,23.02,84.62,0.432614476
20-12-2015,2015,12,354,22.87,84.23,0.439576583
21-12-2015,2015,12,355,22.04,75.83,0.640597845
22-12-2015,2015,12,356,21.03,74.91,0.625140427
23-12-2015,2015,12,357,21.55,80.16,0.510339502
24-12-2015,2015,12,358,21.78,77.51,0.586693197
25-12-2015,2015,12,359,21.47,77.84,0.567233108
26-12-2015,2015,12,360,21.59,77.55,0.578890231
27-12-2015,2015,12,361,22.33,79.89,0.542483491
28-12-2015,2015,12,362,22.34,76.97,0.621630651
29-12-2015,2015,12,363,21.94,76.24,0.625904337
30-12-2015,2015,12,364,22,67.58,0.857162493
31-12-2015,2015,12,365,20.85,76.13,0.588200483
01-01-2016,2016,1,1,20.31,74.16,0.615904375
02-01-2016,2016,1,2,20.18,70.68,0.693260513
03-01-2016,2016,1,3,20.07,67.11,0.772399523
04-01-2016,2016,1,4,20.03,69.85,0.706302096
05-01-2016,2016,1,5,20.75,72.31,0.678147473
06-01-2016,2016,1,6,22.04,74.37,0.679293453
07-01-2016,2016,1,7,21.98,75.18,0.65542419
08-01-2016,2016,1,8,21.45,74.69,0.647071587
09-01-2016,2016,1,9,21.78,71.55,0.742170807
10-01-2016,2016,1,10,21.12,70.22,0.746106959
11-01-2016,2016,1,11,20.99,68.54,0.781931435
12-01-2016,2016,1,12,21.38,70.29,0.756312855
13-01-2016,2016,1,13,19.97,75.61,0.569248553
14-01-2016,2016,1,14,21.43,67.39,0.832682181
15-01-2016,2016,1,15,21.05,70.61,0.733178753
16-01-2016,2016,1,16,21.95,72.02,0.737520432
17-01-2016,2016,1,17,22.9,71.92,0.784131126
18-01-2016,2016,1,18,23.45,71.87,0.812062209
19-01-2016,2016,1,19,24.4,72.73,0.83345646
20-01-2016,2016,1,20,24.83,74.16,0.810301505
21-01-2016,2016,1,21,24.99,76.71,0.737336086
22-01-2016,2016,1,22,24.08,74.98,0.750168557
23-01-2016,2016,1,23,24.19,71.67,0.855032387
24-01-2016,2016,1,24,24.67,73.2,0.832419042
25-01-2016,2016,1,25,25.37,72.72,0.883399344
26-01-2016,2016,1,26,25.51,70.5,0.9632616
27-01-2016,2016,1,27,25,69.09,0.979160092
28-01-2016,2016,1,28,24.31,65.89,1.036906999
29-01-2016,2016,1,29,23.73,58.36,1.222509058
30-01-2016,2016,1,30,22.95,62.13,1.060720713
31-01-2016,2016,1,31,22.65,64.59,0.973955607
01-02-2016,2016,2,32,22.39,59.57,1.094616656
02-02-2016,2016,2,33,22.71,56.89,1.190066465
03-02-2016,2016,2,34,22.42,54.61,1.231147668
04-02-2016,2016,2,35,22.73,57.1,1.185705891
05-02-2016,2016,2,36,23.05,59.12,1.151975986
06-02-2016,2016,2,37,24.6,61.01,1.20599241
07-02-2016,2016,2,38,25.86,61.43,1.285816164
08-02-2016,2016,2,39,26.43,62.52,1.292249028
09-02-2016,2016,2,40,26.09,60.79,1.325049014
10-02-2016,2016,2,41,26.38,60.21,1.367857552
11-02-2016,2016,2,42,26.57,61.98,1.32171957
12-02-2016,2016,2,43,26.55,59.19,1.417041353
13-02-2016,2016,2,44,26.23,51.74,1.644418076
14-02-2016,2016,2,45,25.39,53.84,1.496560881
15-02-2016,2016,2,46,25.18,54.42,1.459426499
16-02-2016,2016,2,47,26.31,58.5,1.420766266
17-02-2016,2016,2,48,26.14,56.75,1.465897927
18-02-2016,2016,2,49,26.51,58.71,1.430335849
19-02-2016,2016,2,50,26.25,58.09,1.429733541
20-02-2016,2016,2,51,27.74,55.1,1.67166416
21-02-2016,2016,2,52,28.34,56.47,1.678259418
22-02-2016,2016,2,53,28.29,51.44,1.866756806
23-02-2016,2016,2,54,27.62,46.25,1.987189883
24-02-2016,2016,2,55,28.03,54.54,1.721360208
25-02-2016,2016,2,56,29.04,54.12,1.842057379
26-02-2016,2016,2,57,28.23,53.54,1.779811511
27-02-2016,2016,2,58,27.33,54.79,1.643361167
28-02-2016,2016,2,59,28.18,55.86,1.686027791
29-02-2016,2016,2,60,26,57.61,1.424914343
01-03-2016,2016,3,61,27.54,55.32,1.644162243
02-03-2016,2016,3,62,27.09,54.32,1.637266536
03-03-2016,2016,3,63,27.21,51.18,1.762158875
04-03-2016,2016,3,64,26.24,46.45,1.825747311
05-03-2016,2016,3,65,27.29,44.58,2.009778827
06-03-2016,2016,3,66,27.79,47.65,1.954726393
07-03-2016,2016,3,67,27.82,46.95,1.984332338
08-03-2016,2016,3,68,28.39,47.11,2.045054463
09-03-2016,2016,3,69,28.33,48.78,1.973593771
10-03-2016,2016,3,70,28.03,50.2,1.88569596
11-03-2016,2016,3,71,29.34,50.09,2.038852754
12-03-2016,2016,3,72,28.94,60.04,1.595127038
13-03-2016,2016,3,73,29.39,60.12,1.63382256
14-03-2016,2016,3,74,29.53,57.31,1.763102046
15-03-2016,2016,3,75,28.98,56.91,1.724052539
16-03-2016,2016,3,76,29.42,53.51,1.907918978
17-03-2016,2016,3,77,29.95,52.08,2.027452832
18-03-2016,2016,3,78,30.64,46.1,2.372317849
19-03-2016,2016,3,79,30.57,50.14,2.185750272
20-03-2016,2016,3,80,30.78,49.71,2.231180554
21-03-2016,2016,3,81,30.93,49.21,2.272710026
22-03-2016,2016,3,82,29.58,59.82,1.664220595
23-03-2016,2016,3,83,30.27,57.8,1.818490755
24-03-2016,2016,3,84,30.87,49.88,2.235075932
25-03-2016,2016,3,85,29.84,43.05,2.394337718
26-03-2016,2016,3,86,29.27,41.96,2.361418068
27-03-2016,2016,3,87,29.35,42.42,2.353532932
28-03-2016,2016,3,88,30.24,46.94,2.282548484
29-03-2016,2016,3,89,30.36,50.92,2.125885355
30-03-2016,2016,3,90,30.36,49.86,2.171798934
31-03-2016,2016,3,91,29.57,50.16,2.063141894
01-04-2016,2016,4,92,29.99,49.16,2.155937278
02-04-2016,2016,4,93,30.63,50.03,2.198090344
03-04-2016,2016,4,94,30.95,49.17,2.277092339
04-04-2016,2016,4,95,30.91,45.29,2.445331478
05-04-2016,2016,4,96,30.43,52.59,2.061787063
06-04-2016,2016,4,97,30.38,54.7,1.964401761
07-04-2016,2016,4,98,30.72,56.11,1.940583811
08-04-2016,2016,4,99,29.27,65.02,1.423197864
09-04-2016,2016,4,100,26.44,79.71,0.699978274
10-04-2016,2016,4,101,28.12,69.16,1.173900411
11-04-2016,2016,4,102,29.14,64.03,1.452540487
12-04-2016,2016,4,103,29.16,66.37,1.359615361
13-04-2016,2016,4,104,29.45,65.36,1.42406148
14-04-2016,2016,4,105,29.36,66.87,1.354940933
15-04-2016,2016,4,106,30.01,64.85,1.492293037
16-04-2016,2016,4,107,29.55,64.62,1.462881156
17-04-2016,2016,4,108,30.16,59.38,1.739413558
18-04-2016,2016,4,109,30.92,54.45,2.037074019
19-04-2016,2016,4,110,31.06,54.13,2.067801762
20-04-2016,2016,4,111,30.46,58.16,1.822679687
21-04-2016,2016,4,112,30.2,60.96,1.67559018
22-04-2016,2016,4,113,30.42,58.72,1.794176782
23-04-2016,2016,4,114,30.36,58.37,1.803190858
24-04-2016,2016,4,115,30.97,56.62,1.945560427
25-04-2016,2016,4,116,30.77,55.67,1.965636231
26-04-2016,2016,4,117,30.9,54.44,2.035201039
27-04-2016,2016,4,118,30.52,52.91,2.058431944
28-04-2016,2016,4,119,30.4,55.96,1.911948437
29-04-2016,2016,4,120,31.06,51.55,2.184107158
30-04-2016,2016,4,121,30.92,51.72,2.159164296
01-05-2016,2016,5,122,30.58,57.02,1.885222921
02-05-2016,2016,5,123,31.19,55.26,2.031830025
03-05-2016,2016,5,124,30.58,56.71,1.898820387
04-05-2016,2016,5,125,30.27,57.42,1.83486579
05-05-2016,2016,5,126,28.61,65.76,1.340933779
06-05-2016,2016,5,127,28.37,70.76,1.12928714
07-05-2016,2016,5,128,27.45,75.89,0.882559886
08-05-2016,2016,5,129,26.91,79.3,0.734137552
09-05-2016,2016,5,130,27.44,71.34,1.048501913
10-05-2016,2016,5,131,27.9,69.22,1.156705355
11-05-2016,2016,5,132,26.69,73.9,0.913763397
12-05-2016,2016,5,133,26.61,74.03,0.904943534
13-05-2016,2016,5,134,28.31,70.44,1.13767469
14-05-2016,2016,5,135,28.49,72.33,1.076120287
15-05-2016,2016,5,136,28.07,69.68,1.150754362
16-05-2016,2016,5,137,26.67,77.57,0.784353268
17-05-2016,2016,5,138,26.23,72.83,0.925794428
18-05-2016,2016,5,139,25.62,82.92,0.561362576
19-05-2016,2016,5,140,26.3,80.4,0.670616875
20-05-2016,2016,5,141,25.78,79.3,0.686820035
21-05-2016,2016,5,142,27.1,74.43,0.917019612
22-05-2016,2016,5,143,27.53,75.92,0.885593109
23-05-2016,2016,5,144,28,73.64,0.996389644
24-05-2016,2016,5,145,28.06,72.26,1.052221428
25-05-2016,2016,5,146,27.14,75.27,0.888976421
26-05-2016,2016,5,147,26.35,79.65,0.698334173
27-05-2016,2016,5,148,26.43,78.19,0.751973087
28-05-2016,2016,5,149,25.66,83.4,0.546881715
29-05-2016,2016,5,150,25.27,80.47,0.628686828
30-05-2016,2016,5,151,25.42,79.75,0.657699167
31-05-2016,2016,5,152,25.99,77.86,0.743782954
01-06-2016,2016,6,153,25.5,83.71,0.531600793
02-06-2016,2016,6,154,24.82,86.06,0.436875686
03-06-2016,2016,6,155,24.61,86.34,0.422767417
04-06-2016,2016,6,156,25.53,81.59,0.601854279
05-06-2016,2016,6,157,25.77,79.31,0.686081855
06-06-2016,2016,6,158,25.94,79.2,0.696703447
07-06-2016,2016,6,159,25.55,86.49,0.442189237
08-06-2016,2016,6,160,24.83,86.98,0.408286594
09-06-2016,2016,6,161,25.03,84.95,0.477603145
10-06-2016,2016,6,162,24.36,83.72,0.496377989
11-06-2016,2016,6,163,24.88,83.2,0.528394506
12-06-2016,2016,6,164,25.24,80.18,0.636885275
13-06-2016,2016,6,165,24.8,82.75,0.539965575
14-06-2016,2016,6,166,25.18,79.61,0.652867624
15-06-2016,2016,6,167,25.2,77.67,0.715835544
16-06-2016,2016,6,168,25.35,79.92,0.649472033
17-06-2016,2016,6,169,24.26,84.02,0.484322156
18-06-2016,2016,6,170,24.23,79.57,0.618080973
19-06-2016,2016,6,171,24.16,79.87,0.606455298
20-06-2016,2016,6,172,24.01,82.4,0.525484776
21-06-2016,2016,6,173,23.76,82.16,0.524710508
22-06-2016,2016,6,174,23.54,79.47,0.595886665
23-06-2016,2016,6,175,22.69,81.95,0.497672712
24-06-2016,2016,6,176,23.99,75.43,0.732708588
25-06-2016,2016,6,177,24.45,75.19,0.760542832
26-06-2016,2016,6,178,24.61,81.35,0.577204416
27-06-2016,2016,6,179,24.23,83.89,0.487385437
28-06-2016,2016,6,180,24.16,85.28,0.443468553
29-06-2016,2016,6,181,23.87,86.47,0.400584529
30-06-2016,2016,6,182,24.25,83.2,0.508869801
01-07-2016,2016,7,183,24.62,81.15,0.583742903
02-07-2016,2016,7,184,24.73,79.54,0.637776527
03-07-2016,2016,7,185,24.84,78.25,0.682452473
04-07-2016,2016,7,186,24.14,82.32,0.532006003
05-07-2016,2016,7,187,24.8,83.87,0.504906941
06-07-2016,2016,7,188,24.63,86.76,0.410258582
07-07-2016,2016,7,189,24.17,81.07,0.570644948
08-07-2016,2016,7,190,23.8,84.61,0.453740955
09-07-2016,2016,7,191,23.94,86.29,0.407624114
10-07-2016,2016,7,192,24.56,84.15,0.489082956
11-07-2016,2016,7,193,24.35,84.05,0.486025254
12-07-2016,2016,7,194,24.12,83.79,0.487187862
13-07-2016,2016,7,195,24.45,82.74,0.529099931
14-07-2016,2016,7,196,24.49,82.94,0.524221574
15-07-2016,2016,7,197,24.65,83.9,0.499475703
16-07-2016,2016,7,198,23.73,87.22,0.375208112
17-07-2016,2016,7,199,23.51,86.42,0.393450062
18-07-2016,2016,7,200,22.89,86.83,0.367548347
19-07-2016,2016,7,201,23.04,84.74,0.429758509
20-07-2016,2016,7,202,24.41,81.34,0.570649295
21-07-2016,2016,7,203,23.75,83.16,0.495000727
22-07-2016,2016,7,204,23.64,83.34,0.486479609
23-07-2016,2016,7,205,23.83,83.94,0.474349042
24-07-2016,2016,7,206,23.97,84.74,0.454526526
25-07-2016,2016,7,207,23.74,86.19,0.405691815
26-07-2016,2016,7,208,23.6,87.14,0.374614758
27-07-2016,2016,7,209,23.74,84.98,0.441237586
28-07-2016,2016,7,210,24.12,83.95,0.482379099
29-07-2016,2016,7,211,23.67,85.32,0.429437323
30-07-2016,2016,7,212,23.38,84.29,0.451609268
31-07-2016,2016,7,213,23.84,83.15,0.497981713
01-08-2016,2016,8,214,23.7,84.54,0.4530719
02-08-2016,2016,8,215,23.59,83.7,0.474536951
03-08-2016,2016,8,216,23.78,84.01,0.470864165
04-08-2016,2016,8,217,23.89,83.27,0.495922876
05-08-2016,2016,8,218,23.56,84.48,0.45101354
06-08-2016,2016,8,219,23.97,83.51,0.491162675
07-08-2016,2016,8,220,24.26,82.56,0.528571864
08-08-2016,2016,8,221,24.09,83.48,0.495612325
09-08-2016,2016,8,222,24.5,81.81,0.559278662
10-08-2016,2016,8,223,24.46,81.67,0.562236642
11-08-2016,2016,8,224,24.56,81.75,0.563139682
12-08-2016,2016,8,225,24.42,83.21,0.513769346
13-08-2016,2016,8,226,24.75,81.76,0.569254066
14-08-2016,2016,8,227,24.44,82.08,0.549003523
15-08-2016,2016,8,228,24.29,81.5,0.561706778
16-08-2016,2016,8,229,24.02,82.64,0.518630239
17-08-2016,2016,8,230,24.19,82.15,0.538733784
18-08-2016,2016,8,231,24.43,81.53,0.565515112
19-08-2016,2016,8,232,24.84,79.79,0.634131701
20-08-2016,2016,8,233,24.96,79.99,0.632363617
21-08-2016,2016,8,234,25.39,78,0.713265584
22-08-2016,2016,8,235,25.23,79.17,0.668942212
23-08-2016,2016,8,236,24.39,83.3,0.510098873
24-08-2016,2016,8,237,24.45,83.48,0.506415461
25-08-2016,2016,8,238,24.24,84.67,0.46406559
26-08-2016,2016,8,239,24.61,82.9,0.529233004
27-08-2016,2016,8,240,23.81,85.2,0.436608451
28-08-2016,2016,8,241,24.26,81.69,0.554939842
29-08-2016,2016,8,242,24.29,79.18,0.632147845
30-08-2016,2016,8,243,23.55,84.06,0.462939904
31-08-2016,2016,8,244,22.67,81.5,0.509461885
01-09-2016,2016,9,245,22.48,80.54,0.529755602
02-09-2016,2016,9,246,22.67,81.38,0.512766502
03-09-2016,2016,9,247,23.38,82.7,0.497316381
04-09-2016,2016,9,248,23.92,81.61,0.546113003
05-09-2016,2016,9,249,24.06,80,0.598936087
06-09-2016,2016,9,250,23.75,81.02,0.55790462
07-09-2016,2016,9,251,23.37,79.65,0.584640841
08-09-2016,2016,9,252,23.92,78.95,0.625104878
09-09-2016,2016,9,253,24.89,75.06,0.784882014
10-09-2016,2016,9,254,24.39,80.13,0.606926025
11-09-2016,2016,9,255,24.45,77.45,0.691263235
12-09-2016,2016,9,256,24.26,76.76,0.704358379
13-09-2016,2016,9,257,24.82,78.4,0.676937936
14-09-2016,2016,9,258,25.09,79.38,0.656705664
15-09-2016,2016,9,259,24.41,79.82,0.617133054
16-09-2016,2016,9,260,24.51,82.51,0.538077744
17-09-2016,2016,9,261,24.5,79,0.645676301
18-09-2016,2016,9,262,24.24,80.15,0.600893801
19-09-2016,2016,9,263,24.99,76.67,0.738602443
20-09-2016,2016,9,264,24.92,75.57,0.770207998
21-09-2016,2016,9,265,24.94,77.53,0.709259699
22-09-2016,2016,9,266,24.27,77.09,0.694772781
23-09-2016,2016,9,267,24.6,77.22,0.704603927
24-09-2016,2016,9,268,24.25,78.73,0.644265516
25-09-2016,2016,9,269,24.48,78.91,0.647668441
26-09-2016,2016,9,270,24.62,77.12,0.70854311
27-09-2016,2016,9,271,24.57,80.88,0.590337945
28-09-2016,2016,9,272,25,80.21,0.62690321
29-09-2016,2016,9,273,24.47,82.61,0.533723113
30-09-2016,2016,9,274,24.83,76.24,0.745075997
01-10-2016,2016,10,275,23.93,77.56,0.666782914
02-10-2016,2016,10,276,25.18,73.27,0.855868151
03-10-2016,2016,10,277,25.62,73.35,0.875896526
04-10-2016,2016,10,278,26.06,69.86,1.016736945
05-10-2016,2016,10,279,25.46,72.48,0.895946313
06-10-2016,2016,10,280,25.54,67.95,1.048390882
07-10-2016,2016,10,281,24.34,69.01,0.94375603
08-10-2016,2016,10,282,24.93,74.13,0.816093319
09-10-2016,2016,10,283,25.42,70.98,0.942539745
10-10-2016,2016,10,284,25.24,67.92,1.030841555
11-10-2016,2016,10,285,24.67,73.17,0.833350854
12-10-2016,2016,10,286,24.4,80.34,0.600871068
13-10-2016,2016,10,287,24.24,86.27,0.415630825
14-10-2016,2016,10,288,25.21,74.24,0.826282737
15-10-2016,2016,10,289,24.83,78.19,0.683927083
16-10-2016,2016,10,290,25.16,77.98,0.704220257
17-10-2016,2016,10,291,24.85,79.55,0.642044985
18-10-2016,2016,10,292,26.28,66.86,1.132553128
19-10-2016,2016,10,293,25.57,69.83,0.98865167
20-10-2016,2016,10,294,25.72,73.26,0.884078273
21-10-2016,2016,10,295,24.06,77.45,0.675300438
22-10-2016,2016,10,296,24.92,73.99,0.820020877
23-10-2016,2016,10,297,25.25,72.65,0.879372935
24-10-2016,2016,10,298,25.31,72.12,0.899616389
25-10-2016,2016,10,299,25.3,73.29,0.861351449
26-10-2016,2016,10,300,25.52,73.32,0.871697365
27-10-2016,2016,10,301,25.66,73.29,0.879952446
28-10-2016,2016,10,302,26.5,67.93,1.110289812
29-10-2016,2016,10,303,26.32,71.39,0.98005063
30-10-2016,2016,10,304,26.01,71.81,0.948150188
31-10-2016,2016,10,305,23.33,82.76,0.494099143
01-11-2016,2016,11,306,24.68,71.26,0.893209446
02-11-2016,2016,11,307,25.17,74.49,0.816319219
03-11-2016,2016,11,308,24.79,78.76,0.664465432
04-11-2016,2016,11,309,24.78,82.76,0.539009014
05-11-2016,2016,11,310,25.49,75.96,0.784045532
06-11-2016,2016,11,311,24.56,65.55,1.063022577
07-11-2016,2016,11,312,24.51,62.59,1.150914145
08-11-2016,2016,11,313,24.3,71.21,0.874660847
09-11-2016,2016,11,314,24.22,68.43,0.954533919
10-11-2016,2016,11,315,23.26,61.78,1.090769352
11-11-2016,2016,11,316,23.77,69.56,0.895840519
12-11-2016,2016,11,317,25,68.19,1.007670092
13-11-2016,2016,11,318,25.22,73.68,0.844747609
14-11-2016,2016,11,319,25.45,77.39,0.735658616
15-11-2016,2016,11,320,23.64,78.18,0.637153965
16-11-2016,2016,11,321,24.8,71.38,0.89587332
17-11-2016,2016,11,322,25.11,68.68,0.998667319
18-11-2016,2016,11,323,24.38,65.3,1.059271924
19-11-2016,2016,11,324,24.42,62.05,1.161259481
20-11-2016,2016,11,325,24.63,63.03,1.145563427
21-11-2016,2016,11,326,24.41,63.44,1.118056712
22-11-2016,2016,11,327,24.4,61.74,1.169345221
23-11-2016,2016,11,328,23.83,59.12,1.207433926
24-11-2016,2016,11,329,22.95,59.29,1.140267764
25-11-2016,2016,11,330,23.31,54.77,1.294730436
26-11-2016,2016,11,331,24.14,56.28,1.315571405
27-11-2016,2016,11,332,24.44,51.84,1.475446969
28-11-2016,2016,11,333,24.54,47.53,1.617130874
29-11-2016,2016,11,334,24.25,56.69,1.311854232
30-11-2016,2016,11,335,23.49,53.79,1.337218789
01-12-2016,2016,12,336,24.53,49.93,1.542240442
02-12-2016,2016,12,337,23.51,79.36,0.597997738
03-12-2016,2016,12,338,23.79,85.07,0.439914307
04-12-2016,2016,12,339,24.14,74.91,0.754979107
05-12-2016,2016,12,340,24.76,73.16,0.838152397
06-12-2016,2016,12,341,23.99,68.03,0.953385981
07-12-2016,2016,12,342,23.24,58.36,1.186939584
08-12-2016,2016,12,343,24.5,72.32,0.851062857
09-12-2016,2016,12,344,25.23,71.08,0.92874742
10-12-2016,2016,12,345,23.95,58.69,1.228961818
11-12-2016,2016,12,346,22.22,56.99,1.152492906
12-12-2016,2016,12,347,23.28,65.27,0.992364678
13-12-2016,2016,12,348,22.7,82.05,0.495215662
14-12-2016,2016,12,349,23.58,80.05,0.580448681
15-12-2016,2016,12,350,23.41,73.61,0.759996695
16-12-2016,2016,12,351,23.83,69.4,0.903803281
17-12-2016,2016,12,352,24.21,68.68,0.94640776
18-12-2016,2016,12,353,23.84,65.21,1.028177079
19-12-2016,2016,12,354,23.59,61.34,1.125496842
20-12-2016,2016,12,355,24.21,66.88,1.000799011
21-12-2016,2016,12,356,24.43,70.41,0.905987665
22-12-2016,2016,12,357,24.66,64.57,1.099813417
23-12-2016,2016,12,358,24.44,49.82,1.537332411
24-12-2016,2016,12,359,23.12,50.77,1.393156579
25-12-2016,2016,12,360,22.55,59.19,1.115693606
26-12-2016,2016,12,361,23.78,52.05,1.412003547
27-12-2016,2016,12,362,24.24,50.93,1.485433692
28-12-2016,2016,12,363,24.13,68.04,0.961126693
29-12-2016,2016,12,364,23.52,63.73,1.051475231
30-12-2016,2016,12,365,22.66,57.85,1.160043277
31-12-2016,2016,12,366,21.9,57.51,1.116577223
01-01-2017,2017,1,1,22.18,55.06,1.2012812
02-01-2017,2017,1,2,23.54,60.73,1.139818282
03-01-2017,2017,1,3,23.55,50.18,1.446905019
04-01-2017,2017,1,4,23.22,45.84,1.541956481
05-01-2017,2017,1,5,23.3,54.26,1.308539585
06-01-2017,2017,1,6,23.01,55.87,1.240554906
07-01-2017,2017,1,7,23.76,56.65,1.27501124
08-01-2017,2017,1,8,23.12,54.56,1.285903615
09-01-2017,2017,1,9,22.63,54.3,1.255459249
10-01-2017,2017,1,10,23.1,54.27,1.292547109
11-01-2017,2017,1,11,23.68,60.82,1.146831162
12-01-2017,2017,1,12,24.26,56.03,1.332643628
13-01-2017,2017,1,13,24.38,57.84,1.287000125
14-01-2017,2017,1,14,23.95,56.33,1.299171208
15-01-2017,2017,1,15,23.23,53.5,1.324672864
16-01-2017,2017,1,16,23.69,56.31,1.279612284
17-01-2017,2017,1,17,22.74,47.52,1.451365271
18-01-2017,2017,1,18,22.28,51.77,1.297093487
19-01-2017,2017,1,19,22.39,56.53,1.176922732
20-01-2017,2017,1,20,23.91,55.29,1.326919619
21-01-2017,2017,1,21,23.79,75.06,0.734860201
22-01-2017,2017,1,22,23.66,67.81,0.941094782
23-01-2017,2017,1,23,22.87,59.5,1.128906252
24-01-2017,2017,1,24,23.59,56.42,1.268731308
25-01-2017,2017,1,25,23.48,59.78,1.163179835
26-01-2017,2017,1,26,23.58,70.21,0.866745173
27-01-2017,2017,1,27,24.02,79.25,0.619906535
28-01-2017,2017,1,28,23.78,79.27,0.610444912
29-01-2017,2017,1,29,24.36,72.5,0.838476333
30-01-2017,2017,1,30,24.54,67,1.017063443
31-01-2017,2017,1,31,23.98,63.52,1.087227059
01-02-2017,2017,2,32,22.29,54.78,1.216882661
02-02-2017,2017,2,33,21.83,54.64,1.186916542
03-02-2017,2017,2,34,22.38,56.79,1.169172662
04-02-2017,2017,2,35,22.74,54.6,1.255563706
05-02-2017,2017,2,36,22.89,54.74,1.263116035
06-02-2017,2017,2,37,23.86,53.45,1.377384271
07-02-2017,2017,2,38,24.88,52.89,1.481706261
08-02-2017,2017,2,39,24.12,40.01,1.802985802
09-02-2017,2017,2,40,23.87,42.25,1.709812016
10-02-2017,2017,2,41,23.86,46.33,1.588060447
11-02-2017,2017,2,42,23.55,47.63,1.520963787
12-02-2017,2017,2,43,23.32,51.1,1.400630804
13-02-2017,2017,2,44,23.65,54.93,1.316856902
14-02-2017,2017,2,45,24.75,63.4,1.142253224
15-02-2017,2017,2,46,25.29,53.45,1.500265347
16-02-2017,2017,2,47,23.98,49.33,1.510136926
17-02-2017,2017,2,48,23.01,46.48,1.504520702
18-02-2017,2017,2,49,22.99,45.88,1.519548242
19-02-2017,2017,2,50,23.73,43.83,1.649095433
20-02-2017,2017,2,51,25.6,51.24,1.600679222
21-02-2017,2017,2,52,27.36,58.32,1.517709308
22-02-2017,2017,2,53,28.17,52.49,1.813697658
23-02-2017,2017,2,54,27.31,41.82,2.112340299
24-02-2017,2017,2,55,27.18,36.43,2.290531447
25-02-2017,2017,2,56,26.27,34.94,2.222101777
26-02-2017,2017,2,57,26.46,36.59,2.190140476
27-02-2017,2017,2,58,26.15,40.97,2.001920594
28-02-2017,2017,2,59,26.52,41.82,2.016613099
01-03-2017,2017,3,60,25.66,39.93,1.978987026
02-03-2017,2017,3,61,25.09,43.27,1.806736776
03-03-2017,2017,3,62,26.59,52.84,1.641391594
04-03-2017,2017,3,63,26.09,72.81,0.918849342
05-03-2017,2017,3,64,26.1,74.47,0.863261671
06-03-2017,2017,3,65,24.61,84.06,0.493331818
07-03-2017,2017,3,66,26.25,73.96,0.888338378
08-03-2017,2017,3,67,26.6,71.63,0.987991744
09-03-2017,2017,3,68,25.67,74.02,0.856410225
10-03-2017,2017,3,69,24.86,76.58,0.735729232
11-03-2017,2017,3,70,26.43,62.35,1.29811035
12-03-2017,2017,3,71,26.58,61.7,1.332237309
13-03-2017,2017,3,72,26.87,64.46,1.257489925
14-03-2017,2017,3,73,25.95,76.93,0.77319503
15-03-2017,2017,3,74,24.66,79.92,0.623320729
16-03-2017,2017,3,75,24.22,76.89,0.698741807
17-03-2017,2017,3,76,26.21,66.05,1.155452521
18-03-2017,2017,3,77,26.86,69.7,1.071456811
19-03-2017,2017,3,78,27.21,66.76,1.199798464
20-03-2017,2017,3,79,27.01,67.21,1.169761083
21-03-2017,2017,3,80,27,68.95,1.107038125
22-03-2017,2017,3,81,27.04,64.49,1.269026367
23-03-2017,2017,3,82,26.97,59.64,1.436440621
24-03-2017,2017,3,83,26.26,54.25,1.561653844
25-03-2017,2017,3,84,26.27,49.29,1.731982495
26-03-2017,2017,3,85,26.84,47.91,1.839823843
27-03-2017,2017,3,86,26.04,48.47,1.73624992
28-03-2017,2017,3,87,27.17,50.28,1.790443891
29-03-2017,2017,3,88,27.82,53.82,1.727360365
30-03-2017,2017,3,89,28.12,52.05,1.825179141
31-03-2017,2017,3,90,28.09,56.33,1.659365524
01-04-2017,2017,4,91,28.65,56.03,1.725983899
02-04-2017,2017,4,92,29.06,55.83,1.775451885
03-04-2017,2017,4,93,29.38,56.64,1.775369525
04-04-2017,2017,4,94,29.46,57.95,1.729684829
05-04-2017,2017,4,95,29.6,58.74,1.710920849
06-04-2017,2017,4,96,29.03,62.01,1.524397151
07-04-2017,2017,4,97,29.57,59.92,1.659123738
08-04-2017,2017,4,98,30.34,54.9,1.951259035
09-04-2017,2017,4,99,29.82,57.05,1.803665545
10-04-2017,2017,4,100,29.18,61.54,1.556681581
11-04-2017,2017,4,101,29.11,61.83,1.538713439
12-04-2017,2017,4,102,29.74,57.82,1.763207074
13-04-2017,2017,4,103,30.29,55.7,1.911170942
14-04-2017,2017,4,104,28.42,64.26,1.384338073
15-04-2017,2017,4,105,29.64,58.66,1.718186936
16-04-2017,2017,4,106,29.37,61.57,1.572604815
17-04-2017,2017,4,107,29.1,58.97,1.653051279
18-04-2017,2017,4,108,28.17,62.83,1.418967416
19-04-2017,2017,4,109,28.83,63.09,1.464032511
20-04-2017,2017,4,110,28.22,66.59,1.279142234
21-04-2017,2017,4,111,26.84,75.63,0.86075076
22-04-2017,2017,4,112,27.67,70.08,1.109405299
23-04-2017,2017,4,113,28.47,64.65,1.37321064
24-04-2017,2017,4,114,28.8,63.29,1.453573796
25-04-2017,2017,4,115,28.54,65,1.365146208
26-04-2017,2017,4,116,27.34,71.83,1.024564972
27-04-2017,2017,4,117,29.34,61.41,1.576424119
28-04-2017,2017,4,118,30.16,58.26,1.787373754
29-04-2017,2017,4,119,30.07,58.01,1.788828971
30-04-2017,2017,4,120,30.26,53.78,1.990581572
01-05-2017,2017,5,121,27.9,69.01,1.164597107
02-05-2017,2017,5,122,27.66,68.78,1.156932534
03-05-2017,2017,5,123,28.21,64.92,1.342299676
04-05-2017,2017,5,124,27.69,68.44,1.171581773
05-05-2017,2017,5,125,28.67,67.59,1.273686488
06-05-2017,2017,5,126,27.29,76.88,0.838435339
07-05-2017,2017,5,127,26.74,80.08,0.699454195
08-05-2017,2017,5,128,26.92,66.46,1.190214139
09-05-2017,2017,5,129,27.41,67.64,1.181788175
10-05-2017,2017,5,130,27.37,75.66,0.88682014
11-05-2017,2017,5,131,26.4,76.88,0.795731776
12-05-2017,2017,5,132,27.04,75.76,0.866268632
13-05-2017,2017,5,133,27.34,76.3,0.86198757
14-05-2017,2017,5,134,27.42,73.06,0.984425169
15-05-2017,2017,5,135,26.32,78.61,0.732725725
16-05-2017,2017,5,136,27.04,78.03,0.785145291
17-05-2017,2017,5,137,27.22,77.33,0.818753522
18-05-2017,2017,5,138,25.99,79.16,0.700110061
19-05-2017,2017,5,139,26.49,69.96,1.039397238
20-05-2017,2017,5,140,26.02,79.69,0.683515994
21-05-2017,2017,5,141,25.67,82.04,0.592037246
22-05-2017,2017,5,142,24.89,86.14,0.436185433
23-05-2017,2017,5,143,26.65,76.79,0.810674825
24-05-2017,2017,5,144,26.13,82.22,0.60227233
25-05-2017,2017,5,145,25.93,84.08,0.532930816
26-05-2017,2017,5,146,26.19,80.61,0.659139683
27-05-2017,2017,5,147,25.34,88.47,0.372707424
28-05-2017,2017,5,148,25.16,87.24,0.40807677
29-05-2017,2017,5,149,25.87,81.85,0.605428502
30-05-2017,2017,5,150,26,81.82,0.611109761
31-05-2017,2017,5,151,25.05,85.39,0.464192494
01-06-2017,2017,6,152,24.81,81.2,0.58883538
02-06-2017,2017,6,153,24.7,81.46,0.576892478
03-06-2017,2017,6,154,24.5,81.55,0.56727275
04-06-2017,2017,6,155,25.48,80.32,0.641466794
05-06-2017,2017,6,156,25.33,83.61,0.529492314
06-06-2017,2017,6,157,24.82,86.21,0.432174729
07-06-2017,2017,6,158,24.95,76.66,0.737160168
08-06-2017,2017,6,159,25.21,75.78,0.7768854
09-06-2017,2017,6,160,24.77,79.23,0.648987197
10-06-2017,2017,6,161,24.5,79.97,0.615852205
11-06-2017,2017,6,162,24.3,80.86,0.581486926
12-06-2017,2017,6,163,24.71,84.44,0.484455634
13-06-2017,2017,6,164,25.14,84.77,0.486490446
14-06-2017,2017,6,165,25.37,85.96,0.454652742
15-06-2017,2017,6,166,25.16,85.18,0.473957503
16-06-2017,2017,6,167,24.42,87.35,0.387086494
17-06-2017,2017,6,168,24.42,78.3,0.664013985
18-06-2017,2017,6,169,24.68,81.31,0.58086585
19-06-2017,2017,6,170,25.01,80.62,0.614281097
20-06-2017,2017,6,171,24.77,79.55,0.638988358
21-06-2017,2017,6,172,24.32,85.84,0.43070646
22-06-2017,2017,6,173,24.97,83.95,0.50752049
23-06-2017,2017,6,174,24.9,85.3,0.462896779
24-06-2017,2017,6,175,24.02,82.94,0.509667734
25-06-2017,2017,6,176,24.4,85.85,0.43246824
26-06-2017,2017,6,177,24.58,84.37,0.482871217
27-06-2017,2017,6,178,24.1,86.75,0.397748377
28-06-2017,2017,6,179,23.99,83.8,0.483104564
29-06-2017,2017,6,180,23.85,83.65,0.483495269
30-06-2017,2017,6,181,24.81,83.53,0.515857378
01-07-2017,2017,7,182,24.58,85.51,0.447652203
02-07-2017,2017,7,183,23.64,86.3,0.400046257
03-07-2017,2017,7,184,23.77,83,0.500305152
04-07-2017,2017,7,185,24.56,79.47,0.633493571
05-07-2017,2017,7,186,24.07,84.86,0.453666701
06-07-2017,2017,7,187,24.38,83.84,0.493309346
07-07-2017,2017,7,188,24.26,85.6,0.436435484
08-07-2017,2017,7,189,23.57,83.25,0.487050751
09-07-2017,2017,7,190,22.96,84.32,0.439455165
10-07-2017,2017,7,191,23.44,85.28,0.424683702
11-07-2017,2017,7,192,23.83,84.26,0.464897505
12-07-2017,2017,7,193,24.21,80.32,0.594677673
13-07-2017,2017,7,194,23.69,84.18,0.463343244
14-07-2017,2017,7,195,23.38,78.76,0.61057803
15-07-2017,2017,7,196,24,83.97,0.478321972
16-07-2017,2017,7,197,24.42,80.47,0.597612587
17-07-2017,2017,7,198,24.39,82.33,0.539727371
18-07-2017,2017,7,199,24.24,85.19,0.448324292
19-07-2017,2017,7,200,24.02,86.4,0.406300187
20-07-2017,2017,7,201,24.06,84.18,0.473758445
21-07-2017,2017,7,202,24.07,83.43,0.49651633
22-07-2017,2017,7,203,24.27,85.46,0.440942655
23-07-2017,2017,7,204,24.67,82.73,0.536413315
24-07-2017,2017,7,205,25.09,80.95,0.606704311
25-07-2017,2017,7,206,25.21,80.27,0.632863292
26-07-2017,2017,7,207,24.67,82.94,0.529890629
27-07-2017,2017,7,208,24.7,81.87,0.564134877
28-07-2017,2017,7,209,25.18,80.95,0.60996215
29-07-2017,2017,7,210,25.25,80.2,0.636620991
30-07-2017,2017,7,211,25.01,83.7,0.516655412
31-07-2017,2017,7,212,24.6,83.92,0.497367478
01-08-2017,2017,8,213,24.86,83.64,0.513942367
02-08-2017,2017,8,214,24.95,82.38,0.556502235
03-08-2017,2017,8,215,24.48,83.88,0.495041027
04-08-2017,2017,8,216,24.59,85.12,0.459975586
05-08-2017,2017,8,217,24.22,86.17,0.418156607
06-08-2017,2017,8,218,24.67,84.42,0.483921219
07-08-2017,2017,8,219,24.19,85.58,0.435212391
08-08-2017,2017,8,220,24.27,86.57,0.407280596
09-08-2017,2017,8,221,23.95,87.85,0.361459358
10-08-2017,2017,8,222,23.96,82.8,0.512002881
11-08-2017,2017,8,223,23.12,87.67,0.348925871
12-08-2017,2017,8,224,23.74,84.72,0.44887552
13-08-2017,2017,8,225,23.74,84.81,0.44623162
14-08-2017,2017,8,226,23.68,85.49,0.424719759
15-08-2017,2017,8,227,23.52,87.43,0.364407049
16-08-2017,2017,8,228,23.61,85.32,0.427889305
17-08-2017,2017,8,229,23.98,86.03,0.416353125
18-08-2017,2017,8,230,23.7,85.19,0.434022952
19-08-2017,2017,8,231,23.51,86.78,0.383019869
20-08-2017,2017,8,232,23.94,84.64,0.45668172
21-08-2017,2017,8,233,23.42,85.95,0.40486523
22-08-2017,2017,8,234,23.81,84.5,0.457258851
23-08-2017,2017,8,235,24.14,85.71,0.429998064
24-08-2017,2017,8,236,24.44,84.22,0.483441719
25-08-2017,2017,8,237,24.09,84.57,0.462911512
26-08-2017,2017,8,238,24.23,85.44,0.440492363
27-08-2017,2017,8,239,24.24,85.89,0.427134082
28-08-2017,2017,8,240,23.67,88.91,0.32441825
29-08-2017,2017,8,241,23.58,88.42,0.336922091
30-08-2017,2017,8,242,24.19,84.86,0.456942829
31-08-2017,2017,8,243,24.12,85.27,0.442706799
01-09-2017,2017,9,244,24.73,85.52,0.451368725
02-09-2017,2017,9,245,23.38,88.8,0.32196205
03-09-2017,2017,9,246,24.46,85.98,0.430035882
04-09-2017,2017,9,247,24.46,91.12,0.272376507
05-09-2017,2017,9,248,24.44,90.25,0.298704484
06-09-2017,2017,9,249,24.07,91.2,0.263690025
07-09-2017,2017,9,250,24.65,88.23,0.36514466
08-09-2017,2017,9,251,24.82,86.04,0.437502481
09-09-2017,2017,9,252,24.38,87.16,0.391961139
10-09-2017,2017,9,253,24.76,85.87,0.44124789
11-09-2017,2017,9,254,25.02,86.93,0.414522039
12-09-2017,2017,9,255,25.32,86.61,0.432317917
13-09-2017,2017,9,256,24.87,87.14,0.40423233
14-09-2017,2017,9,257,23.85,91.04,0.264961322
15-09-2017,2017,9,258,23.55,90.71,0.269806255
16-09-2017,2017,9,259,23.41,92.76,0.208502314
17-09-2017,2017,9,260,22.98,90.25,0.273588986
18-09-2017,2017,9,261,23.29,90.28,0.277904056
19-09-2017,2017,9,262,23.75,89.32,0.313931577
20-09-2017,2017,9,263,23.44,88.85,0.321686364
21-09-2017,2017,9,264,23.15,88.01,0.339919829
22-09-2017,2017,9,265,23.4,86.33,0.39344041
23-09-2017,2017,9,266,24.09,85.91,0.422710512
24-09-2017,2017,9,267,23.62,89.97,0.292528209
25-09-2017,2017,9,268,23.4,90.2,0.282056768
26-09-2017,2017,9,269,23.48,89.9,0.292096378
27-09-2017,2017,9,270,22.85,90.31,0.269774383
28-09-2017,2017,9,271,23.02,88.71,0.317569404
29-09-2017,2017,9,272,22.74,89.14,0.300339688
30-09-2017,2017,9,273,24.08,89.44,0.316617904
01-10-2017,2017,10,274,23.51,90.54,0.274082296
02-10-2017,2017,10,275,24.21,90.87,0.27588451
03-10-2017,2017,10,276,24.15,90.13,0.297174683
04-10-2017,2017,10,277,24.11,90.64,0.28114402
05-10-2017,2017,10,278,24.04,91.33,0.259327419
06-10-2017,2017,10,279,22.91,93.48,0.18218057
07-10-2017,2017,10,280,23.85,89.22,0.31878159
08-10-2017,2017,10,281,24.06,90.09,0.296772831
09-10-2017,2017,10,282,24.2,90.4,0.289912879
10-10-2017,2017,10,283,23.78,91.77,0.242352225
11-10-2017,2017,10,284,23.74,88.57,0.33577534
12-10-2017,2017,10,285,23.63,87.07,0.377334718
13-10-2017,2017,10,286,23.48,89.58,0.301350917
14-10-2017,2017,10,287,23.24,89.46,0.300440519
15-10-2017,2017,10,288,22.24,87.16,0.34447866
16-10-2017,2017,10,289,22.78,89.61,0.288038875
17-10-2017,2017,10,290,22.74,88.91,0.306700474
18-10-2017,2017,10,291,23.81,88.52,0.338666556
19-10-2017,2017,10,292,24.16,88.43,0.348568693
20-10-2017,2017,10,293,23.98,89.24,0.320684297
21-10-2017,2017,10,294,24.08,89.73,0.307922905
22-10-2017,2017,10,295,23.09,90.62,0.264963182
23-10-2017,2017,10,296,22.88,84.12,0.442910815
24-10-2017,2017,10,297,23.69,78.96,0.616228942
25-10-2017,2017,10,298,23.9,87.03,0.38469723
26-10-2017,2017,10,299,23.87,86.63,0.395847388
27-10-2017,2017,10,300,23.88,87.83,0.36053537
28-10-2017,2017,10,301,22.8,89.41,0.293939348
29-10-2017,2017,10,302,23.5,81.25,0.54291202
30-10-2017,2017,10,303,23.46,85.59,0.416241437
31-10-2017,2017,10,304,23.1,87.53,0.352461458
01-11-2017,2017,11,305,23.06,87.72,0.346252944
02-11-2017,2017,11,306,23.05,86.79,0.372250557
03-11-2017,2017,11,307,23.21,87.65,0.3513971
04-11-2017,2017,11,308,22.78,88.68,0.313820988
05-11-2017,2017,11,309,22.72,89.59,0.2875459
06-11-2017,2017,11,310,22.68,91.06,0.24634334
07-11-2017,2017,11,311,22.88,88.26,0.327441623
08-11-2017,2017,11,312,22.71,90.05,0.274673192
09-11-2017,2017,11,313,23.22,83.1,0.481149641
10-11-2017,2017,11,314,22.9,80.02,0.557939455
11-11-2017,2017,11,315,23.75,80.22,0.581420094
12-11-2017,2017,11,316,23.59,76.77,0.676287937
13-11-2017,2017,11,317,23.73,81.38,0.546664713
14-11-2017,2017,11,318,23.02,86.61,0.376639001
15-11-2017,2017,11,319,23.69,85.97,0.410916922
16-11-2017,2017,11,320,22.77,84.93,0.417528069
17-11-2017,2017,11,321,23.69,78.79,0.621207978
18-11-2017,2017,11,322,23.99,77.97,0.656962564
19-11-2017,2017,11,323,24.22,84.32,0.474092235
20-11-2017,2017,11,324,24.3,84.27,0.477888681
21-11-2017,2017,11,325,23.32,88.32,0.334547399
22-11-2017,2017,11,326,23.73,84.18,0.464459493
23-11-2017,2017,11,327,23.46,81.3,0.540160644
24-11-2017,2017,11,328,23.99,81.24,0.559447013
25-11-2017,2017,11,329,23.41,81.49,0.533063237
26-11-2017,2017,11,330,22.59,84.7,0.419299146
27-11-2017,2017,11,331,22.74,90.42,0.264940535
28-11-2017,2017,11,332,23.35,83.74,0.466574898
29-11-2017,2017,11,333,23.38,81.53,0.530949916
30-11-2017,2017,11,334,22.1,92.84,0.190462396
01-12-2017,2017,12,335,22.93,94.47,0.154705329
02-12-2017,2017,12,336,22.34,89.82,0.274780722
03-12-2017,2017,12,337,22.49,88.89,0.302628972
04-12-2017,2017,12,338,23.08,84.73,0.431081337
05-12-2017,2017,12,339,22.82,87.89,0.336536393
06-12-2017,2017,12,340,23.24,87.42,0.358590297
07-12-2017,2017,12,341,22.9,88.03,0.334261025
08-12-2017,2017,12,342,23.43,75.14,0.716798529
09-12-2017,2017,12,343,22.78,65.16,0.965858941
10-12-2017,2017,12,344,22.01,75.11,0.658475687
11-12-2017,2017,12,345,22.58,80.04,0.546675443
12-12-2017,2017,12,346,23.32,84.02,0.457711253
13-12-2017,2017,12,347,23.25,87.69,0.351105903
14-12-2017,2017,12,348,22.81,83.26,0.464922209
15-12-2017,2017,12,349,22.11,79.7,0.540327106
16-12-2017,2017,12,350,22.26,81.62,0.493709184
17-12-2017,2017,12,351,21.1,80.81,0.480195737
18-12-2017,2017,12,352,20.11,79.21,0.489448749
19-12-2017,2017,12,353,20.99,81.17,0.468015541
20-12-2017,2017,12,354,21.72,76.48,0.611318573
21-12-2017,2017,12,355,21.22,78.15,0.5507975
22-12-2017,2017,12,356,21.94,79.16,0.548983434
23-12-2017,2017,12,357,21.47,77.52,0.5754242
24-12-2017,2017,12,358,20.77,76.4,0.578692313
25-12-2017,2017,12,359,22.24,76.3,0.635836779
26-12-2017,2017,12,360,22.17,71.3,0.76670652
27-12-2017,2017,12,361,21.17,73.32,0.670493452
28-12-2017,2017,12,362,19.69,72.71,0.625973828
29-12-2017,2017,12,363,20.03,73.82,0.613299797
30-12-2017,2017,12,364,20.88,74.79,0.622367534
31-12-2017,2017,12,365,21.95,68.42,0.832412268
01-01-2018,2018,1,1,22.37,72.24,0.750671456
02-01-2018,2018,1,2,22.96,71.94,0.786422955
03-01-2018,2018,1,3,23.39,73.63,0.758505432
04-01-2018,2018,1,4,22.97,74.38,0.718472898
05-01-2018,2018,1,5,21.68,70.17,0.773432175
06-01-2018,2018,1,6,21.33,69.05,0.785469503
07-01-2018,2018,1,7,22.14,69.32,0.818105732
08-01-2018,2018,1,8,20.64,65.61,0.836550249
09-01-2018,2018,1,9,21.54,71.59,0.730336676
10-01-2018,2018,1,10,23.01,79.33,0.581062087
11-01-2018,2018,1,11,23.9,76.7,0.691090629
12-01-2018,2018,1,12,24.35,74.39,0.780382869
13-01-2018,2018,1,13,22.92,73.19,0.749573331
14-01-2018,2018,1,14,22.29,64.15,0.964733379
15-01-2018,2018,1,15,22.44,67.89,0.872002916
16-01-2018,2018,1,16,23.61,71.39,0.833917781
17-01-2018,2018,1,17,23.61,71.76,0.823133105
18-01-2018,2018,1,18,21.89,63.07,0.969876457
19-01-2018,2018,1,19,20.92,66.16,0.837475898
20-01-2018,2018,1,20,21.22,66.66,0.84043884
21-01-2018,2018,1,21,21.28,66.41,0.84986121
22-01-2018,2018,1,22,22.43,64.82,0.954793916
23-01-2018,2018,1,23,22.77,69.83,0.835887314
24-01-2018,2018,1,24,23.99,72.45,0.821575971
25-01-2018,2018,1,25,24.53,64.53,1.092535819
26-01-2018,2018,1,26,23.31,63.06,1.057425212
27-01-2018,2018,1,27,22.94,64.9,0.982539617
28-01-2018,2018,1,28,23.53,66.83,0.962185008
29-01-2018,2018,1,29,23.21,59.94,1.139835451
30-01-2018,2018,1,30,23.14,57.67,1.199342428
31-01-2018,2018,1,31,22.15,54.96,1.201757595
01-02-2018,2018,2,32,22.08,49.93,1.330285208
02-02-2018,2018,2,33,22.33,47.46,1.417308931
03-02-2018,2018,2,34,21.52,51.18,1.253482596
04-02-2018,2018,2,35,21.01,52.84,1.173592369
05-02-2018,2018,2,36,22.97,56.48,1.220450449
06-02-2018,2018,2,37,24.82,68.22,0.995976278
07-02-2018,2018,2,38,23.87,82.36,0.522269852
08-02-2018,2018,2,39,23.9,76.53,0.696132921
09-02-2018,2018,2,40,24.26,72.56,0.831652062
10-02-2018,2018,2,41,23.68,70.82,0.854122851
11-02-2018,2018,2,42,24.07,67.41,0.976552034
12-02-2018,2018,2,43,23.44,72.47,0.794262386
13-02-2018,2018,2,44,22.63,68.44,0.867008619
14-02-2018,2018,2,45,22.1,71.45,0.759455505
15-02-2018,2018,2,46,22.9,66.53,0.934646325
16-02-2018,2018,2,47,23.07,65.24,0.980702818
17-02-2018,2018,2,48,22.96,59.24,1.142359217
18-02-2018,2018,2,49,24.28,52.34,1.446211695
19-02-2018,2018,2,50,23.88,53.79,1.368967907
20-02-2018,2018,2,51,24.42,56.75,1.323438012
21-02-2018,2018,2,52,24.37,53.85,1.407958215
22-02-2018,2018,2,53,24.79,44.42,1.738747114
23-02-2018,2018,2,54,24.14,46.61,1.606549801
24-02-2018,2018,2,55,24.35,54.63,1.382505692
25-02-2018,2018,2,56,25.24,56.14,1.409373772
26-02-2018,2018,2,57,26.26,55.47,1.520009741
27-02-2018,2018,2,58,27.36,51.78,1.755852756
28-02-2018,2018,2,59,26.62,48.6,1.792124526
01-03-2018,2018,3,60,25.95,52.73,1.584262206
02-03-2018,2018,3,61,25.87,40.35,1.989741606
03-03-2018,2018,3,62,26.09,39.06,2.059385027
04-03-2018,2018,3,63,26.99,35.66,2.292594421
05-03-2018,2018,3,64,26.81,31.97,2.398595294
06-03-2018,2018,3,65,26.8,33.85,2.330940511
07-03-2018,2018,3,66,26.81,34.08,2.324201114
08-03-2018,2018,3,67,27.15,41.83,2.092279494
09-03-2018,2018,3,68,27.4,39.22,2.218389564
10-03-2018,2018,3,69,26.96,39.6,2.148417112
11-03-2018,2018,3,70,26.98,43.54,2.010630337
12-03-2018,2018,3,71,27.08,55.05,1.610157508
13-03-2018,2018,3,72,26.13,66.1,1.14831451
14-03-2018,2018,3,73,25.52,68.77,1.020356398
15-03-2018,2018,3,74,26.36,65.73,1.176708858
16-03-2018,2018,3,75,26.75,71,1.018880438
17-03-2018,2018,3,76,25.76,75.2,0.821882886
18-03-2018,2018,3,77,25.93,72.25,0.928946617
19-03-2018,2018,3,78,26.51,64.99,1.212789006
20-03-2018,2018,3,79,26.92,53.85,1.637697749
21-03-2018,2018,3,80,27.76,60.1,1.487244199
22-03-2018,2018,3,81,27.51,64.97,1.286797787
23-03-2018,2018,3,82,28.3,62.52,1.441653722
24-03-2018,2018,3,83,28.42,59.98,1.550117786
25-03-2018,2018,3,84,28.3,50.07,1.920538163
26-03-2018,2018,3,85,27.87,43.19,2.131177622
27-03-2018,2018,3,86,28.4,44.87,2.132904567
28-03-2018,2018,3,87,29,59.04,1.640725545
29-03-2018,2018,3,88,28.33,63.34,1.412572192
30-03-2018,2018,3,89,27.77,65.01,1.304988398
31-03-2018,2018,3,90,27.55,66.03,1.250779614
01-04-2018,2018,4,91,27.91,62.97,1.392389999
02-04-2018,2018,4,92,27.85,62.31,1.412260194
03-04-2018,2018,4,93,28.41,60.4,1.532959633
04-04-2018,2018,4,94,29.54,53.08,1.938917224
05-04-2018,2018,4,95,28.96,53.49,1.858738424
06-04-2018,2018,4,96,28.24,55.18,1.717983871
07-04-2018,2018,4,97,29.16,48.78,2.070755242
08-04-2018,2018,4,98,28.45,51.86,1.867883707
09-04-2018,2018,4,99,28.25,55.27,1.715530854
10-04-2018,2018,4,100,28.33,57.82,1.625267186
11-04-2018,2018,4,101,27.63,65.13,1.289930864
12-04-2018,2018,4,102,28.03,65.95,1.289316214
13-04-2018,2018,4,103,27.87,66.61,1.25259674
14-04-2018,2018,4,104,28.14,70.04,1.141731391
15-04-2018,2018,4,105,27.15,75.03,0.898129946
16-04-2018,2018,4,106,28.21,69.12,1.181591049
17-04-2018,2018,4,107,28.48,66.84,1.288885186
18-04-2018,2018,4,108,29.01,65.53,1.3815552
19-04-2018,2018,4,109,27.82,71.45,1.067911183
20-04-2018,2018,4,110,27.59,68.68,1.155904019
21-04-2018,2018,4,111,29.38,62.14,1.550172745
22-04-2018,2018,4,112,28.12,69.02,1.179229401
23-04-2018,2018,4,113,30.09,58.66,1.763158368
24-04-2018,2018,4,114,29.27,63.03,1.504163094
25-04-2018,2018,4,115,27.98,69.33,1.157955298
26-04-2018,2018,4,116,28.52,68.06,1.244349295
27-04-2018,2018,4,117,27.43,74.07,0.948072623
28-04-2018,2018,4,118,28.78,64.66,1.397708163
29-04-2018,2018,4,119,28.56,67.41,1.272621147
30-04-2018,2018,4,120,27.89,70.76,1.098192383
01-05-2018,2018,5,121,26.84,77.03,0.811302624
02-05-2018,2018,5,122,26.42,80.88,0.658837968
03-05-2018,2018,5,123,27.11,77.96,0.790886336
04-05-2018,2018,5,124,26.81,73.59,0.931161278
05-05-2018,2018,5,125,27.32,69.95,1.091663592
06-05-2018,2018,5,126,26.66,78.73,0.74335196
07-05-2018,2018,5,127,27.1,75.21,0.889046389
08-05-2018,2018,5,128,25.58,82.65,0.568885719
09-05-2018,2018,5,129,25.63,79.08,0.687978286
10-05-2018,2018,5,130,25.62,81.84,0.596858571
11-05-2018,2018,5,131,25.61,81.98,0.591906211
12-05-2018,2018,5,132,25.17,84.95,0.481599539
13-05-2018,2018,5,133,25.54,81.05,0.61987542
14-05-2018,2018,5,134,25.69,76.58,0.772937349
15-05-2018,2018,5,135,24.77,76.53,0.733352408
16-05-2018,2018,5,136,24.38,80.37,0.599236538
17-05-2018,2018,5,137,25.9,80.41,0.6546234
18-05-2018,2018,5,138,25.77,79.79,0.670165021
19-05-2018,2018,5,139,25.65,82.23,0.585080119
20-05-2018,2018,5,140,25.6,83.39,0.545268291
21-05-2018,2018,5,141,25.32,82.36,0.569536076
22-05-2018,2018,5,142,25.63,79.51,0.673837241
23-05-2018,2018,5,143,26.2,81.26,0.637419851
24-05-2018,2018,5,144,25.39,84.29,0.50933647
25-05-2018,2018,5,145,25.59,84.44,0.5104964
26-05-2018,2018,5,146,25.47,84.36,0.509481103
27-05-2018,2018,5,147,24.8,89.98,0.313649569
28-05-2018,2018,5,148,24.52,93.01,0.215175115
29-05-2018,2018,5,149,24.71,89.94,0.313214889
30-05-2018,2018,5,150,25.13,85.52,0.462258123
31-05-2018,2018,5,151,25.35,84.69,0.495190081
01-06-2018,2018,6,152,25.38,86.77,0.428677315
02-06-2018,2018,6,153,25.69,84.58,0.508910928
03-06-2018,2018,6,154,24.42,91.75,0.252447713
04-06-2018,2018,6,155,24.51,89.15,0.333798943
05-06-2018,2018,6,156,24.48,87.24,0.391856297
06-06-2018,2018,6,157,24.62,81.5,0.572904176
07-06-2018,2018,6,158,24.79,86.45,0.423893908
08-06-2018,2018,6,159,24.82,85.68,0.44878478
09-06-2018,2018,6,160,24.35,86.24,0.419292006
10-06-2018,2018,6,161,25.18,87.85,0.389030978
11-06-2018,2018,6,162,25.01,88.01,0.380042846
12-06-2018,2018,6,163,24.59,88.62,0.351782404
13-06-2018,2018,6,164,24.01,88.68,0.337982254
14-06-2018,2018,6,165,23.7,85.15,0.435195195
15-06-2018,2018,6,166,23.54,85.28,0.427250448
16-06-2018,2018,6,167,23.53,84.69,0.444107702
17-06-2018,2018,6,168,23.02,81.93,0.508279817
18-06-2018,2018,6,169,23.57,85,0.436164851
19-06-2018,2018,6,170,24.49,86.99,0.399772725
20-06-2018,2018,6,171,24.25,90.18,0.297446515
21-06-2018,2018,6,172,24.02,86.46,0.404507686
22-06-2018,2018,6,173,23.43,85,0.432501123
23-06-2018,2018,6,174,23.78,83.91,0.473808907
24-06-2018,2018,6,175,24,80.91,0.569629846
25-06-2018,2018,6,176,22.89,82.94,0.476110463
26-06-2018,2018,6,177,23.38,84.31,0.451034336
27-06-2018,2018,6,178,24.11,85.42,0.437935877
28-06-2018,2018,6,179,23.47,86.08,0.402329901
29-06-2018,2018,6,180,22.82,87.21,0.355433565
30-06-2018,2018,6,181,23.2,81.98,0.512417243
01-07-2018,2018,7,182,23.5,81.89,0.524380623
02-07-2018,2018,7,183,23.69,83.91,0.471251125
03-07-2018,2018,7,184,23.68,85.89,0.413011427
04-07-2018,2018,7,185,24.34,84.7,0.465939569
05-07-2018,2018,7,186,24.19,83.77,0.489840298
06-07-2018,2018,7,187,24.06,84.22,0.472560573
07-07-2018,2018,7,188,23.55,83.48,0.479784643
08-07-2018,2018,7,189,23.95,87.1,0.383771664
09-07-2018,2018,7,190,23.72,89.57,0.306030316
10-07-2018,2018,7,191,23.63,90.24,0.284824969
11-07-2018,2018,7,192,23.14,89.97,0.284181539
12-07-2018,2018,7,193,23.83,86.55,0.397259939
13-07-2018,2018,7,194,24,87.37,0.376868777
14-07-2018,2018,7,195,24.23,86.71,0.402070295
15-07-2018,2018,7,196,24.06,86.62,0.400688242
16-07-2018,2018,7,197,23.41,86.68,0.38359818
17-07-2018,2018,7,198,23.45,85.58,0.416279312
18-07-2018,2018,7,199,23.41,87.51,0.35969529
19-07-2018,2018,7,200,23.64,89.09,0.318576983
20-07-2018,2018,7,201,23.35,89.24,0.30875436
21-07-2018,2018,7,202,23.16,89.9,0.286510839
22-07-2018,2018,7,203,23.84,85.89,0.417004271
23-07-2018,2018,7,204,23.72,86.97,0.382317835
24-07-2018,2018,7,205,23.82,85.87,0.417093697
25-07-2018,2018,7,206,23.58,87.81,0.354670146
26-07-2018,2018,7,207,23.81,86.18,0.407697892
27-07-2018,2018,7,208,23.87,85.58,0.426934879
28-07-2018,2018,7,209,23.6,87.75,0.356845318
29-07-2018,2018,7,210,23.7,89.04,0.321194568
30-07-2018,2018,7,211,23.64,89.7,0.300764704
31-07-2018,2018,7,212,23.3,90.72,0.265484201
01-08-2018,2018,8,213,23.43,88.47,0.332449197
02-08-2018,2018,8,214,23.81,86.44,0.400027743
03-08-2018,2018,8,215,22.92,84.87,0.423015461
04-08-2018,2018,8,216,23.28,84.24,0.450321547
05-08-2018,2018,8,217,23.31,86.99,0.372417488
06-08-2018,2018,8,218,23.51,85.06,0.432853014
07-08-2018,2018,8,219,23.42,85.37,0.421578528
08-08-2018,2018,8,220,22.79,88.81,0.310405036
09-08-2018,2018,8,221,22.96,88.42,0.324546608
10-08-2018,2018,8,222,23.16,89.21,0.306084352
11-08-2018,2018,8,223,22.87,88.73,0.314142555
12-08-2018,2018,8,224,21.98,88.57,0.301833138
13-08-2018,2018,8,225,22.84,88.06,0.332214256
14-08-2018,2018,8,226,23.35,87.77,0.350935486
15-08-2018,2018,8,227,22.86,92.96,0.19611579
16-08-2018,2018,8,228,23.03,89.2,0.303970261
17-08-2018,2018,8,229,23.4,89.44,0.303930558
18-08-2018,2018,8,230,23.02,90.06,0.279596092
19-08-2018,2018,8,231,22.84,89.41,0.294652343
20-08-2018,2018,8,232,22.99,88.54,0.321766867
21-08-2018,2018,8,233,23.06,86.71,0.374731402
22-08-2018,2018,8,234,22.81,86.6,0.372159953
23-08-2018,2018,8,235,23.31,86.64,0.382436406
24-08-2018,2018,8,236,23.25,86.65,0.38076879
25-08-2018,2018,8,237,23.84,85.93,0.415822119
26-08-2018,2018,8,238,23.46,84.93,0.43530593
27-08-2018,2018,8,239,23.18,85.99,0.397907836
28-08-2018,2018,8,240,23.17,86.65,0.378933757
29-08-2018,2018,8,241,23.57,86.21,0.400980887
30-08-2018,2018,8,242,23.3,87.72,0.351308835
31-08-2018,2018,8,243,23.37,88.61,0.327226495
01-09-2018,2018,9,244,23.33,88.08,0.341627714
02-09-2018,2018,9,245,23.73,85.84,0.415723541
03-09-2018,2018,9,246,23.74,82.77,0.506160027
04-09-2018,2018,9,247,23.82,82.54,0.515389664
05-09-2018,2018,9,248,23.57,83.53,0.478909007
06-09-2018,2018,9,249,23.57,83.65,0.475419688
07-09-2018,2018,9,250,23.31,83.08,0.484343113
08-09-2018,2018,9,251,23.82,81.74,0.53900431
09-09-2018,2018,9,252,24.06,79.43,0.616005766
10-09-2018,2018,9,253,24.13,78.49,0.646865931
11-09-2018,2018,9,254,24.7,79.63,0.633834939
12-09-2018,2018,9,255,24.86,78.26,0.682952754
13-09-2018,2018,9,256,24.7,79.13,0.649392988
14-09-2018,2018,9,257,24.33,81.15,0.573706159
15-09-2018,2018,9,258,23.61,85.18,0.431969994
16-09-2018,2018,9,259,23.53,87.69,0.357084638
17-09-2018,2018,9,260,23.46,87.2,0.369735628
18-09-2018,2018,9,261,24.12,82.56,0.524155232
19-09-2018,2018,9,262,24.14,81.58,0.554273222
20-09-2018,2018,9,263,23.83,77.88,0.653337535
21-09-2018,2018,9,264,23.64,79.65,0.594229294
22-09-2018,2018,9,265,23.69,83.15,0.493510345
23-09-2018,2018,9,266,24.4,83.37,0.508264794
24-09-2018,2018,9,267,23.86,88.34,0.345011828
25-09-2018,2018,9,268,24.18,85.45,0.438872815
26-09-2018,2018,9,269,24.94,84.36,0.493672528
27-09-2018,2018,9,270,25.48,82.35,0.575299234
28-09-2018,2018,9,271,24.05,88.66,0.339393075
29-09-2018,2018,9,272,24.71,85.24,0.459547889
30-09-2018,2018,9,273,25.23,84.28,0.504837809
01-10-2018,2018,10,274,25.16,83.79,0.518411007
02-10-2018,2018,10,275,24.86,85.61,0.452055664
03-10-2018,2018,10,276,24.62,85.49,0.449342681
04-10-2018,2018,10,277,23.43,87.65,0.356092592
05-10-2018,2018,10,278,23.44,90.72,0.267735377
06-10-2018,2018,10,279,23.98,88.16,0.35287194
07-10-2018,2018,10,280,24.47,85.43,0.447173419
08-10-2018,2018,10,281,23.74,90.43,0.281134734
09-10-2018,2018,10,282,23.86,85.63,0.425198968
10-10-2018,2018,10,283,23.4,89.01,0.316306518
11-10-2018,2018,10,284,24.67,80.04,0.619965823
12-10-2018,2018,10,285,24.84,84.22,0.495131036
13-10-2018,2018,10,286,24.57,86.47,0.417744372
14-10-2018,2018,10,287,24.01,90.14,0.294390903
15-10-2018,2018,10,288,23.93,89.7,0.306054546
16-10-2018,2018,10,289,23.77,90.37,0.283408154
17-10-2018,2018,10,290,22.21,91.07,0.239142082
18-10-2018,2018,10,291,23.95,79.3,0.615819647
19-10-2018,2018,10,292,23.9,86.53,0.399527501
20-10-2018,2018,10,293,23.62,88.43,0.337442809
21-10-2018,2018,10,294,23.94,85.41,0.433788171
22-10-2018,2018,10,295,24,81.72,0.545460115
23-10-2018,2018,10,296,23.73,71.19,0.845832996
24-10-2018,2018,10,297,23.38,67.84,0.924491029
25-10-2018,2018,10,298,22.89,77.19,0.636581457
26-10-2018,2018,10,299,23.01,80.9,0.536927231
27-10-2018,2018,10,300,23.67,75.01,0.731038058
28-10-2018,2018,10,301,23.64,68.62,0.916310331
29-10-2018,2018,10,302,23.36,68.42,0.906723597
30-10-2018,2018,10,303,22.92,76.72,0.650879043
31-10-2018,2018,10,304,24.13,80.31,0.592133435
01-11-2018,2018,11,305,23.96,87.33,0.37715561
02-11-2018,2018,11,306,23.42,89.29,0.308619688
03-11-2018,2018,11,307,23.44,88.57,0.329764587
04-11-2018,2018,11,308,23.94,83.15,0.500982226
05-11-2018,2018,11,309,24,83.45,0.493838342
06-11-2018,2018,11,310,23.57,81.71,0.531830342
07-11-2018,2018,11,311,23.53,75.14,0.721131121
08-11-2018,2018,11,312,23.23,71.82,0.802780243
09-11-2018,2018,11,313,23.85,81.6,0.544117
10-11-2018,2018,11,314,23.8,76.49,0.69314164
11-11-2018,2018,11,315,23.75,74.4,0.752495167
12-11-2018,2018,11,316,23.56,76.81,0.673904896
13-11-2018,2018,11,317,23.36,76.77,0.666978758
14-11-2018,2018,11,318,22.97,71.34,0.803724951
15-11-2018,2018,11,319,24.26,69.81,0.914999116
16-11-2018,2018,11,320,23.18,89.02,0.311850681
17-11-2018,2018,11,321,24.03,79.84,0.602641818
18-11-2018,2018,11,322,23.68,86.79,0.386667679
19-11-2018,2018,11,323,24.02,85.03,0.447228956
20-11-2018,2018,11,324,23.82,82.48,0.517160762
21-11-2018,2018,11,325,22.55,83.91,0.439880179
22-11-2018,2018,11,326,22.43,86.94,0.354451636
23-11-2018,2018,11,327,23.13,87.47,0.354799985
24-11-2018,2018,11,328,23.46,85.09,0.430684235
25-11-2018,2018,11,329,23.47,83.96,0.463604282
26-11-2018,2018,11,330,22.94,81.74,0.511144541
27-11-2018,2018,11,331,21.01,78.15,0.543744556
28-11-2018,2018,11,332,21.54,81.25,0.482006782
29-11-2018,2018,11,333,22.78,86.92,0.362612944
30-11-2018,2018,11,334,23.31,83.8,0.463732767
01-12-2018,2018,12,335,23.08,81.44,0.523960027
02-12-2018,2018,12,336,22.55,77.41,0.61758193
03-12-2018,2018,12,337,22.76,79.15,0.577318307
04-12-2018,2018,12,338,23.11,86.81,0.373037458
05-12-2018,2018,12,339,24.07,81.23,0.562438836
06-12-2018,2018,12,340,23.88,81.95,0.534729944
07-12-2018,2018,12,341,23.85,79.18,0.615680214
08-12-2018,2018,12,342,23.52,78.46,0.62444931
09-12-2018,2018,12,343,23.43,75.88,0.695461806
10-12-2018,2018,12,344,23.84,74.49,0.753917715
11-12-2018,2018,12,345,23.49,72.82,0.786531199
12-12-2018,2018,12,346,23.64,73.58,0.771476066
13-12-2018,2018,12,347,24.17,75.12,0.750007729
14-12-2018,2018,12,348,23.48,69.89,0.870794252
15-12-2018,2018,12,349,23.55,70.65,0.852401893
16-12-2018,2018,12,350,23.35,64.44,1.020381511
17-12-2018,2018,12,351,23.27,74.02,0.741896865
18-12-2018,2018,12,352,23.44,68.17,0.918320804
19-12-2018,2018,12,353,22.99,76.78,0.651956951
20-12-2018,2018,12,354,22.97,72.09,0.782692372
21-12-2018,2018,12,355,23.66,69.2,0.900457263
22-12-2018,2018,12,356,22.53,75.44,0.670624617
23-12-2018,2018,12,357,22.99,81.48,0.519993227
24-12-2018,2018,12,358,23.85,80.66,0.571914281
25-12-2018,2018,12,359,24.08,73.08,0.807135794
26-12-2018,2018,12,360,24.25,69.69,0.918085933
27-12-2018,2018,12,361,24.21,70.99,0.876605655
28-12-2018,2018,12,362,24.07,75.74,0.726945454
29-12-2018,2018,12,363,23.67,76.85,0.677212127
30-12-2018,2018,12,364,22.63,68.32,0.87030523
31-12-2018,2018,12,365,22.16,71.72,0.755026669
01-01-2019,2019,1,1,20.37,63.57,0.871542841
02-01-2019,2019,1,2,19.84,64.52,0.821440737
03-01-2019,2019,1,3,20.33,65.91,0.813549771
04-01-2019,2019,1,4,20.31,64.99,0.834474156
05-01-2019,2019,1,5,20.27,67.04,0.783673282
06-01-2019,2019,1,6,20.83,68.13,0.784369745
07-01-2019,2019,1,7,21.42,67,0.842124931
08-01-2019,2019,1,8,22.04,62.59,0.991508704
09-01-2019,2019,1,9,21.27,60.49,0.999030707
10-01-2019,2019,1,10,21.25,61.81,0.964470642
11-01-2019,2019,1,11,21.85,64.53,0.92926247
12-01-2019,2019,1,12,21.86,64.05,0.942412656
13-01-2019,2019,1,13,21.73,58.39,1.082164445
14-01-2019,2019,1,14,22.17,66.4,0.897607633
15-01-2019,2019,1,15,22.09,56.38,1.159624461
16-01-2019,2019,1,16,21.51,55.18,1.150076377
17-01-2019,2019,1,17,21.71,61.17,1.008631139
18-01-2019,2019,1,18,21.58,59.46,1.044715555
19-01-2019,2019,1,19,21.78,56.03,1.147038678
20-01-2019,2019,1,20,21.63,52.79,1.220326117
21-01-2019,2019,1,21,21.62,51.06,1.264271633
22-01-2019,2019,1,22,22.34,51.94,1.297245727
23-01-2019,2019,1,23,23.13,52.62,1.34161399
24-01-2019,2019,1,24,24.51,56.85,1.327504554
25-01-2019,2019,1,25,25.14,61.74,1.222135552
26-01-2019,2019,1,26,26.17,61.5,1.307216814
27-01-2019,2019,1,27,26.38,60.41,1.360982169
28-01-2019,2019,1,28,26.3,58.28,1.427455919
29-01-2019,2019,1,29,25.52,55.47,1.454898188
30-01-2019,2019,1,30,24.9,54.64,1.428367203
31-01-2019,2019,1,31,24.55,57.18,1.320505931
01-02-2019,2019,2,32,24.41,56.31,1.336102236
02-02-2019,2019,2,33,25.25,55.67,1.425323664
03-02-2019,2019,2,34,25.73,53.32,1.544249348
04-02-2019,2019,2,35,25.9,55.01,1.503394935
05-02-2019,2019,2,36,25.65,58.9,1.353224136
06-02-2019,2019,2,37,26.03,53.16,1.577292809
07-02-2019,2019,2,38,26.8,52.58,1.670947831
08-02-2019,2019,2,39,27.58,55.42,1.644320306
09-02-2019,2019,2,40,27.44,61.53,1.407392483
10-02-2019,2019,2,41,26.59,66.8,1.155517407
11-02-2019,2019,2,42,26.43,58.48,1.431541613
12-02-2019,2019,2,43,25.76,56.28,1.448899991
13-02-2019,2019,2,44,25.61,52.22,1.569438333
14-02-2019,2019,2,45,26.44,57.22,1.47585365
15-02-2019,2019,2,46,27.9,55.26,1.681318959
16-02-2019,2019,2,47,28.73,53.34,1.840083364
17-02-2019,2019,2,48,28.65,51.33,1.910476151
18-02-2019,2019,2,49,28.39,44.03,2.164146309
19-02-2019,2019,2,50,28.17,53.04,1.792701368
20-02-2019,2019,2,51,27.61,53.63,1.713343288
21-02-2019,2019,2,52,26.65,49.35,1.76909435
22-02-2019,2019,2,53,25.47,44.93,1.79393378
23-02-2019,2019,2,54,25.71,39.47,2.000058525
24-02-2019,2019,2,55,26.2,40.81,2.013280734
25-02-2019,2019,2,56,27.31,37.08,2.2844354
26-02-2019,2019,2,57,28.1,49.4,1.923809558
27-02-2019,2019,2,58,28.22,56.83,1.652815631
28-02-2019,2019,2,59,28.25,53.2,1.794921617
01-03-2019,2019,3,60,29.14,52.21,1.929855709
02-03-2019,2019,3,61,28.29,58.92,1.5792086
03-03-2019,2019,3,62,28.34,55.83,1.702934034
04-03-2019,2019,3,63,28.52,53.82,1.799124936
05-03-2019,2019,3,64,29.08,55.45,1.792796124
06-03-2019,2019,3,65,29.04,55.97,1.767780871
07-03-2019,2019,3,66,29.45,54.61,1.865997418
08-03-2019,2019,3,67,28.66,58.65,1.624079991
09-03-2019,2019,3,68,28.3,59.13,1.572048763
10-03-2019,2019,3,69,28.92,59,1.634750346
11-03-2019,2019,3,70,29.17,51.07,1.979315731
12-03-2019,2019,3,71,28.24,42.15,2.217433443
13-03-2019,2019,3,72,27.6,35.85,2.368919628
14-03-2019,2019,3,73,27.76,34.3,2.448920899
15-03-2019,2019,3,74,27.97,31.81,2.573035566
16-03-2019,2019,3,75,27.76,38.46,2.29385985
17-03-2019,2019,3,76,28.13,39.44,2.306510229
18-03-2019,2019,3,77,28.77,48.32,2.042777477
19-03-2019,2019,3,78,29.06,53.02,1.8884023
20-03-2019,2019,3,79,29.5,51.49,2.000011741
21-03-2019,2019,3,80,29.47,45.23,2.254207129
22-03-2019,2019,3,81,29.32,44.63,2.259290653
23-03-2019,2019,3,82,29.96,45.45,2.309286892
24-03-2019,2019,3,83,30.46,44.27,2.427771007
25-03-2019,2019,3,84,30.26,39.65,2.599125873
26-03-2019,2019,3,85,30.13,40.04,2.563173836
27-03-2019,2019,3,86,29.39,35.94,2.62444015
28-03-2019,2019,3,87,30.06,42.01,2.469034018
29-03-2019,2019,3,88,30.44,47.59,2.280532719
30-03-2019,2019,3,89,30.46,48.26,2.253954278
31-03-2019,2019,3,90,30.48,49.7,2.193729718
01-04-2019,2019,4,91,30.41,49.9,2.176280846
02-04-2019,2019,4,92,30.82,47.9,2.316761207
03-04-2019,2019,4,93,31.06,43.17,2.5618743
04-04-2019,2019,4,94,30.25,43.27,2.441823082
05-04-2019,2019,4,95,30.52,47.12,2.311528588
06-04-2019,2019,4,96,30.66,44.13,2.461832902
07-04-2019,2019,4,97,31,44.37,2.499229069
08-04-2019,2019,4,98,31.14,47.35,2.384267879
09-04-2019,2019,4,99,30.94,52.89,2.109241401
10-04-2019,2019,4,100,31.4,47.04,2.433997811
11-04-2019,2019,4,101,31.04,46.16,2.424325335
12-04-2019,2019,4,102,31.58,41.36,2.722703967
13-04-2019,2019,4,103,31.21,40.55,2.702943781
14-04-2019,2019,4,104,31.1,36.4,2.873595796
15-04-2019,2019,4,105,30.24,45.82,2.330728927
16-04-2019,2019,4,106,30.65,53.86,2.031934037
17-04-2019,2019,4,107,28.17,69.13,1.178464464
18-04-2019,2019,4,108,28.96,66.65,1.332808567
19-04-2019,2019,4,109,28.11,71.95,1.067080291
20-04-2019,2019,4,110,27.32,76.22,0.863885531
21-04-2019,2019,4,111,27.61,71.25,1.062295008
22-04-2019,2019,4,112,28.74,66.6,1.317925034
23-04-2019,2019,4,113,28.4,68.2,1.230298662
24-04-2019,2019,4,114,28.68,63.17,1.448227597
25-04-2019,2019,4,115,28.74,62.36,1.485230488
26-04-2019,2019,4,116,29.07,64.34,1.434213151
27-04-2019,2019,4,117,30.01,61.67,1.627299917
28-04-2019,2019,4,118,29.78,61.03,1.632771262
29-04-2019,2019,4,119,27.86,71.9,1.05353277
30-04-2019,2019,4,120,26.83,74.8,0.889543763
01-05-2019,2019,5,121,27.04,72.89,0.968834267
02-05-2019,2019,5,122,27.07,69.79,1.081520477
03-05-2019,2019,5,123,27.31,65.6,1.248960232
04-05-2019,2019,5,124,27.72,64.03,1.33763109
05-05-2019,2019,5,125,28.46,65.06,1.35649643
06-05-2019,2019,5,126,29.42,64.75,1.446636781
07-05-2019,2019,5,127,27.57,73.06,0.993093784
08-05-2019,2019,5,128,26.05,74.52,0.859029661
09-05-2019,2019,5,129,27.51,68.56,1.154922136
10-05-2019,2019,5,130,28.85,65.12,1.385114602
11-05-2019,2019,5,131,28.36,70.19,1.150632967
12-05-2019,2019,5,132,28.16,71.05,1.10452582
13-05-2019,2019,5,133,28.35,67.91,1.237919369
14-05-2019,2019,5,134,28.1,69.46,1.161129326
15-05-2019,2019,5,135,27.28,76.56,0.849542504
16-05-2019,2019,5,136,28.18,71.31,1.095879867
17-05-2019,2019,5,137,27.62,73.6,0.976033728
18-05-2019,2019,5,138,28.09,70.52,1.120176223
19-05-2019,2019,5,139,28.86,68.81,1.239298305
20-05-2019,2019,5,140,29.71,63.66,1.516466505
21-05-2019,2019,5,141,28.47,69.04,1.202676136
22-05-2019,2019,5,142,29.75,62.85,1.553835859
23-05-2019,2019,5,143,28.35,70.7,1.130290978
24-05-2019,2019,5,144,27.54,75.34,0.907453915
25-05-2019,2019,5,145,26.71,77.86,0.776035525
26-05-2019,2019,5,146,27.22,76.6,0.845118325
27-05-2019,2019,5,147,28.8,69.39,1.212037426
28-05-2019,2019,5,148,28.6,70.2,1.166374771
29-05-2019,2019,5,149,27.06,79.73,0.725242267
30-05-2019,2019,5,150,27.09,74.19,0.925084267
31-05-2019,2019,5,151,25.93,76.23,0.795713913
01-06-2019,2019,6,152,27.43,72.57,1.002916777
02-06-2019,2019,6,153,27.15,77.11,0.823315758
03-06-2019,2019,6,154,26.13,80.61,0.656808801
04-06-2019,2019,6,155,26.3,79.06,0.716465171
05-06-2019,2019,6,156,26.42,78.36,0.745672261
06-06-2019,2019,6,157,27.09,79,0.752683828
07-06-2019,2019,6,158,26.47,81.73,0.631405832
08-06-2019,2019,6,159,26.81,76.39,0.832439143
09-06-2019,2019,6,160,25.84,77.27,0.756858403
10-06-2019,2019,6,161,25.48,79.98,0.652549046
11-06-2019,2019,6,162,25.82,79.93,0.667495673
12-06-2019,2019,6,163,26.03,80.35,0.661695211
13-06-2019,2019,6,164,25.82,80.95,0.633572126
14-06-2019,2019,6,165,25.19,78.01,0.704516973
15-06-2019,2019,6,166,25.7,77.26,0.750939911
16-06-2019,2019,6,167,26.65,78.61,0.747106183
17-06-2019,2019,6,168,26.53,78.04,0.761617492
18-06-2019,2019,6,169,26.48,77.3,0.784967548
19-06-2019,2019,6,170,25.76,82.61,0.576312233
20-06-2019,2019,6,171,25.54,77.65,0.731093173
21-06-2019,2019,6,172,24.98,79.29,0.655265618
22-06-2019,2019,6,173,24.47,85.29,0.451470212
23-06-2019,2019,6,174,24.95,80.5,0.615879318
24-06-2019,2019,6,175,26.08,78.11,0.739306119
25-06-2019,2019,6,176,25.7,81.87,0.598704511
26-06-2019,2019,6,177,25.33,82.58,0.562767304
27-06-2019,2019,6,178,26.07,78.64,0.720979981
28-06-2019,2019,6,179,26.08,76.09,0.807528977
29-06-2019,2019,6,180,25.94,76.7,0.780441842
30-06-2019,2019,6,181,25.53,78.01,0.718890581
01-07-2019,2019,7,182,26.41,76.54,0.807909693
02-07-2019,2019,7,183,25.05,84.13,0.504225522
03-07-2019,2019,7,184,25.27,83.57,0.528895268
04-07-2019,2019,7,185,25.08,85.53,0.460566251
05-07-2019,2019,7,186,24.99,83.67,0.516990051
06-07-2019,2019,7,187,25.02,83.84,0.512523041
07-07-2019,2019,7,188,25.35,82.36,0.570552125
08-07-2019,2019,7,189,25.41,83.44,0.537532496
09-07-2019,2019,7,190,24.55,84.49,0.478305628
10-07-2019,2019,7,191,24.27,78.32,0.657471579
11-07-2019,2019,7,192,25.04,74.64,0.805264487
12-07-2019,2019,7,193,24.81,75.78,0.758595368
13-07-2019,2019,7,194,25.31,79.39,0.665032058
14-07-2019,2019,7,195,24.85,83.74,0.510496404
15-07-2019,2019,7,196,24.22,79.87,0.608640095
16-07-2019,2019,7,197,24.23,79.35,0.624736764
17-07-2019,2019,7,198,24.2,80.18,0.598549297
18-07-2019,2019,7,199,23.85,81.68,0.541751274
19-07-2019,2019,7,200,23.62,85.46,0.424063824
20-07-2019,2019,7,201,23.63,85.33,0.42811294
21-07-2019,2019,7,202,24.13,84.66,0.461316754
22-07-2019,2019,7,203,23.66,85.73,0.417192375
23-07-2019,2019,7,204,23.82,80.47,0.576492562
24-07-2019,2019,7,205,24.38,82.94,0.520783257
25-07-2019,2019,7,206,24.01,83.09,0.504883385
26-07-2019,2019,7,207,23.79,83.43,0.488237111
27-07-2019,2019,7,208,24.43,81.58,0.56398421
28-07-2019,2019,7,209,24.36,81.85,0.55339438
29-07-2019,2019,7,210,24.41,82.94,0.521719024
30-07-2019,2019,7,211,24.41,79.1,0.639151676
31-07-2019,2019,7,212,24.78,78,0.687830528
01-08-2019,2019,8,213,25.11,81.45,0.591483997
02-08-2019,2019,8,214,24.3,85.19,0.449938421
03-08-2019,2019,8,215,24.31,85.61,0.43744039
04-08-2019,2019,8,216,24.07,85.79,0.42579946
05-08-2019,2019,8,217,23.69,84.45,0.455435363
06-08-2019,2019,8,218,23.92,84.57,0.458212269
07-08-2019,2019,8,219,23.65,87.78,0.357044405
08-08-2019,2019,8,220,23.92,89.29,0.318046235
09-08-2019,2019,8,221,23.63,89.43,0.308463107
10-08-2019,2019,8,222,23.26,86.73,0.378715575
11-08-2019,2019,8,223,23.29,85.66,0.409994255
12-08-2019,2019,8,224,23.59,84.5,0.451246794
13-08-2019,2019,8,225,23.83,86.04,0.412323327
14-08-2019,2019,8,226,23.68,89.64,0.30324581
15-08-2019,2019,8,227,23.55,87.81,0.354029952
16-08-2019,2019,8,228,23.37,86,0.402209915
17-08-2019,2019,8,229,23.04,89,0.309786605
18-08-2019,2019,8,230,22.95,90.68,0.261048773
19-08-2019,2019,8,231,23.73,87.83,0.357299117
20-08-2019,2019,8,232,23.93,88.51,0.341414246
21-08-2019,2019,8,233,23.31,89.46,0.301712554
22-08-2019,2019,8,234,22.71,89.56,0.288199812
23-08-2019,2019,8,235,22.34,87.71,0.33173429
24-08-2019,2019,8,236,22.71,88.13,0.327675457
25-08-2019,2019,8,237,22.75,87.14,0.355866465
26-08-2019,2019,8,238,23.27,87.55,0.355527944
27-08-2019,2019,8,239,23.14,87.78,0.346231147
28-08-2019,2019,8,240,23.46,86.53,0.389088977
29-08-2019,2019,8,241,23.22,89.58,0.296661494
30-08-2019,2019,8,242,23.08,86.94,0.3686917
31-08-2019,2019,8,243,23.3,90.08,0.283793456
01-09-2019,2019,9,244,23.43,91.36,0.249120647
02-09-2019,2019,9,245,23.46,90.96,0.261125787
03-09-2019,2019,9,246,23.64,87.93,0.352449512
04-09-2019,2019,9,247,23.48,88.85,0.322462833
05-09-2019,2019,9,248,23.59,88.81,0.325771072
06-09-2019,2019,9,249,23.96,89.27,0.319406448
07-09-2019,2019,9,250,23.95,88.22,0.350451954
08-09-2019,2019,9,251,23.28,88.07,0.340884268
09-09-2019,2019,9,252,23.13,88.62,0.322236539
10-09-2019,2019,9,253,24.27,88.72,0.342079309
11-09-2019,2019,9,254,24.16,90.78,0.277770385
12-09-2019,2019,9,255,23.8,90.47,0.280971494
13-09-2019,2019,9,256,23.31,90.5,0.271942055
14-09-2019,2019,9,257,23.79,87.59,0.365662193
15-09-2019,2019,9,258,23.65,87.92,0.35295388
16-09-2019,2019,9,259,24.21,87.69,0.371975719
17-09-2019,2019,9,260,23.83,86.8,0.389875925
18-09-2019,2019,9,261,23.9,87.25,0.378171911
19-09-2019,2019,9,262,23.05,89.42,0.298138599
20-09-2019,2019,9,263,23.4,86.04,0.401786988
21-09-2019,2019,9,264,24.19,86.58,0.405031226
22-09-2019,2019,9,265,23.96,89.46,0.313750603
23-09-2019,2019,9,266,24.05,89.28,0.320837193
24-09-2019,2019,9,267,24.14,88.69,0.340327369
25-09-2019,2019,9,268,23.68,90.88,0.266949979
26-09-2019,2019,9,269,22.8,90.22,0.271456735
27-09-2019,2019,9,270,24.04,83.69,0.48784662
28-09-2019,2019,9,271,24.54,83.93,0.495279077
29-09-2019,2019,9,272,23.61,86.5,0.393494933
30-09-2019,2019,9,273,22.99,89.87,0.284423941
01-10-2019,2019,10,274,23.91,87.34,0.375728078
02-10-2019,2019,10,275,24.91,85.3,0.463172787
03-10-2019,2019,10,276,24.77,86.16,0.432449822
04-10-2019,2019,10,277,24.5,88.3,0.359733939
05-10-2019,2019,10,278,23.53,89.31,0.310092184
06-10-2019,2019,10,279,23.63,88.2,0.344358057
07-10-2019,2019,10,280,23.21,87.97,0.342292074
08-10-2019,2019,10,281,24.06,85.41,0.436923876
09-10-2019,2019,10,282,24.52,86.68,0.410033266
10-10-2019,2019,10,283,23.48,91.18,0.255078223
11-10-2019,2019,10,284,24.26,87.66,0.374000964
12-10-2019,2019,10,285,24.88,84.08,0.500716699
13-10-2019,2019,10,286,24.35,87.36,0.385163587
14-10-2019,2019,10,287,24.45,88.38,0.356207485
15-10-2019,2019,10,288,24.15,89.31,0.321863968
16-10-2019,2019,10,289,23.59,90.24,0.284139917
17-10-2019,2019,10,290,23.25,90.69,0.265539883
18-10-2019,2019,10,291,23.81,89.84,0.299725802
19-10-2019,2019,10,292,23.68,90.26,0.285097895
20-10-2019,2019,10,293,23.44,91.11,0.256483567
21-10-2019,2019,10,294,22.45,92.08,0.215212066
22-10-2019,2019,10,295,23.01,91.33,0.243725607
23-10-2019,2019,10,296,22.82,91.74,0.229545054
24-10-2019,2019,10,297,22.43,91.78,0.223092837
25-10-2019,2019,10,298,22.44,90.44,0.259618433
26-10-2019,2019,10,299,22.99,90.63,0.263085126
27-10-2019,2019,10,300,22.99,86.64,0.375113904
28-10-2019,2019,10,301,22.99,88.86,0.312782103
29-10-2019,2019,10,302,21.78,90.05,0.259564131
30-10-2019,2019,10,303,22.65,90.84,0.25194672
31-10-2019,2019,10,304,22.63,93.95,0.166204124
01-11-2019,2019,11,305,23.34,81.14,0.540854606
02-11-2019,2019,11,306,23.14,88.56,0.324131287
03-11-2019,2019,11,307,23.38,89.08,0.313912999
04-11-2019,2019,11,308,24.06,85.13,0.445308981
05-11-2019,2019,11,309,24.46,83.62,0.502424233
06-11-2019,2019,11,310,24.48,88.92,0.340263932
07-11-2019,2019,11,311,23.94,90.24,0.290183176
08-11-2019,2019,11,312,24.26,89.03,0.332478977
09-11-2019,2019,11,313,24.5,85.54,0.444594253
10-11-2019,2019,11,314,23.77,92.89,0.209245272
11-11-2019,2019,11,315,23.09,91.96,0.227111299
12-11-2019,2019,11,316,21.88,91.16,0.23201947
13-11-2019,2019,11,317,22.86,87.86,0.338188309
14-11-2019,2019,11,318,23.03,90.28,0.273573235
15-11-2019,2019,11,319,23.56,90.59,0.273456019
16-11-2019,2019,11,320,23.45,90.06,0.286949817
17-11-2019,2019,11,321,23.43,86.4,0.392134352
18-11-2019,2019,11,322,23.52,88.09,0.345273504
19-11-2019,2019,11,323,23.62,87.59,0.361941682
20-11-2019,2019,11,324,23.29,90.54,0.270470408
21-11-2019,2019,11,325,23.51,89.76,0.296681048
22-11-2019,2019,11,326,22.65,90.45,0.262673709
23-11-2019,2019,11,327,22.54,88.02,0.327319265
24-11-2019,2019,11,328,22.72,89.05,0.302461826
25-11-2019,2019,11,329,22.85,88.64,0.316268007
26-11-2019,2019,11,330,22.46,86.79,0.3591766
27-11-2019,2019,11,331,22.89,89.94,0.28075447
28-11-2019,2019,11,332,23.08,91.32,0.24504165
29-11-2019,2019,11,333,23.31,91.28,0.249614181
30-11-2019,2019,11,334,23.15,91.31,0.246363912
01-12-2019,2019,12,335,23.49,91.35,0.250312541
02-12-2019,2019,12,336,22.51,92.98,0.191452455
03-12-2019,2019,12,337,22.54,92.19,0.213385932
04-12-2019,2019,12,338,22.25,88.63,0.305226315
05-12-2019,2019,12,339,21.82,86.85,0.343880716
06-12-2019,2019,12,340,21.21,87.05,0.326245078
07-12-2019,2019,12,341,21.99,89.88,0.267402794
08-12-2019,2019,12,342,21.58,87.9,0.311816927
09-12-2019,2019,12,343,21.41,87.08,0.329502862
10-12-2019,2019,12,344,21.1,84.65,0.384106543
11-12-2019,2019,12,345,21.89,85.98,0.368201135
12-12-2019,2019,12,346,21.78,85.16,0.387128815
13-12-2019,2019,12,347,22.73,88.21,0.325861829
14-12-2019,2019,12,348,22.49,92.42,0.206474132
15-12-2019,2019,12,349,21.97,88.5,0.303496557
16-12-2019,2019,12,350,21.77,88.81,0.291733642
17-12-2019,2019,12,351,22.06,86.71,0.352665534
18-12-2019,2019,12,352,22.12,87.55,0.331584746
19-12-2019,2019,12,353,22.36,87.48,0.338353602
20-12-2019,2019,12,354,22.18,87.83,0.325313578
21-12-2019,2019,12,355,21.44,87.45,0.320655036
22-12-2019,2019,12,356,22.13,85.45,0.387750744
23-12-2019,2019,12,357,21.78,85.56,0.376694076
24-12-2019,2019,12,358,22.46,86.38,0.370324398
25-12-2019,2019,12,359,23.02,89.06,0.307724471
26-12-2019,2019,12,360,23.18,86.15,0.393363563
27-12-2019,2019,12,361,22.92,84.85,0.423574635
28-12-2019,2019,12,362,22.26,83.14,0.452880133
29-12-2019,2019,12,363,22.48,83.89,0.438559237
30-12-2019,2019,12,364,22.42,83.22,0.455136767
31-12-2019,2019,12,365,22.83,84.71,0.425165886
01-01-2020,2020,1,1,23.29,84.19,0.452022955
02-01-2020,2020,1,2,23.47,83.99,0.462737192
03-01-2020,2020,1,3,24.16,81.69,0.551624267
04-01-2020,2020,1,4,24.82,79.67,0.637136492
05-01-2020,2020,1,5,24.29,81.83,0.551687144
06-01-2020,2020,1,6,23.62,80.84,0.558807625
07-01-2020,2020,1,7,23.06,79.6,0.575208473
08-01-2020,2020,1,8,22.89,77.51,0.627650898
09-01-2020,2020,1,9,22.67,76.74,0.640545051
10-01-2020,2020,1,10,22.06,76.82,0.615108133
11-01-2020,2020,1,11,21.53,72.99,0.693922228
12-01-2020,2020,1,12,21.42,75.82,0.617047904
13-01-2020,2020,1,13,22.42,76.01,0.650699109
14-01-2020,2020,1,14,22.2,73.99,0.696114385
15-01-2020,2020,1,15,21.32,72.68,0.692920286
16-01-2020,2020,1,16,21.45,70.68,0.749590633
17-01-2020,2020,1,17,22.63,73.71,0.722232465
18-01-2020,2020,1,18,24.04,78.97,0.629026022
19-01-2020,2020,1,19,23.68,79.55,0.598588496
20-01-2020,2020,1,20,23.47,73.46,0.767085889
21-01-2020,2020,1,21,22.96,69.5,0.854807559
22-01-2020,2020,1,22,23.02,71.48,0.802221383
23-01-2020,2020,1,23,23.85,75.73,0.717702151
24-01-2020,2020,1,24,22.87,65.2,0.97002315
25-01-2020,2020,1,25,21.93,62.99,0.974351746
26-01-2020,2020,1,26,22.65,64.4,0.979181577
27-01-2020,2020,1,27,23.79,62.5,1.104942163
28-01-2020,2020,1,28,24.45,68.02,0.980336952
29-01-2020,2020,1,29,24.75,64.34,1.112916666
30-01-2020,2020,1,30,25.2,64.05,1.152453551
31-01-2020,2020,1,31,24.59,66.34,1.040509289
01-02-2020,2020,2,32,24.37,66.43,1.024163754
02-02-2020,2020,2,33,23.66,65.38,1.012137352
03-02-2020,2020,2,34,23.59,65.64,1.000312248
04-02-2020,2020,2,35,24.03,65.23,1.039377778
05-02-2020,2020,2,36,24.42,72.36,0.845776339
06-02-2020,2020,2,37,24.49,66.75,1.021709692
07-02-2020,2020,2,38,24.21,73.78,0.792299217
08-02-2020,2020,2,39,25.36,68.39,1.023008476
09-02-2020,2020,2,40,25.22,65.65,1.102472658
10-02-2020,2020,2,41,25.37,64.59,1.146670483
11-02-2020,2020,2,42,25.09,61.77,1.217548862
12-02-2020,2020,2,43,24.99,61.58,1.216335441
13-02-2020,2020,2,44,25.06,58.12,1.331414097
14-02-2020,2020,2,45,25,58.6,1.311459975
15-02-2020,2020,2,46,26.13,56.15,1.485356674
16-02-2020,2020,2,47,24.95,50.99,1.547910018
17-02-2020,2020,2,48,24.04,48.41,1.543102828
18-02-2020,2020,2,49,24.25,53.16,1.41877747
19-02-2020,2020,2,50,23.29,59.83,1.148498551
20-02-2020,2020,2,51,23.84,55.75,1.30775613
21-02-2020,2020,2,52,24.68,59.64,1.254347015
22-02-2020,2020,2,53,26.45,61.57,1.326565688
23-02-2020,2020,2,54,25.87,58.89,1.371303897
24-02-2020,2020,2,55,25.92,56.69,1.448968952
25-02-2020,2020,2,56,26.8,52.72,1.666014623
26-02-2020,2020,2,57,27.08,51.23,1.74699403
27-02-2020,2020,2,58,27.41,51.43,1.773777864
28-02-2020,2020,2,59,27.44,56.22,1.601654352
29-02-2020,2020,2,60,27.25,54.73,1.637853919
01-03-2020,2020,3,61,27.52,57.82,1.550352814
02-03-2020,2020,3,62,24.3,75.7,0.738251427
03-03-2020,2020,3,63,24.4,71.12,0.882663094
04-03-2020,2020,3,64,25.69,70.45,0.975247595
05-03-2020,2020,3,65,26.82,67.57,1.144085814
06-03-2020,2020,3,66,27.61,61.73,1.414053216
07-03-2020,2020,3,67,28.01,58.67,1.56315508
08-03-2020,2020,3,68,28.16,59.03,1.563123414
09-03-2020,2020,3,69,28.78,60.14,1.576475591
10-03-2020,2020,3,70,29.3,48.99,2.07898866
11-03-2020,2020,3,71,28.95,52.59,1.89361128
12-03-2020,2020,3,72,28.74,54.56,1.793009388
13-03-2020,2020,3,73,28.15,43.37,2.159341293
14-03-2020,2020,3,74,28.47,46.17,2.091087094
15-03-2020,2020,3,75,28.64,49.28,1.989792882
16-03-2020,2020,3,76,28.95,49.14,2.031408346
17-03-2020,2020,3,77,28.77,48.55,2.033686168
18-03-2020,2020,3,78,28.55,48.51,2.009490004
19-03-2020,2020,3,79,29.49,43.13,2.3433354
20-03-2020,2020,3,80,29.4,53.52,1.90531195
21-03-2020,2020,3,81,28.42,60.55,1.528039647
22-03-2020,2020,3,82,29,56.6,1.738464078
23-03-2020,2020,3,83,29.06,56.46,1.750128483
24-03-2020,2020,3,84,29.64,49.92,2.081441745
25-03-2020,2020,3,85,29.25,50.71,2.003103193
26-03-2020,2020,3,86,29.16,46.01,2.182742591
27-03-2020,2020,3,87,29.2,45.71,2.199943792
28-03-2020,2020,3,88,29.33,42.34,2.35408741
29-03-2020,2020,3,89,29.46,42.32,2.372609297
30-03-2020,2020,3,90,29.45,37.91,2.552539759
31-03-2020,2020,3,91,29.29,36.24,2.597135954
01-04-2020,2020,4,92,29.38,39.2,2.489448042
02-04-2020,2020,4,93,30.49,41.11,2.569832918
03-04-2020,2020,4,94,30.35,41.54,2.530729082
04-04-2020,2020,4,95,30.21,43.6,2.422065153
05-04-2020,2020,4,96,30.34,51.43,2.101389164
06-04-2020,2020,4,97,29.01,61.77,1.532255738
07-04-2020,2020,4,98,25.76,79.72,0.672088102
08-04-2020,2020,4,99,28,61.7,1.447713329
09-04-2020,2020,4,100,28.57,64.81,1.374946627
10-04-2020,2020,4,101,28.71,58.92,1.618155264
11-04-2020,2020,4,102,28.84,53.25,1.855408655
12-04-2020,2020,4,103,28.74,49.94,1.975309198
13-04-2020,2020,4,104,29.23,43.55,2.291434265
14-04-2020,2020,4,105,29.95,41.44,2.477621825
15-04-2020,2020,4,106,30.3,44.88,2.379323911
16-04-2020,2020,4,107,30.42,48.84,2.223597
17-04-2020,2020,4,108,30.77,52.05,2.126150627
18-04-2020,2020,4,109,30.89,52.46,2.12243958
19-04-2020,2020,4,110,30.76,52.11,2.122279468
20-04-2020,2020,4,111,31.04,47.99,2.34192349
21-04-2020,2020,4,112,31.09,49.75,2.269120487
22-04-2020,2020,4,113,30.15,59.78,1.721298479
23-04-2020,2020,4,114,29.65,63.79,1.505837921
24-04-2020,2020,4,115,28.21,62.11,1.4498214
25-04-2020,2020,4,116,29.4,59.57,1.657309857
26-04-2020,2020,4,117,27.36,71.82,1.026128798
27-04-2020,2020,4,118,28.46,69.03,1.202366755
28-04-2020,2020,4,119,27,76.63,0.833219999
29-04-2020,2020,4,120,25.26,78.41,0.694586908
30-04-2020,2020,4,121,27.85,60.67,1.473711685
01-05-2020,2020,5,122,28.45,67.18,1.273451252
02-05-2020,2020,5,123,28.59,68.66,1.225939686
03-05-2020,2020,5,124,30.17,62.19,1.620012641
04-05-2020,2020,5,125,29.65,64.08,1.49377791
05-05-2020,2020,5,126,29.57,64.16,1.483607654
06-05-2020,2020,5,127,28,73.71,0.993743693
07-05-2020,2020,5,128,27.52,76.36,0.868903284
08-05-2020,2020,5,129,26.73,79.96,0.703254245
09-05-2020,2020,5,130,29.46,64.93,1.442569488
10-05-2020,2020,5,131,28.51,69.29,1.195736037
11-05-2020,2020,5,132,28.28,69.02,1.190249889
12-05-2020,2020,5,133,27.81,69.01,1.158503562
13-05-2020,2020,5,134,29.15,56.67,1.750762357
14-05-2020,2020,5,135,27.93,71.79,1.06197995
15-05-2020,2020,5,136,27.85,73.33,0.999336147
16-05-2020,2020,5,137,27.92,70.7,1.102371146
17-05-2020,2020,5,138,27.23,75.89,0.871270936
18-05-2020,2020,5,139,26.04,76.35,0.796862228
19-05-2020,2020,5,140,26.65,75.61,0.851889658
20-05-2020,2020,5,141,27.66,71.12,1.070218181
21-05-2020,2020,5,142,26.27,74.89,0.857623357
22-05-2020,2020,5,143,27.58,67.72,1.190638391
23-05-2020,2020,5,144,28.7,69.95,1.182994428
24-05-2020,2020,5,145,28.21,72.47,1.053406786
25-05-2020,2020,5,146,27.26,77.6,0.810899412
26-05-2020,2020,5,147,27.36,76.08,0.871007837
27-05-2020,2020,5,148,27.24,76.95,0.833453323
28-05-2020,2020,5,149,26.86,79.17,0.736582356
29-05-2020,2020,5,150,26.61,75.31,0.860341003
30-05-2020,2020,5,151,26.36,77.43,0.774972831
31-05-2020,2020,5,152,26.35,79.36,0.708285864
01-06-2020,2020,6,153,25.82,82.97,0.5663902
02-06-2020,2020,6,154,25.15,81.71,0.584583457
03-06-2020,2020,6,155,25.15,82.93,0.545589918
04-06-2020,2020,6,156,25.11,81.6,0.586701107
05-06-2020,2020,6,157,25.52,81.32,0.610318845
06-06-2020,2020,6,158,25.52,79.25,0.677950537
07-06-2020,2020,6,159,25.12,81.15,0.601407585
08-06-2020,2020,6,160,25.82,72.24,0.92325261
09-06-2020,2020,6,161,25.22,77.07,0.73594463
10-06-2020,2020,6,162,24.99,77.5,0.712325545
11-06-2020,2020,6,163,25.12,76.22,0.7586988
12-06-2020,2020,6,164,24.81,74.82,0.788663557
13-06-2020,2020,6,165,25.61,74.08,0.851398945
14-06-2020,2020,6,166,25.43,77.28,0.738360481
15-06-2020,2020,6,167,25.87,79.94,0.669140262
16-06-2020,2020,6,168,25.31,84.83,0.489497153
17-06-2020,2020,6,169,24.87,83.3,0.524936229
18-06-2020,2020,6,170,24.57,80.21,0.611024473
19-06-2020,2020,6,171,24.57,81.06,0.58478037
20-06-2020,2020,6,172,25.08,75.92,0.766443354
21-06-2020,2020,6,173,24.13,81.27,0.563263547
22-06-2020,2020,6,174,24.88,78.25,0.684082173
23-06-2020,2020,6,175,24.84,75.45,0.770308424
24-06-2020,2020,6,176,25.28,75.18,0.799451354
25-06-2020,2020,6,177,24.4,81.9,0.55319259
26-06-2020,2020,6,178,24.68,81.5,0.574960847
27-06-2020,2020,6,179,24.76,83.95,0.501205141
28-06-2020,2020,6,180,25.16,85.8,0.454129321
29-06-2020,2020,6,181,25.02,86.14,0.439577311
30-06-2020,2020,6,182,25.41,77.95,0.715736204
01-07-2020,2020,7,183,24.63,79.83,0.624993625
02-07-2020,2020,7,184,24.13,82.55,0.524770363
03-07-2020,2020,7,185,23.1,83.39,0.469477531
04-07-2020,2020,7,186,23.46,83.82,0.467368942
05-07-2020,2020,7,187,24.39,79.35,0.630751002
06-07-2020,2020,7,188,23.5,85.54,0.41869375
07-07-2020,2020,7,189,24.02,82.98,0.508472734
08-07-2020,2020,7,190,24.24,87.35,0.382937359
09-07-2020,2020,7,191,23.45,87.62,0.357388203
10-07-2020,2020,7,192,23.95,85.44,0.433156235
11-07-2020,2020,7,193,24.08,84.29,0.471029098
12-07-2020,2020,7,194,24.42,82.83,0.525397241
13-07-2020,2020,7,195,24.16,83.58,0.494684351
14-07-2020,2020,7,196,24.14,87.55,0.374630924
15-07-2020,2020,7,197,23.74,89.58,0.306104903
16-07-2020,2020,7,198,23.98,86.15,0.41277672
17-07-2020,2020,7,199,23.16,88.06,0.338706873
18-07-2020,2020,7,200,23.79,85.96,0.413690346
19-07-2020,2020,7,201,23.99,86.09,0.414813857
20-07-2020,2020,7,202,23.97,90.48,0.283557833
21-07-2020,2020,7,203,24.3,84.81,0.461483094
22-07-2020,2020,7,204,24.87,86.63,0.420263317
23-07-2020,2020,7,205,24.33,89.08,0.332353913
24-07-2020,2020,7,206,23.86,87.38,0.373417605
25-07-2020,2020,7,207,22.95,89.32,0.299141727
26-07-2020,2020,7,208,23.46,87.15,0.371179908
27-07-2020,2020,7,209,23.96,84.42,0.463779354
28-07-2020,2020,7,210,23.85,87.57,0.367574691
29-07-2020,2020,7,211,23.45,89.33,0.308023597
30-07-2020,2020,7,212,23.43,88.28,0.337927544
31-07-2020,2020,7,213,23.99,89.01,0.32773575
01-08-2020,2020,8,214,23.33,87.67,0.353378331
02-08-2020,2020,8,215,23.24,87.98,0.342627613
03-08-2020,2020,8,216,23.48,88.48,0.333163394
04-08-2020,2020,8,217,23.57,86.75,0.385278952
05-08-2020,2020,8,218,23.64,87.97,0.351281494
06-08-2020,2020,8,219,24.66,86.59,0.416271463
07-08-2020,2020,8,220,23.94,88.31,0.34756571
08-08-2020,2020,8,221,23.45,88.45,0.333427605
09-08-2020,2020,8,222,22.58,90.45,0.261560645
10-08-2020,2020,8,223,23.16,90.94,0.257008733
11-08-2020,2020,8,224,23.69,89.11,0.318951196
12-08-2020,2020,8,225,23.84,89.15,0.320658848
13-08-2020,2020,8,226,23.59,90.11,0.287924567
14-08-2020,2020,8,227,23.16,90.03,0.282823076
15-08-2020,2020,8,228,23.28,89.81,0.291166026
16-08-2020,2020,8,229,23.49,89.42,0.306162623
17-08-2020,2020,8,230,24.11,87.4,0.378463104
18-08-2020,2020,8,231,24.2,88.19,0.356653239
19-08-2020,2020,8,232,23.77,89.03,0.322843972
20-08-2020,2020,8,233,23.48,90.37,0.278503775
21-08-2020,2020,8,234,24.43,86.49,0.413649657
22-08-2020,2020,8,235,24.63,86.91,0.405610637
23-08-2020,2020,8,236,24.07,87.8,0.365570261
24-08-2020,2020,8,237,24.33,86.88,0.399311661
25-08-2020,2020,8,238,24.53,86.06,0.42937551
26-08-2020,2020,8,239,24.33,86.89,0.399007307
27-08-2020,2020,8,240,24.45,84.02,0.489861929
28-08-2020,2020,8,241,24.71,82.13,0.556376746
29-08-2020,2020,8,242,24.22,84.74,0.461393335
30-08-2020,2020,8,243,24.79,85.77,0.445166812
31-08-2020,2020,8,244,24.05,88.64,0.339991652
01-09-2020,2020,9,245,23.68,88.69,0.3310531
02-09-2020,2020,9,246,23.02,90.35,0.271438862
03-09-2020,2020,9,247,24.02,88.91,0.331313902
04-09-2020,2020,9,248,24.63,87.35,0.391976666
05-09-2020,2020,9,249,25.2,83.85,0.517722527
06-09-2020,2020,9,250,24.5,87.49,0.384638596
07-09-2020,2020,9,251,23.43,90.21,0.282279067
08-09-2020,2020,9,252,23.92,89.62,0.308246491
09-09-2020,2020,9,253,23.77,89.02,0.323138269
10-09-2020,2020,9,254,23.43,89.4,0.305634127
11-09-2020,2020,9,255,23.44,88.05,0.344767
12-09-2020,2020,9,256,22.6,89.17,0.296978153
13-09-2020,2020,9,257,22.05,88.56,0.303388745
14-09-2020,2020,9,258,22.8,86.05,0.387200557
15-09-2020,2020,9,259,23.6,88.16,0.344901923
16-09-2020,2020,9,260,24.04,87.49,0.374185237
17-09-2020,2020,9,261,23.92,89.24,0.319531045
18-09-2020,2020,9,262,23.86,86.89,0.387916386
19-09-2020,2020,9,263,23.41,86.43,0.390797846
20-09-2020,2020,9,264,23.13,88.23,0.333279794
21-09-2020,2020,9,265,23.05,87.67,0.34745264
22-09-2020,2020,9,266,22.56,86.12,0.379691955
23-09-2020,2020,9,267,23.05,88.33,0.328854202
24-09-2020,2020,9,268,23.39,88.62,0.327333781
25-09-2020,2020,9,269,23.11,88.39,0.328352152
26-09-2020,2020,9,270,22.04,88.96,0.292602408
27-09-2020,2020,9,271,23.57,86.12,0.403597876
28-09-2020,2020,9,272,23.91,86.11,0.412232465
29-09-2020,2020,9,273,23.67,88.77,0.328513701
30-09-2020,2020,9,274,23.09,88.96,0.31185432
01-10-2020,2020,10,275,22.85,88.7,0.314597578
02-10-2020,2020,10,276,23.25,87.01,0.370500868
03-10-2020,2020,10,277,23.51,86.26,0.398085703
04-10-2020,2020,10,278,23.74,84.79,0.446819153
05-10-2020,2020,10,279,23.77,83.04,0.499127964
06-10-2020,2020,10,280,24.73,84.61,0.47973513
07-10-2020,2020,10,281,24.32,88.96,0.335805036
08-10-2020,2020,10,282,24.59,88.14,0.366620326
09-10-2020,2020,10,283,23.41,93.42,0.189495197
10-10-2020,2020,10,284,23.04,90.43,0.269514346
11-10-2020,2020,10,285,22.38,88.79,0.303319267
12-10-2020,2020,10,286,23.06,89.51,0.29578122
13-10-2020,2020,10,287,23.19,88.5,0.326816898
14-10-2020,2020,10,288,23.36,86.86,0.377275113
15-10-2020,2020,10,289,23.34,87.44,0.360187373
16-10-2020,2020,10,290,23.73,88.85,0.32735293
17-10-2020,2020,10,291,23.54,87.81,0.353816777
18-10-2020,2020,10,292,23.55,86.32,0.397303506
19-10-2020,2020,10,293,23.81,87.05,0.382032395
20-10-2020,2020,10,294,22.95,91.59,0.235560106
21-10-2020,2020,10,295,23.54,88.07,0.346270234
22-10-2020,2020,10,296,23.69,88.52,0.336231381
23-10-2020,2020,10,297,23.54,87.71,0.356719294
24-10-2020,2020,10,298,22.75,82.04,0.496995467
25-10-2020,2020,10,299,22.86,83.85,0.449896309
26-10-2020,2020,10,300,24.39,81.66,0.560192415
27-10-2020,2020,10,301,24.58,81.84,0.561032712
28-10-2020,2020,10,302,24.7,79.43,0.640058159
29-10-2020,2020,10,303,24.4,81.6,0.562361528
30-10-2020,2020,10,304,24.63,80.26,0.611669517
31-10-2020,2020,10,305,24.73,78.41,0.673000744
01-11-2020,2020,11,306,24.75,80.55,0.607017082
02-11-2020,2020,11,307,24.87,82.88,0.538138218
03-11-2020,2020,11,308,24.57,83.19,0.519015735
04-11-2020,2020,11,309,24.85,82.35,0.554136625
05-11-2020,2020,11,310,24.63,84.07,0.493611723
06-11-2020,2020,11,311,23.51,86.06,0.403880255
07-11-2020,2020,11,312,23.91,85.76,0.422619892
08-11-2020,2020,11,313,23.72,88.93,0.324808782
09-11-2020,2020,11,314,24.24,80.7,0.58424435
10-11-2020,2020,11,315,22.33,77.39,0.60992301
11-11-2020,2020,11,316,22.62,79.29,0.568595059
12-11-2020,2020,11,317,23.31,92.23,0.222419975
13-11-2020,2020,11,318,23.44,88.85,0.321686364
14-11-2020,2020,11,319,23.96,87.14,0.382811456
15-11-2020,2020,11,320,23.86,89.63,0.306841566
16-11-2020,2020,11,321,23.16,92.22,0.220698448
17-11-2020,2020,11,322,22.93,91.03,0.250941556
18-11-2020,2020,11,323,22.99,90.66,0.262242804
19-11-2020,2020,11,324,23.14,89.14,0.307698057
20-11-2020,2020,11,325,22.65,89.04,0.301455901
21-11-2020,2020,11,326,21.88,82.56,0.457739769
22-11-2020,2020,11,327,20.63,78.36,0.526077339
23-11-2020,2020,11,328,21.64,76.99,0.595146632
24-11-2020,2020,11,329,22.47,78.51,0.58466271
25-11-2020,2020,11,330,23.44,85.86,0.407950241
26-11-2020,2020,11,331,22.85,90.37,0.268103953
27-11-2020,2020,11,332,22.79,86.45,0.375870263
28-11-2020,2020,11,333,21.88,91.32,0.227820022
29-11-2020,2020,11,334,22.66,89.2,0.297235288
30-11-2020,2020,11,335,22.79,86.84,0.365051857
01-12-2020,2020,12,336,21.66,80.46,0.506014279
02-12-2020,2020,12,337,22.79,80.9,0.529824503
03-12-2020,2020,12,338,22.13,91.08,0.237713858
04-12-2020,2020,12,339,22.27,91.14,0.238135197
05-12-2020,2020,12,340,22.07,90.1,0.262868053
06-12-2020,2020,12,341,22.82,89.71,0.285958669
07-12-2020,2020,12,342,22.7,91.99,0.220984816
08-12-2020,2020,12,343,22.92,90.95,0.253026432
09-12-2020,2020,12,344,22.81,88.64,0.315502766
10-12-2020,2020,12,345,21.76,86.41,0.35408758
11-12-2020,2020,12,346,21.27,84.01,0.404315389
12-12-2020,2020,12,347,20.78,82.28,0.434777095
13-12-2020,2020,12,348,20.64,83.52,0.400882469
14-12-2020,2020,12,349,20.19,82.08,0.42397374
15-12-2020,2020,12,350,20.54,82.87,0.414134204
16-12-2020,2020,12,351,21.93,87.06,0.3406677
17-12-2020,2020,12,352,22.04,90.48,0.252316569
18-12-2020,2020,12,353,22.03,85.93,0.372681884
19-12-2020,2020,12,354,21.39,85.39,0.372147423
20-12-2020,2020,12,355,21.17,83.99,0.402346333
21-12-2020,2020,12,356,19.88,83.6,0.380638757
22-12-2020,2020,12,357,20.63,83.21,0.408171836
23-12-2020,2020,12,358,21.72,84.61,0.400008199
24-12-2020,2020,12,359,22.39,83.6,0.444019618
25-12-2020,2020,12,360,21.51,82.47,0.449817914
26-12-2020,2020,12,361,20.94,80.38,0.486155027
27-12-2020,2020,12,362,20.64,76.98,0.559970536
28-12-2020,2020,12,363,21.15,76.25,0.596127922
29-12-2020,2020,12,364,21.75,79.55,0.532499666
30-12-2020,2020,12,365,23,85.16,0.416920543
31-12-2020,2020,12,366,22.89,87.26,0.355547907
01-01-2021,2021,1,1,21.32,80.97,0.482660067
02-01-2021,2021,1,2,21.63,83.43,0.428316114
03-01-2021,2021,1,3,22.48,87.1,0.351174063
04-01-2021,2021,1,4,22.58,87.94,0.330305904
05-01-2021,2021,1,5,22.47,87.51,0.339806294
06-01-2021,2021,1,6,22.19,88.3,0.312940525
07-01-2021,2021,1,7,22.44,91.95,0.218611756
08-01-2021,2021,1,8,23.22,90.9,0.259080576
09-01-2021,2021,1,9,23.1,90.56,0.266819259
10-01-2021,2021,1,10,22.1,90.42,0.254836558
11-01-2021,2021,1,11,22.07,89.84,0.269771659
12-01-2021,2021,1,12,21.4,91.82,0.208489435
13-01-2021,2021,1,13,21.54,91.03,0.230592044
14-01-2021,2021,1,14,22.01,89.79,0.270109955
15-01-2021,2021,1,15,21.85,89.89,0.264867312
16-01-2021,2021,1,16,22.43,88.45,0.313469862
17-01-2021,2021,1,17,21.67,83.91,0.416926645
18-01-2021,2021,1,18,20.66,82.29,0.431333702
19-01-2021,2021,1,19,20.82,81.23,0.461674533
20-01-2021,2021,1,20,22.01,81.2,0.49736211
21-01-2021,2021,1,21,22.99,86.42,0.38129093
22-01-2021,2021,1,22,23.27,86.45,0.386940051
23-01-2021,2021,1,23,22.82,84.81,0.422129464
24-01-2021,2021,1,24,22.38,81.74,0.494077594
25-01-2021,2021,1,25,21.12,81.88,0.453977773
26-01-2021,2021,1,26,20.76,78.42,0.528834649
27-01-2021,2021,1,27,20.04,75.01,0.58578494
28-01-2021,2021,1,28,20.55,78.43,0.521797013
29-01-2021,2021,1,29,21.82,80.42,0.512029233
30-01-2021,2021,1,30,22.73,77.76,0.614687623
31-01-2021,2021,1,31,22,76.29,0.626876086
01-02-2021,2021,2,32,21.66,73.59,0.683922062
02-02-2021,2021,2,33,21.74,73.77,0.682588688
03-02-2021,2021,2,34,22.19,78.37,0.578538765
04-02-2021,2021,2,35,22.15,71.92,0.749230757
05-02-2021,2021,2,36,22.13,72.1,0.743522045
06-02-2021,2021,2,37,21.73,71.03,0.753431963
07-02-2021,2021,2,38,21.22,63.57,0.918331942
08-02-2021,2021,2,39,21.04,65.31,0.864864188
09-02-2021,2021,2,40,21.17,68.04,0.80318481
10-02-2021,2021,2,41,20.56,64.79,0.852285604
11-02-2021,2021,2,42,20.56,65.93,0.824691012
12-02-2021,2021,2,43,20.77,67.47,0.7976636
13-02-2021,2021,2,44,21.61,67.7,0.833899001
14-02-2021,2021,2,45,22.84,64.36,0.991634513
15-02-2021,2021,2,46,23.76,65.38,1.018244271
16-02-2021,2021,2,47,24.45,70.15,0.915042465
17-02-2021,2021,2,48,24.57,70.19,0.920396137
18-02-2021,2021,2,49,23.33,72.82,0.778979972
19-02-2021,2021,2,50,23.99,67.54,0.967998403
20-02-2021,2021,2,51,24.14,76.78,0.698709241
21-02-2021,2021,2,52,24.06,79.01,0.628583424
22-02-2021,2021,2,53,24.17,73.25,0.806378889
23-02-2021,2021,2,54,24.6,70.71,0.905963521
24-02-2021,2021,2,55,24.5,65.25,1.068440545
25-02-2021,2021,2,56,25.23,63.67,1.166714861
26-02-2021,2021,2,57,26.53,59.94,1.389362328
27-02-2021,2021,2,58,26.91,57.78,1.497356882
28-02-2021,2021,2,59,25.22,55.18,1.438510176
01-03-2021,2021,3,60,24.52,57.61,1.304903164
02-03-2021,2021,3,61,24.73,56.91,1.34319602
03-03-2021,2021,3,62,24.02,59.06,1.223083063
04-03-2021,2021,3,63,23.4,62.05,1.092250443
05-03-2021,2021,3,64,24.4,57.57,1.296793459
06-03-2021,2021,3,65,25.59,57.43,1.396647285
07-03-2021,2021,3,66,25.87,55.7,1.477712543
08-03-2021,2021,3,67,26.07,59.69,1.360613437
09-03-2021,2021,3,68,26.28,62.21,1.291465984
10-03-2021,2021,3,69,26.38,63.61,1.250976033
11-03-2021,2021,3,70,24.61,77.26,0.703787047
12-03-2021,2021,3,71,25.16,66.72,1.06432562
13-03-2021,2021,3,72,24.95,61.68,1.210281818
14-03-2021,2021,3,73,25.66,62.32,1.241355604
15-03-2021,2021,3,74,25.93,60.03,1.338017884
16-03-2021,2021,3,75,26.24,57.2,1.459234078
17-03-2021,2021,3,76,25.89,55.9,1.472782945
18-03-2021,2021,3,77,25.94,55.55,1.488868665
19-03-2021,2021,3,78,24.74,53.96,1.436009885
20-03-2021,2021,3,79,26.48,55.76,1.529822217
21-03-2021,2021,3,80,26.79,56.23,1.541426083
22-03-2021,2021,3,81,26.22,57.65,1.442188571
23-03-2021,2021,3,82,26.89,56.88,1.527481233
24-03-2021,2021,3,83,27.48,58.29,1.529497766
25-03-2021,2021,3,84,26.5,63.71,1.256389688
26-03-2021,2021,3,85,27.15,58.12,1.506354912
27-03-2021,2021,3,86,27.86,58.52,1.555179334
28-03-2021,2021,3,87,27.72,61.21,1.442499582
29-03-2021,2021,3,88,27.87,62.71,1.39890184
30-03-2021,2021,3,89,28.58,63.82,1.414447768
31-03-2021,2021,3,90,29.08,64.7,1.420554505
01-04-2021,2021,4,91,29.14,63.28,1.482826985
02-04-2021,2021,4,92,28.18,61.7,1.462955695
03-04-2021,2021,4,93,27.79,61.13,1.451389014
04-04-2021,2021,4,94,29.07,55.91,1.773260175
05-04-2021,2021,4,95,30.13,54.42,1.948456695
06-04-2021,2021,4,96,30.01,51.52,2.058218106
07-04-2021,2021,4,97,29.64,45.8,2.252678566
08-04-2021,2021,4,98,29.04,46.66,2.141572375
09-04-2021,2021,4,99,29.1,46.05,2.173583146
10-04-2021,2021,4,100,28.93,48.93,2.037438725
11-04-2021,2021,4,101,29.42,52.81,1.936646517
12-04-2021,2021,4,102,28.24,63.46,1.400605324
13-04-2021,2021,4,103,26.97,69.66,1.079821814
14-04-2021,2021,4,104,26.86,72.53,0.971383453
15-04-2021,2021,4,105,25.78,79.12,0.692792383
16-04-2021,2021,4,106,25.04,81.47,0.588389233
17-04-2021,2021,4,107,25.85,77.75,0.741314077
18-04-2021,2021,4,108,26.12,76.69,0.789127074
19-04-2021,2021,4,109,25.87,78.22,0.726514203
20-04-2021,2021,4,110,24.72,85.66,0.446737923
21-04-2021,2021,4,111,26.2,77.53,0.764291571
22-04-2021,2021,4,112,27.12,72.49,0.987751367
23-04-2021,2021,4,113,27.12,72.61,0.983442746
24-04-2021,2021,4,114,27.49,71.43,1.048269026
25-04-2021,2021,4,115,27.12,73.18,0.962976796
26-04-2021,2021,4,116,26.76,73.91,0.917179981
27-04-2021,2021,4,117,26.35,74.09,0.88913211
28-04-2021,2021,4,118,27.8,67.78,1.203782678
29-04-2021,2021,4,119,27.38,72.68,0.995977978
30-04-2021,2021,4,120,27.37,72.75,0.992845063
01-05-2021,2021,5,121,27.57,71.88,1.036592324
02-05-2021,2021,5,122,27.12,72.76,0.97805697
03-05-2021,2021,5,123,26.84,75.23,0.874878798
04-05-2021,2021,5,124,27.16,73.01,0.971355066
05-05-2021,2021,5,125,27.77,69.77,1.127459253
06-05-2021,2021,5,126,28.57,68.08,1.247180913
07-05-2021,2021,5,127,28.04,71.56,1.077518474
08-05-2021,2021,5,128,26.6,75.4,0.856700631
09-05-2021,2021,5,129,27.96,72.3,1.04460459
10-05-2021,2021,5,130,26.75,81.17,0.661569609
11-05-2021,2021,5,131,26.7,78.57,0.750707576
12-05-2021,2021,5,132,26.53,80.67,0.670403739
13-05-2021,2021,5,133,26.86,77.64,0.790685621
14-05-2021,2021,5,134,25.48,80.54,0.634295926
15-05-2021,2021,5,135,24.38,90.13,0.30129723
16-05-2021,2021,5,136,24.91,85.21,0.466008539
17-05-2021,2021,5,137,25.18,84.21,0.505580176
18-05-2021,2021,5,138,25.03,87.54,0.395410975
19-05-2021,2021,5,139,25.24,88.23,0.378210882
20-05-2021,2021,5,140,24.31,88.7,0.343507742
21-05-2021,2021,5,141,23.44,86.97,0.375925859
22-05-2021,2021,5,142,24.14,86.29,0.412545379
23-05-2021,2021,5,143,24.98,82.68,0.548005819
24-05-2021,2021,5,144,24.48,86.57,0.412431824
25-05-2021,2021,5,145,24.44,83.1,0.517754439
26-05-2021,2021,5,146,23.36,85.24,0.423788483
27-05-2021,2021,5,147,24.52,83.71,0.501459602
28-05-2021,2021,5,148,25.11,82.49,0.55832263
29-05-2021,2021,5,149,24.65,82.86,0.531739971
30-05-2021,2021,5,150,24.21,82.32,0.53424295
31-05-2021,2021,5,151,24.85,82.81,0.539694538
01-06-2021,2021,6,152,25.14,83.64,0.522585929
02-06-2021,2021,6,153,25.94,81.96,0.604256259
03-06-2021,2021,6,154,24.89,90.99,0.283552003
04-06-2021,2021,6,155,25.01,88.89,0.352149793
05-06-2021,2021,6,156,24.16,84.15,0.477511995
06-06-2021,2021,6,157,24.48,84.08,0.488899079
07-06-2021,2021,6,158,25.19,81.44,0.594626422
08-06-2021,2021,6,159,25.14,81.9,0.578166584
09-06-2021,2021,6,160,24.73,85.09,0.464772631
10-06-2021,2021,6,161,24.98,82.98,0.538513801
11-06-2021,2021,6,162,24.53,84.66,0.472497871
12-06-2021,2021,6,163,24.44,83.94,0.492019899
13-06-2021,2021,6,164,24,83.18,0.50189492
14-06-2021,2021,6,165,23.08,81.01,0.536099187
15-06-2021,2021,6,166,24.3,84.83,0.460875479
16-06-2021,2021,6,167,24.86,85.67,0.45017079
17-06-2021,2021,6,168,24.25,87.18,0.388316122
18-06-2021,2021,6,169,23.88,86.55,0.398455277
19-06-2021,2021,6,170,23.97,85.39,0.43516596
20-06-2021,2021,6,171,24.48,85.92,0.432393155
21-06-2021,2021,6,172,24.56,86.1,0.428911867
22-06-2021,2021,6,173,24.21,86.04,0.421834366
23-06-2021,2021,6,174,24.78,85.87,0.441774789
24-06-2021,2021,6,175,24.41,84.36,0.478293407
25-06-2021,2021,6,176,24.48,82.01,0.552468243
26-06-2021,2021,6,177,24.07,85.24,0.442280087
27-06-2021,2021,6,178,24.02,77.6,0.669200308
28-06-2021,2021,6,179,23.23,82.23,0.506224447
29-06-2021,2021,6,180,24.36,83.72,0.496377989
30-06-2021,2021,6,181,25.29,82.85,0.552729338
01-07-2021,2021,7,182,25.1,86.92,0.416819806
02-07-2021,2021,7,183,24.65,86.56,0.41695363
03-07-2021,2021,7,184,24.15,87.99,0.361607694
04-07-2021,2021,7,185,23.88,85.2,0.438448929
05-07-2021,2021,7,186,24.28,83.86,0.4897578
06-07-2021,2021,7,187,24.6,85.84,0.437980316
07-07-2021,2021,7,188,24.83,84.79,0.476961528
08-07-2021,2021,7,189,24.78,85.94,0.439586237
09-07-2021,2021,7,190,23.62,89.52,0.305652605
10-07-2021,2021,7,191,23.11,84.78,0.430449591
11-07-2021,2021,7,192,23.22,83.38,0.473177931
12-07-2021,2021,7,193,23.46,86.69,0.384467282
13-07-2021,2021,7,194,23.77,85.05,0.439974237
14-07-2021,2021,7,195,23.57,84.15,0.46088086
15-07-2021,2021,7,196,23.76,84.66,0.451180448
16-07-2021,2021,7,197,24.12,85.86,0.424974483
17-07-2021,2021,7,198,23.99,86.64,0.398412159
18-07-2021,2021,7,199,23.79,88.45,0.340322186
19-07-2021,2021,7,200,23.6,88.33,0.339949784
20-07-2021,2021,7,201,24.2,85.16,0.448156991
21-07-2021,2021,7,202,23.92,86.07,0.413667979
22-07-2021,2021,7,203,23.73,87.22,0.375208112
23-07-2021,2021,7,204,23.79,87.27,0.375091033
24-07-2021,2021,7,205,23.74,87.87,0.356339009
25-07-2021,2021,7,206,23.35,85.89,0.404881415
26-07-2021,2021,7,207,24.17,85.65,0.432580825
27-07-2021,2021,7,208,23.95,87.06,0.384961654
28-07-2021,2021,7,209,23.99,85.74,0.425251301
29-07-2021,2021,7,210,24.04,86.18,0.413368503
30-07-2021,2021,7,211,23.86,86.29,0.405669997
31-07-2021,2021,7,212,24.16,85.61,0.433526663
01-08-2021,2021,8,213,24.16,84.46,0.468172644
02-08-2021,2021,8,214,23.79,84.81,0.447575239
03-08-2021,2021,8,215,23.72,85.24,0.433078377
04-08-2021,2021,8,216,23.87,86.13,0.410650955
05-08-2021,2021,8,217,23.98,85.19,0.441387959
06-08-2021,2021,8,218,24.58,85.82,0.438075103
07-08-2021,2021,8,219,24.37,87.11,0.393252034
08-08-2021,2021,8,220,23.94,86.91,0.389190346
09-08-2021,2021,8,221,23.59,85.35,0.426501002
10-08-2021,2021,8,222,22.52,87.27,0.347388863
11-08-2021,2021,8,223,23.35,85.68,0.41090729
12-08-2021,2021,8,224,23.23,85.2,0.421616309
13-08-2021,2021,8,225,23.87,85.37,0.433152377
14-08-2021,2021,8,226,23.86,85.67,0.424015394
15-08-2021,2021,8,227,23.8,85.23,0.435461592
16-08-2021,2021,8,228,23.9,82.81,0.509864717
17-08-2021,2021,8,229,23.56,85.39,0.424568802
18-08-2021,2021,8,230,22.65,84.83,0.417252374
19-08-2021,2021,8,231,22.87,81.58,0.513443288
20-08-2021,2021,8,232,24.1,79.51,0.615084094
21-08-2021,2021,8,233,24.48,78.81,0.650739415
22-08-2021,2021,8,234,24.28,81.39,0.564708343
23-08-2021,2021,8,235,23.6,84.72,0.445109914
24-08-2021,2021,8,236,24.03,83.63,0.489347547
25-08-2021,2021,8,237,24.27,84.27,0.477030809
26-08-2021,2021,8,238,24.12,89.4,0.318580588
27-08-2021,2021,8,239,23.93,90.47,0.28317474
28-08-2021,2021,8,240,23.6,89.03,0.319558623
29-08-2021,2021,8,241,23.44,88.46,0.332938174
30-08-2021,2021,8,242,23.42,86.86,0.378642642
31-08-2021,2021,8,243,24.42,84.66,0.469399748
01-09-2021,2021,9,244,23.99,86.17,0.412428155
02-09-2021,2021,9,245,23.19,89.11,0.309481393
03-09-2021,2021,9,246,23.88,83.7,0.482886321
04-09-2021,2021,9,247,23.75,87.06,0.380362791
05-09-2021,2021,9,248,23.89,82.7,0.512819232
06-09-2021,2021,9,249,22.85,86.2,0.384198812
07-09-2021,2021,9,250,23.57,86.55,0.391094483
08-09-2021,2021,9,251,23.75,87.26,0.374483923
09-09-2021,2021,9,252,24.06,85.82,0.424645686
10-09-2021,2021,9,253,23.94,85.89,0.419516867
11-09-2021,2021,9,254,23.41,89.45,0.303825886
12-09-2021,2021,9,255,23.86,87.56,0.368091522
13-09-2021,2021,9,256,23.45,89.64,0.299074457
14-09-2021,2021,9,257,24.35,86.97,0.39704759
15-09-2021,2021,9,258,24.03,88.46,0.344964612
16-09-2021,2021,9,259,24.07,88.43,0.346692453
17-09-2021,2021,9,260,24.37,85.79,0.433522995
18-09-2021,2021,9,261,24.71,83.28,0.520571863
19-09-2021,2021,9,262,23.77,87.43,0.369931515
20-09-2021,2021,9,263,24.28,86.72,0.402972961
21-09-2021,2021,9,264,24.21,85.41,0.440871303
22-09-2021,2021,9,265,24.71,82.07,0.558244827
23-09-2021,2021,9,266,24.73,84.35,0.487839817
24-09-2021,2021,9,267,25.14,82.66,0.553889976
25-09-2021,2021,9,268,24.77,85.28,0.459946632
26-09-2021,2021,9,269,23.9,86.5,0.400417317
27-09-2021,2021,9,270,23.79,86.39,0.401020342
28-09-2021,2021,9,271,23.22,86.49,0.384635009
29-09-2021,2021,9,272,23.41,82.28,0.510312294
30-09-2021,2021,9,273,23.57,86.93,0.380044974
01-10-2021,2021,10,274,24.55,86.84,0.405835078
02-10-2021,2021,10,275,24.32,88.46,0.351013598
03-10-2021,2021,10,276,24.71,85.89,0.439310346
04-10-2021,2021,10,277,24.72,85.04,0.466052952
05-10-2021,2021,10,278,24.81,85.78,0.445385059
06-10-2021,2021,10,279,23.82,89.33,0.31496035
07-10-2021,2021,10,280,24.45,85.57,0.442347161
08-10-2021,2021,10,281,24.36,88.83,0.340573841
09-10-2021,2021,10,282,24.01,90.89,0.271998086
10-10-2021,2021,10,283,23.98,89.97,0.298927834
11-10-2021,2021,10,284,23.33,90.19,0.281155023
12-10-2021,2021,10,285,22.54,91.06,0.244259952
13-10-2021,2021,10,286,22.92,90.02,0.279028043
14-10-2021,2021,10,287,24.03,90.59,0.281292634
15-10-2021,2021,10,288,24.41,89.19,0.330585149
16-10-2021,2021,10,289,24.29,92.93,0.214663077
17-10-2021,2021,10,290,24.02,91.1,0.265887622
18-10-2021,2021,10,291,23.44,91.77,0.237442043
19-10-2021,2021,10,292,23.83,87.62,0.36565636
20-10-2021,2021,10,293,23.71,88.67,0.332237623
21-10-2021,2021,10,294,23.53,89.8,0.295878417
22-10-2021,2021,10,295,24.02,88.71,0.337288905
23-10-2021,2021,10,296,24.54,81.52,0.569555528
24-10-2021,2021,10,297,23.28,88.41,0.331169209
25-10-2021,2021,10,298,23.63,87.82,0.355447554
26-10-2021,2021,10,299,24.16,86.32,0.412136536
27-10-2021,2021,10,300,23.68,89.45,0.308807268
28-10-2021,2021,10,301,23.35,88.66,0.325397253
29-10-2021,2021,10,302,22.68,89.35,0.293462703
30-10-2021,2021,10,303,22.52,91.34,0.236322668
31-10-2021,2021,10,304,23.11,89.51,0.296676492
01-11-2021,2021,11,305,22.67,91.88,0.22361246
02-11-2021,2021,11,306,22.5,94.26,0.156448729
03-11-2021,2021,11,307,22.87,93.59,0.178673804
04-11-2021,2021,11,308,23.13,92.34,0.216900869
05-11-2021,2021,11,309,23.04,91.9,0.228115591
06-11-2021,2021,11,310,23.53,85.48,0.421191628
07-11-2021,2021,11,311,22.92,89.01,0.307266352
08-11-2021,2021,11,312,22.61,92.27,0.212099194
09-11-2021,2021,11,313,22.52,88.17,0.322828771
10-11-2021,2021,11,314,22.23,89.17,0.29037654
11-11-2021,2021,11,315,22.47,89.81,0.277231876
12-11-2021,2021,11,316,22.82,91.72,0.230100853
13-11-2021,2021,11,317,23.52,90.24,0.282944534
14-11-2021,2021,11,318,22.74,94.43,0.154041626
15-11-2021,2021,11,319,23.27,94.2,0.165627476
16-11-2021,2021,11,320,23.39,93.1,0.198471273
17-11-2021,2021,11,321,23.7,87.81,0.357241039
18-11-2021,2021,11,322,23.31,89.58,0.298277496
19-11-2021,2021,11,323,22.57,95.02,0.136312233
20-11-2021,2021,11,324,22.96,93.71,0.176286543
21-11-2021,2021,11,325,23.5,85.17,0.429407214
22-11-2021,2021,11,326,23.28,88.9,0.317168095
23-11-2021,2021,11,327,23.09,91.72,0.23389074
24-11-2021,2021,11,328,22.75,89.61,0.287515752
25-11-2021,2021,11,329,21.92,90.22,0.257318301
26-11-2021,2021,11,330,22.07,91.88,0.215604908
27-11-2021,2021,11,331,21.94,92.97,0.185189709
28-11-2021,2021,11,332,22.45,93,0.190212684
29-11-2021,2021,11,333,21.89,92.41,0.199332854
30-11-2021,2021,11,334,22.23,93.06,0.186076933
01-12-2021,2021,12,335,23.42,90.24,0.281244459
02-12-2021,2021,12,336,23.74,90.94,0.266152632
03-12-2021,2021,12,337,23.58,87.54,0.362525843
04-12-2021,2021,12,338,23.54,89.83,0.295185942
05-12-2021,2021,12,339,24.04,87.34,0.378671871
06-12-2021,2021,12,340,23.23,92.71,0.20767452
07-12-2021,2021,12,341,23.48,90.14,0.285155474
08-12-2021,2021,12,342,22.43,88.43,0.314012667
09-12-2021,2021,12,343,22.92,89.26,0.300276672
10-12-2021,2021,12,344,21.73,88.36,0.302725166
11-12-2021,2021,12,345,22.15,90.9,0.242806264
12-12-2021,2021,12,346,22.26,90.35,0.259210752
13-12-2021,2021,12,347,21.87,90.85,0.240009424
14-12-2021,2021,12,348,21.98,90.07,0.26222249
15-12-2021,2021,12,349,21.82,89.65,0.270658967
16-12-2021,2021,12,350,21.47,87.28,0.3255959
17-12-2021,2021,12,351,21.22,86.46,0.341317993
18-12-2021,2021,12,352,20.48,85.86,0.340585755
19-12-2021,2021,12,353,19.39,83.98,0.360679132
20-12-2021,2021,12,354,18.82,86.02,0.303762794
21-12-2021,2021,12,355,19.85,83.72,0.377151805
22-12-2021,2021,12,356,19.38,85.04,0.336604539
23-12-2021,2021,12,357,19.31,83.11,0.378378562
24-12-2021,2021,12,358,18.92,80.69,0.422203528
25-12-2021,2021,12,359,19.41,84.11,0.35819754
26-12-2021,2021,12,360,19.55,86.51,0.306753608
27-12-2021,2021,12,361,19.83,87.22,0.295702022
28-12-2021,2021,12,362,19.88,85.64,0.33329101
29-12-2021,2021,12,363,20,85.85,0.3308668
30-12-2021,2021,12,364,20.83,88.1,0.292877313
31-12-2021,2021,12,365,22.31,89.51,0.282632324
01-01-2022,2022,1,1,22.52,90.08,0.270706797
02-01-2022,2022,1,2,21.82,88.86,0.29131796
03-01-2022,2022,1,3,21.09,85.23,0.369366287
04-01-2022,2022,1,4,21.31,86.91,0.331799795
05-01-2022,2022,1,5,21.26,85.65,0.362624791
06-01-2022,2022,1,6,20.95,87.12,0.319343821
07-01-2022,2022,1,7,21.74,87.04,0.337260747
08-01-2022,2022,1,8,21.77,87.73,0.31989024
09-01-2022,2022,1,9,21.75,86.3,0.356735717
10-01-2022,2022,1,10,21.33,83.69,0.413925932
11-01-2022,2022,1,11,22.03,84.19,0.418770475
12-01-2022,2022,1,12,22.74,82.33,0.488674244
13-01-2022,2022,1,13,23.22,81.23,0.534389275
14-01-2022,2022,1,14,23.36,79.28,0.594911746
15-01-2022,2022,1,15,23.48,80.22,0.572046174
16-01-2022,2022,1,16,22.75,85.38,0.404569807
17-01-2022,2022,1,17,22.52,83.7,0.444810564
18-01-2022,2022,1,18,21.77,82,0.469276636
19-01-2022,2022,1,19,22.02,79.43,0.544519978
20-01-2022,2022,1,20,22.32,70.7,0.789910758
21-01-2022,2022,1,21,23.11,71.89,0.795002497
22-01-2022,2022,1,22,23.51,77.08,0.664055627
23-01-2022,2022,1,23,22.47,76.66,0.634994307
24-01-2022,2022,1,24,22.17,71.48,0.761897908
25-01-2022,2022,1,25,21.89,77.7,0.585655158
26-01-2022,2022,1,26,22.8,80.44,0.542913469
27-01-2022,2022,1,27,22.69,78.38,0.596104379
28-01-2022,2022,1,28,22.47,77.75,0.605339474
29-01-2022,2022,1,29,22.91,79.01,0.586498492
30-01-2022,2022,1,30,24.04,77.82,0.663423546
31-01-2022,2022,1,31,24.26,75.69,0.73678796
01-02-2022,2022,2,32,24.16,76.85,0.697438656
02-02-2022,2022,2,33,23.08,73.86,0.737948012
03-02-2022,2022,2,34,22.72,71.57,0.785295863
04-02-2022,2022,2,35,23.59,72.24,0.808168451
05-02-2022,2022,2,36,23.98,70.5,0.879199513
06-02-2022,2022,2,37,23.91,73.92,0.774011712
07-02-2022,2022,2,38,23.64,73.94,0.760963901
08-02-2022,2022,2,39,23.49,71.88,0.813732793
09-02-2022,2022,2,40,22.68,68.75,0.861099482
10-02-2022,2022,2,41,22.36,58.18,1.130187509
11-02-2022,2022,2,42,23.18,67.23,0.930723753
12-02-2022,2022,2,43,22.67,76.87,0.636965048
13-02-2022,2022,2,44,23.38,71.66,0.814678973
14-02-2022,2022,2,45,23.66,70.21,0.870929281
15-02-2022,2022,2,46,24,70.47,0.881150831
16-02-2022,2022,2,47,24.14,69.03,0.93191323
17-02-2022,2022,2,48,24.44,63.76,1.11026159
18-02-2022,2022,2,49,24.15,65.09,1.051101133
19-02-2022,2022,2,50,24.25,65.13,1.056207736
20-02-2022,2022,2,51,25.36,64.75,1.140811414
21-02-2022,2022,2,52,26.59,63.88,1.257147251
22-02-2022,2022,2,53,26.58,64.44,1.236928426
23-02-2022,2022,2,54,24.75,60.88,1.220900167
24-02-2022,2022,2,55,23.91,60.17,1.182089206
25-02-2022,2022,2,56,24.42,57.28,1.307220159
26-02-2022,2022,2,57,23.85,58.05,1.240527616
27-02-2022,2022,2,58,25.43,62.19,1.228759234
28-02-2022,2022,2,59,24.42,56.38,1.33475991
01-03-2022,2022,3,60,24.69,54.68,1.409339927
02-03-2022,2022,3,61,24.15,47.39,1.584028376
03-03-2022,2022,3,62,23.97,50.34,1.479147267
04-03-2022,2022,3,63,25.43,46.35,1.743531682
05-03-2022,2022,3,64,26.37,55.81,1.5182208
06-03-2022,2022,3,65,26.78,55.18,1.577476163
07-03-2022,2022,3,66,25.24,60.98,1.253847802
08-03-2022,2022,3,67,26.06,65.66,1.158418934
09-03-2022,2022,3,68,26.89,53.53,1.646151505
10-03-2022,2022,3,69,26.37,46.1,1.851823968
11-03-2022,2022,3,70,26.37,44.31,1.913322389
12-03-2022,2022,3,71,26.21,41.77,1.981796769
13-03-2022,2022,3,72,26.1,43.43,1.912836377
14-03-2022,2022,3,73,27.03,43.53,2.016893842
15-03-2022,2022,3,74,27.86,45.22,2.053826517
16-03-2022,2022,3,75,28.68,54.88,1.774206602
17-03-2022,2022,3,76,28.86,50.2,1.978744968
18-03-2022,2022,3,77,29,49.32,2.030077408
19-03-2022,2022,3,78,27.99,61.31,1.461603747
20-03-2022,2022,3,79,27.27,64.32,1.292403399
21-03-2022,2022,3,80,27.5,64.9,1.288615843
22-03-2022,2022,3,81,27.73,66.51,1.246133182
23-03-2022,2022,3,82,27.53,70.28,1.09301608
24-03-2022,2022,3,83,27.03,72.43,0.984695648
25-03-2022,2022,3,84,27.07,72.22,0.994526278
26-03-2022,2022,3,85,27.54,71.68,1.042136856
27-03-2022,2022,3,86,27.86,69.37,1.148388212
28-03-2022,2022,3,87,28.35,66.76,1.282282325
29-03-2022,2022,3,88,28.27,69.44,1.173431488
30-03-2022,2022,3,89,28.45,67.78,1.250170607
31-03-2022,2022,3,90,28.63,64.12,1.406790403
01-04-2022,2022,4,91,28.03,67.56,1.228352951
02-04-2022,2022,4,92,28.04,67.12,1.245738657
03-04-2022,2022,4,93,28.16,65.62,1.311695948
04-04-2022,2022,4,94,28.32,61.05,1.49993832
05-04-2022,2022,4,95,28.23,58.47,1.590950755
06-04-2022,2022,4,96,27.63,64.74,1.304357965
07-04-2022,2022,4,97,28.89,62.06,1.510119941
08-04-2022,2022,4,98,27.79,68.55,1.174329418
09-04-2022,2022,4,99,26.76,74.98,0.879564704
10-04-2022,2022,4,100,26.76,72.47,0.96780241
11-04-2022,2022,4,101,27.54,69.6,1.118677981
12-04-2022,2022,4,102,27.33,71.88,1.022148109
13-04-2022,2022,4,103,26.53,76.08,0.829594281
14-04-2022,2022,4,104,25.02,77.59,0.710745133
15-04-2022,2022,4,105,26.89,70.56,1.042881436
16-04-2022,2022,4,106,26.6,77.63,0.779040371
17-04-2022,2022,4,107,26.83,78.08,0.773761877
18-04-2022,2022,4,108,26.39,75.64,0.837915446
19-04-2022,2022,4,109,25.93,76.76,0.77797187
20-04-2022,2022,4,110,28.01,67.22,1.23978281
21-04-2022,2022,4,111,27.45,72.86,0.993474712
22-04-2022,2022,4,112,26.85,74.01,0.918508654
23-04-2022,2022,4,113,25.95,76.07,0.802018079
24-04-2022,2022,4,114,27.63,66.82,1.227413423
25-04-2022,2022,4,115,27.72,66.71,1.237968835
26-04-2022,2022,4,116,28.35,68.75,1.205515122
27-04-2022,2022,4,117,27.95,68.4,1.190984984
28-04-2022,2022,4,118,27.95,70.89,1.097138382
29-04-2022,2022,4,119,28.52,72.37,1.076436162
30-04-2022,2022,4,120,28.2,71.49,1.090271442
01-05-2022,2022,5,121,27.26,75.71,0.87931905
02-05-2022,2022,5,122,27.51,73.86,0.960231063
03-05-2022,2022,5,123,26.68,80.02,0.699090398
04-05-2022,2022,5,124,28.12,72.26,1.055901342
05-05-2022,2022,5,125,26.48,77.92,0.763527906
06-05-2022,2022,5,126,26.51,67.82,1.114754362
07-05-2022,2022,5,127,26.91,75.54,0.867488142
08-05-2022,2022,5,128,27.5,74.54,0.934705395
09-05-2022,2022,5,129,26.36,82.9,0.587152654
10-05-2022,2022,5,130,26.02,79.02,0.706064281
11-05-2022,2022,5,131,25.85,77.6,0.7463117
12-05-2022,2022,5,132,25,79.78,0.640524654
13-05-2022,2022,5,133,25.1,79.04,0.667931432
14-05-2022,2022,5,134,24.21,85.78,0.42969088
15-05-2022,2022,5,135,24.25,90.64,0.283513175
16-05-2022,2022,5,136,24.55,89.07,0.337065152
17-05-2022,2022,5,137,25.34,82.61,0.562132012
18-05-2022,2022,5,138,25.01,84.95,0.477034598
19-05-2022,2022,5,139,23.92,85.75,0.423170761
20-05-2022,2022,5,140,24.35,83.04,0.516801775
21-05-2022,2022,5,141,24.54,81.04,0.584349178
22-05-2022,2022,5,142,24.91,81.7,0.576602857
23-05-2022,2022,5,143,25.88,83.06,0.56540105
24-05-2022,2022,5,144,26.59,81.16,0.655721324
25-05-2022,2022,5,145,26.27,82.53,0.596681802
26-05-2022,2022,5,146,24.6,85.61,0.445094403
27-05-2022,2022,5,147,24.33,85.25,0.448921265
28-05-2022,2022,5,148,24.5,86.47,0.416000017
29-05-2022,2022,5,149,25,81.48,0.586672433
30-05-2022,2022,5,150,25.26,80.44,0.629278366
31-05-2022,2022,5,151,25.12,81.74,0.582583688
01-06-2022,2022,6,152,24.68,85.2,0.459968678
02-06-2022,2022,6,153,24.52,84.41,0.479911308
03-06-2022,2022,6,154,24.71,81.78,0.567273885
04-06-2022,2022,6,155,25.74,80.04,0.660700083
05-06-2022,2022,6,156,25.32,83.79,0.523366201
06-06-2022,2022,6,157,25.79,79.74,0.672619104
07-06-2022,2022,6,158,24.95,85.77,0.449433984
08-06-2022,2022,6,159,25.06,81.85,0.577009691
09-06-2022,2022,6,160,25.31,80.36,0.633732635
10-06-2022,2022,6,161,24.57,83.57,0.507283077
11-06-2022,2022,6,162,24.74,79.73,0.632231111
12-06-2022,2022,6,163,23.47,81.72,0.528347025
13-06-2022,2022,6,164,24.34,81.54,0.56217284
14-06-2022,2022,6,165,24.43,84.29,0.481009335
15-06-2022,2022,6,166,24.34,84.18,0.481775424
16-06-2022,2022,6,167,24.18,86.71,0.400867334
17-06-2022,2022,6,168,23.08,85.37,0.413013749
18-06-2022,2022,6,169,23.24,86.23,0.392511001
19-06-2022,2022,6,170,23.79,86.51,0.397484528
20-06-2022,2022,6,171,24.17,82.22,0.535978192
21-06-2022,2022,6,172,24.28,84.2,0.479440721
22-06-2022,2022,6,173,24.03,83.97,0.479183945
23-06-2022,2022,6,174,24.08,81.43,0.55677978
24-06-2022,2022,6,175,23.8,84.47,0.457868553
25-06-2022,2022,6,176,23.8,83.34,0.491184165
26-06-2022,2022,6,177,24.48,82.6,0.534349496
27-06-2022,2022,6,178,24.79,82.84,0.536828004
28-06-2022,2022,6,179,24.25,84.29,0.475853844
29-06-2022,2022,6,180,24.28,85.05,0.453648024
30-06-2022,2022,6,181,23.77,86.68,0.392003802
01-07-2022,2022,7,182,24.25,84.38,0.473127756
02-07-2022,2022,7,183,23.64,86.45,0.395666188
03-07-2022,2022,7,184,23.54,85.44,0.422606422
04-07-2022,2022,7,185,23.52,83.95,0.46529301
05-07-2022,2022,7,186,22.85,85.24,0.410925685
06-07-2022,2022,7,187,23.22,85.95,0.400009021
07-07-2022,2022,7,188,22.81,84.85,0.420762931
08-07-2022,2022,7,189,23.34,83.55,0.47174222
09-07-2022,2022,7,190,22.63,87.79,0.335430141
10-07-2022,2022,7,191,23.28,85.83,0.404889361
11-07-2022,2022,7,192,23.17,85.74,0.404763698
12-07-2022,2022,7,193,22.84,86.14,0.385635644
13-07-2022,2022,7,194,23.1,86.14,0.391749463
14-07-2022,2022,7,195,23.48,85.09,0.431203663
15-07-2022,2022,7,196,23.79,85.59,0.424592442
16-07-2022,2022,7,197,24.1,85.72,0.428667685
17-07-2022,2022,7,198,24.22,83.67,0.493745293
18-07-2022,2022,7,199,22.82,85.47,0.403788092
19-07-2022,2022,7,200,23.81,84.72,0.450768726
20-07-2022,2022,7,201,24.24,87.74,0.371131385
21-07-2022,2022,7,202,24.24,86.73,0.40170583
22-07-2022,2022,7,203,23.44,88.83,0.32226338
23-07-2022,2022,7,204,23.28,86.53,0.384887769
24-07-2022,2022,7,205,23.39,86.6,0.385436966
25-07-2022,2022,7,206,24.46,82.74,0.529416499
26-07-2022,2022,7,207,24.33,82.91,0.52013996
27-07-2022,2022,7,208,24.2,86.17,0.417655741
28-07-2022,2022,7,209,24.74,86.28,0.427933441
29-07-2022,2022,7,210,25.45,80.31,0.640650957
30-07-2022,2022,7,211,25.43,82.86,0.557020187
31-07-2022,2022,7,212,23.93,86.4,0.404110857
01-08-2022,2022,8,213,23.68,89.37,0.311148934
02-08-2022,2022,8,214,23.24,89.77,0.291604033
03-08-2022,2022,8,215,23.63,88.61,0.332393074
04-08-2022,2022,8,216,22.83,93.9,0.169621446
05-08-2022,2022,8,217,23.08,89.35,0.300655942
06-08-2022,2022,8,218,23.08,88.55,0.323240426
07-08-2022,2022,8,219,23.16,89.29,0.303814959
08-08-2022,2022,8,220,23.18,90.3,0.275496503
09-08-2022,2022,8,221,23.29,87.92,0.345378703
10-08-2022,2022,8,222,22.91,87.5,0.349272566
11-08-2022,2022,8,223,23.29,86.9,0.374541474
12-08-2022,2022,8,224,23.07,86.76,0.373547334
13-08-2022,2022,8,225,22.85,87.61,0.344943716
14-08-2022,2022,8,226,23.48,83.34,0.481814422
15-08-2022,2022,8,227,24.32,84.14,0.482415569
16-08-2022,2022,8,228,24.89,83.48,0.519897789
17-08-2022,2022,8,229,24.71,85.73,0.444291895
18-08-2022,2022,8,230,24.23,86.72,0.401767759
19-08-2022,2022,8,231,23.9,87.7,0.364824667
20-08-2022,2022,8,232,23.42,86.81,0.380083444
21-08-2022,2022,8,233,23.49,88.06,0.34551812
22-08-2022,2022,8,234,23.82,87.71,0.362780009
23-08-2022,2022,8,235,23.3,88.41,0.331569169
24-08-2022,2022,8,236,23.07,88.28,0.330662745
25-08-2022,2022,8,237,23.29,88.6,0.325936855
26-08-2022,2022,8,238,22.82,90.73,0.257612912
27-08-2022,2022,8,239,22.08,90.85,0.24310185
28-08-2022,2022,8,240,23.05,88.11,0.335053681
29-08-2022,2022,8,241,22.83,93.31,0.186027454
30-08-2022,2022,8,242,23.57,90.91,0.2643159
31-08-2022,2022,8,243,23.66,87.49,0.365737674
01-09-2022,2022,9,244,23.52,87.64,0.358319103
02-09-2022,2022,9,245,24.18,88.07,0.359845545
03-09-2022,2022,9,246,24.65,86.86,0.407646629
04-09-2022,2022,9,247,24.29,89.77,0.310608667
05-09-2022,2022,9,248,24.48,89.92,0.309554191
06-09-2022,2022,9,249,23.11,90.52,0.268111835
07-09-2022,2022,9,250,22.73,92.83,0.198170425
08-09-2022,2022,9,251,22.81,90.54,0.262733817
09-09-2022,2022,9,252,23.01,91.18,0.247942313
10-09-2022,2022,9,253,23.17,90.84,0.260002488
11-09-2022,2022,9,254,23.1,91.07,0.252404235
12-09-2022,2022,9,255,23.16,89.67,0.293035343
13-09-2022,2022,9,256,23.26,89.58,0.297378771
14-09-2022,2022,9,257,23.55,90.15,0.286070141
15-09-2022,2022,9,258,23.48,87.91,0.349648041
16-09-2022,2022,9,259,23.58,88.54,0.333430671
17-09-2022,2022,9,260,23.62,88.93,0.322860147
18-09-2022,2022,9,261,23.79,88.05,0.352108236
19-09-2022,2022,9,262,23.43,89.78,0.294677432
20-09-2022,2022,9,263,23.29,87.55,0.355957355
21-09-2022,2022,9,264,23.55,87.33,0.367970425
22-09-2022,2022,9,265,23.25,86.13,0.395600234
23-09-2022,2022,9,266,23.25,86.65,0.38076879
24-09-2022,2022,9,267,23.28,87.17,0.3666006
25-09-2022,2022,9,268,24.21,83.44,0.500399505
26-09-2022,2022,9,269,24.4,86.72,0.40587832
27-09-2022,2022,9,270,23.71,85.33,0.43017881
28-09-2022,2022,9,271,23.78,85.07,0.439649905
29-09-2022,2022,9,272,23.1,88.45,0.326457886
30-09-2022,2022,9,273,22.95,89,0.308104775
01-10-2022,2022,10,274,22.1,85.55,0.384382909
02-10-2022,2022,10,275,23,86.99,0.365507835
03-10-2022,2022,10,276,23.49,88.15,0.342913712
04-10-2022,2022,10,277,23.64,89.58,0.304268759
05-10-2022,2022,10,278,22.91,90.21,0.273550273
06-10-2022,2022,10,279,22.79,87.62,0.343415044
07-10-2022,2022,10,280,22.93,85.22,0.413480066
08-10-2022,2022,10,281,22.84,81.34,0.519189114
09-10-2022,2022,10,282,23.62,88.71,0.329276518
10-10-2022,2022,10,283,22.93,89.13,0.304095286
11-10-2022,2022,10,284,24.06,84.44,0.465972276
12-10-2022,2022,10,285,24.3,86.24,0.418038668
13-10-2022,2022,10,286,24.18,88.44,0.348685206
14-10-2022,2022,10,287,23.7,88.37,0.340829638
15-10-2022,2022,10,288,22.95,89.46,0.295220394
16-10-2022,2022,10,289,23.81,88.56,0.337486533
17-10-2022,2022,10,290,24.05,89.9,0.30228131
18-10-2022,2022,10,291,22.87,93.68,0.176165124
19-10-2022,2022,10,292,23.34,86.81,0.378254096
20-10-2022,2022,10,293,23.57,90.09,0.288159578
21-10-2022,2022,10,294,23.8,87.34,0.373252793
22-10-2022,2022,10,295,24.23,82.66,0.52459736
23-10-2022,2022,10,296,24.15,85.99,0.421825462
24-10-2022,2022,10,297,23.66,88.78,0.328023717
25-10-2022,2022,10,298,23.85,83.48,0.488522437
26-10-2022,2022,10,299,23.36,74.18,0.741342726
27-10-2022,2022,10,300,22.8,72.91,0.751918501
28-10-2022,2022,10,301,22.84,78.37,0.601825323
29-10-2022,2022,10,302,23.43,85.28,0.424427769
30-10-2022,2022,10,303,23.61,85.64,0.418562018
31-10-2022,2022,10,304,23.57,85.14,0.432093979
01-11-2022,2022,11,305,22.35,90.73,0.250369962
02-11-2022,2022,11,306,22.43,88.76,0.305056385
03-11-2022,2022,11,307,22.6,86.39,0.373210773
04-11-2022,2022,11,308,22.8,87.92,0.335296253
05-11-2022,2022,11,309,22.4,87,0.352180713
06-11-2022,2022,11,310,22.63,89.6,0.285706262
07-11-2022,2022,11,311,23.23,86.16,0.394268224
08-11-2022,2022,11,312,23.58,85.21,0.430317593
09-11-2022,2022,11,313,23.57,84.5,0.45070368
10-11-2022,2022,11,314,23.77,81.02,0.558575988
11-11-2022,2022,11,315,22.43,88.74,0.30559919
12-11-2022,2022,11,316,22.04,92.97,0.186322005
13-11-2022,2022,11,317,22.29,92.76,0.194830395
14-11-2022,2022,11,318,22.15,89.78,0.272690112
15-11-2022,2022,11,319,22.45,89.51,0.285047294
16-11-2022,2022,11,320,23.13,87.34,0.35848107
17-11-2022,2022,11,321,23.28,81.73,0.52204154
18-11-2022,2022,11,322,21.32,73.13,0.681506885
19-11-2022,2022,11,323,20.33,77.82,0.529320444
20-11-2022,2022,11,324,21.38,73.56,0.673070073
21-11-2022,2022,11,325,22.64,73.38,0.731741842
22-11-2022,2022,11,326,22.1,78.18,0.580431493
23-11-2022,2022,11,327,22.31,87.32,0.341637547
24-11-2022,2022,11,328,23.29,86.58,0.383690579
25-11-2022,2022,11,329,23.26,86.25,0.392414406
26-11-2022,2022,11,330,22.63,87.71,0.337627881
27-11-2022,2022,11,331,23.49,88.34,0.337415518
28-11-2022,2022,11,332,23.53,88,0.348092255
29-11-2022,2022,11,333,23.2,89.44,0.300284467
30-11-2022,2022,11,334,21.89,84.49,0.407332354
01-12-2022,2022,12,335,22.07,86.24,0.365360042
02-12-2022,2022,12,336,23.38,86.05,0.401015232
03-12-2022,2022,12,337,23.15,86.09,0.394352362
04-12-2022,2022,12,338,22.96,88.8,0.313896546
05-12-2022,2022,12,339,21.64,89.13,0.281149235
06-12-2022,2022,12,340,22.85,83.21,0.467441887
07-12-2022,2022,12,341,22.11,78.31,0.577324874
08-12-2022,2022,12,342,21.45,72.3,0.708173961
09-12-2022,2022,12,343,19.97,88.9,0.259067607
10-12-2022,2022,12,344,21.41,88.58,0.291247885
11-12-2022,2022,12,345,22.3,92.18,0.210566368
12-12-2022,2022,12,346,22.81,90.47,0.264677936
13-12-2022,2022,12,347,23.02,88.04,0.336415419
14-12-2022,2022,12,348,22.44,89.59,0.282701662
15-12-2022,2022,12,349,21.85,84.1,0.416556901
16-12-2022,2022,12,350,20.93,76.4,0.584414367
17-12-2022,2022,12,351,21.29,83.34,0.421773389
18-12-2022,2022,12,352,22.07,86.54,0.357394343
19-12-2022,2022,12,353,21.4,78.92,0.537280842
20-12-2022,2022,12,354,21.6,84.8,0.392183214
21-12-2022,2022,12,355,22.32,77.17,0.615483366
22-12-2022,2022,12,356,21.54,70.76,0.751673509
23-12-2022,2022,12,357,22.19,72.43,0.737416262
24-12-2022,2022,12,358,23.3,79.75,0.579316279
25-12-2022,2022,12,359,23.19,83.95,0.456122714
26-12-2022,2022,12,360,23.01,88.14,0.333400888
27-12-2022,2022,12,361,22.77,87.52,0.345769761
28-12-2022,2022,12,362,23.03,84.77,0.428654359
29-12-2022,2022,12,363,22.49,82.92,0.465247781
30-12-2022,2022,12,364,21.61,78.83,0.54655238
31-12-2022,2022,12,365,21.55,74.48,0.656444762
01-01-2023,2023,1,1,21.14,74.05,0.650948677
02-01-2023,2023,1,2,20.62,76.86,0.562196521
03-01-2023,2023,1,3,21.18,78.21,0.547939171
04-01-2023,2023,1,4,21.42,77.24,0.580811013
05-01-2023,2023,1,5,21.21,75.8,0.609662617
06-01-2023,2023,1,6,21.47,77.32,0.580543633
07-01-2023,2023,1,7,21.66,76.08,0.619440202
08-01-2023,2023,1,8,22.23,77.8,0.595231688
09-01-2023,2023,1,9,21.93,74.83,0.662643432
10-01-2023,2023,1,10,20.16,67.41,0.769626278
11-01-2023,2023,1,11,20.63,66.6,0.811967797
12-01-2023,2023,1,12,20.63,65.49,0.838952355
13-01-2023,2023,1,13,20.95,67.22,0.812739942
14-01-2023,2023,1,14,21.07,66.81,0.828992908
15-01-2023,2023,1,15,20.88,67.26,0.808263113
16-01-2023,2023,1,16,21.04,66.36,0.838686402
17-01-2023,2023,1,17,21.03,68.25,0.791080453
18-01-2023,2023,1,18,20.89,70.57,0.726994871
19-01-2023,2023,1,19,21.08,66.29,0.842498087
20-01-2023,2023,1,20,20.72,72.48,0.672740677
21-01-2023,2023,1,21,22.03,70.23,0.788538713
22-01-2023,2023,1,22,21.85,67.43,0.853286683
23-01-2023,2023,1,23,22.79,74.43,0.709299086
24-01-2023,2023,1,24,22.93,81.9,0.506359215
25-01-2023,2023,1,25,22.91,71.57,0.794385523
26-01-2023,2023,1,26,22.03,68.68,0.829594642
27-01-2023,2023,1,27,21.62,64.6,0.914491537
28-01-2023,2023,1,28,21.49,59.44,1.039492382
29-01-2023,2023,1,29,22.02,65.11,0.923592709
30-01-2023,2023,1,30,23.68,74.82,0.737039527
31-01-2023,2023,1,31,24.63,66.41,1.040829741
01-02-2023,2023,2,32,24.41,58.13,1.280444051
02-02-2023,2023,2,33,23.29,64.32,1.020125175
03-02-2023,2023,2,34,23.89,71.46,0.846003519
04-02-2023,2023,2,35,24.08,71.54,0.853309238
05-02-2023,2023,2,36,24.15,59.18,1.229044637
06-02-2023,2023,2,37,23.7,59.86,1.1763458
07-02-2023,2023,2,38,24.02,58.24,1.247580574
08-02-2023,2023,2,39,23.72,60.4,1.161917596
09-02-2023,2023,2,40,23.69,60.96,1.143421002
10-02-2023,2023,2,41,23.6,57.51,1.237743473
11-02-2023,2023,2,42,23.25,56.29,1.246696915
12-02-2023,2023,2,43,23.51,50.91,1.42227272
13-02-2023,2023,2,44,23.36,50.3,1.426984256
14-02-2023,2023,2,45,23.4,52.97,1.353584673
15-02-2023,2023,2,46,23.94,49.49,1.501757402
16-02-2023,2023,2,47,23.64,51.43,1.418266182
17-02-2023,2023,2,48,23.43,54.66,1.307306729
18-02-2023,2023,2,49,23.66,55.2,1.309756018
19-02-2023,2023,2,50,24.37,52.62,1.445483428
20-02-2023,2023,2,51,25.39,51.35,1.577289576
21-02-2023,2023,2,52,25.38,47.43,1.703368589
22-02-2023,2023,2,53,25.15,42.65,1.833015923
23-02-2023,2023,2,54,23.74,47.2,1.551088185
24-02-2023,2023,2,55,25.18,51.24,1.561246953
25-02-2023,2023,2,56,25.37,41.49,1.894710251
26-02-2023,2023,2,57,24.58,41.77,1.798950157
27-02-2023,2023,2,58,23.91,47.62,1.554552665
28-02-2023,2023,2,59,24.59,51.23,1.507594712
01-03-2023,2023,3,60,26.59,56.12,1.527232043
02-03-2023,2023,3,61,25.98,46.62,1.792216275
03-03-2023,2023,3,62,24.68,35.78,1.995891113
04-03-2023,2023,3,63,25.57,44.09,1.832135063
05-03-2023,2023,3,64,26.35,49.29,1.740173264
06-03-2023,2023,3,65,25.39,38.07,2.00784262
07-03-2023,2023,3,66,25.46,39.35,1.974532845
08-03-2023,2023,3,67,25.51,48.5,1.681626183
09-03-2023,2023,3,68,25.95,49.92,1.67843984
10-03-2023,2023,3,69,26.14,46.95,1.798055145
11-03-2023,2023,3,70,26.8,46.43,1.887656586
12-03-2023,2023,3,71,26.82,49.34,1.787215151
13-03-2023,2023,3,72,27.01,52.27,1.702735483
14-03-2023,2023,3,73,27.25,42.79,2.069839246
15-03-2023,2023,3,74,28.75,44.6,2.187285443
16-03-2023,2023,3,75,28.21,56.08,1.680553072
17-03-2023,2023,3,76,27.97,61.26,1.461789086
18-03-2023,2023,3,77,26.99,69.07,1.102112923
19-03-2023,2023,3,78,26.87,66.84,1.173279851
20-03-2023,2023,3,79,26.62,62.47,1.308529834
21-03-2023,2023,3,80,26.53,55.29,1.550633791
22-03-2023,2023,3,81,26.62,49.67,1.754817653
23-03-2023,2023,3,82,27.63,57.12,1.586241337
24-03-2023,2023,3,83,27.99,59.92,1.514114195
25-03-2023,2023,3,84,26.41,73.43,0.915011106
26-03-2023,2023,3,85,27.18,67.41,1.174271195
27-03-2023,2023,3,86,26.63,70.14,1.04171851
28-03-2023,2023,3,87,28.72,61.17,1.530413049
29-03-2023,2023,3,88,27.29,71.79,1.023021665
30-03-2023,2023,3,89,27.87,65.75,1.28485889
31-03-2023,2023,3,90,28.27,63.33,1.408040991
01-04-2023,2023,4,91,27.73,62.76,1.385667354
02-04-2023,2023,4,92,27.12,66.81,1.191692762
03-04-2023,2023,4,93,25.4,74.23,0.835989685
04-04-2023,2023,4,94,26.38,73.11,0.924395315
05-04-2023,2023,4,95,27.9,64.23,1.344228413
06-04-2023,2023,4,96,28.23,63.42,1.401323829
07-04-2023,2023,4,97,28.59,54.36,1.785318675
08-04-2023,2023,4,98,28.66,49.07,2.0003481
09-04-2023,2023,4,99,28.58,48.73,2.004387425
10-04-2023,2023,4,100,29.12,48.89,2.061542191
11-04-2023,2023,4,101,28.94,49.8,2.003888321
12-04-2023,2023,4,102,28.98,44.43,2.223383606
13-04-2023,2023,4,103,29.8,34.22,2.759229331
14-04-2023,2023,4,104,29.18,42.85,2.313165688
15-04-2023,2023,4,105,29.73,45.06,2.295280689
16-04-2023,2023,4,106,28.81,44.89,2.18340578
17-04-2023,2023,4,107,29.26,45.27,2.225463363
18-04-2023,2023,4,108,30.14,46.26,2.298597602
19-04-2023,2023,4,109,30.1,48.73,2.187928334
20-04-2023,2023,4,110,30.11,57.17,1.828802284
21-04-2023,2023,4,111,29.94,57.68,1.789494652
22-04-2023,2023,4,112,30.17,58.09,1.795681825
23-04-2023,2023,4,113,29.75,61.83,1.596498378
24-04-2023,2023,4,114,28.05,65.92,1.291955349
25-04-2023,2023,4,115,27.95,66.69,1.255433855
26-04-2023,2023,4,116,25.79,80.64,0.642739677
27-04-2023,2023,4,117,27.34,71.84,1.024201264
28-04-2023,2023,4,118,27.35,68.54,1.144894582
29-04-2023,2023,4,119,26.89,75.49,0.868241304
30-04-2023,2023,4,120,26.95,74.32,0.912897059
01-05-2023,2023,5,121,24.67,87.93,0.374899173
02-05-2023,2023,5,122,26.04,81.97,0.607502155
03-05-2023,2023,5,123,24.71,84.69,0.476671963
04-05-2023,2023,5,124,25.39,79.08,0.678250728
05-05-2023,2023,5,125,24.6,80.16,0.613667336
06-05-2023,2023,5,126,25.22,78.55,0.688443625
07-05-2023,2023,5,127,24.51,81.24,0.577149141
08-05-2023,2023,5,128,25.23,80.32,0.632010693
09-05-2023,2023,5,129,27,73.7,0.937684466
10-05-2023,2023,5,130,26.79,76.62,0.823361705
11-05-2023,2023,5,131,26.68,78.69,0.745626445
12-05-2023,2023,5,132,26.48,74.75,0.873146722
13-05-2023,2023,5,133,26.93,70.96,1.031130403
14-05-2023,2023,5,134,26.66,75.04,0.872311468
15-05-2023,2023,5,135,27.16,76.94,0.829916555
16-05-2023,2023,5,136,28.41,70.91,1.126105952
17-05-2023,2023,5,137,26.96,73.9,0.928372295
18-05-2023,2023,5,138,28.27,71.06,1.111227332
19-05-2023,2023,5,139,26.93,77.79,0.788615917
20-05-2023,2023,5,140,27.78,73.18,1.000863341
21-05-2023,2023,5,141,27.29,76.05,0.868534877
22-05-2023,2023,5,142,26.64,79.56,0.713504905
23-05-2023,2023,5,143,27.75,71.2,1.072873545
24-05-2023,2023,5,144,26.39,80.54,0.669369235
25-05-2023,2023,5,145,26.61,78.99,0.732108728
26-05-2023,2023,5,146,27.2,74.85,0.907258158
27-05-2023,2023,5,147,26.75,76.59,0.82248245
28-05-2023,2023,5,148,27.27,75.08,0.902653943
29-05-2023,2023,5,149,27.19,75.83,0.871395133
30-05-2023,2023,5,150,27.17,75.54,0.880817731
31-05-2023,2023,5,151,26.59,74.49,0.887868947
01-06-2023,2023,6,152,26.5,78.32,0.750579455
02-06-2023,2023,6,153,26.69,76.21,0.832890085
03-06-2023,2023,6,154,27.29,73.47,0.962097298
04-06-2023,2023,6,155,26.11,77.54,0.759902579
05-06-2023,2023,6,156,25.94,80.47,0.654164343
06-06-2023,2023,6,157,26.66,76.23,0.8307229
07-06-2023,2023,6,158,26.29,79.34,0.706468122
08-06-2023,2023,6,159,26.12,78.9,0.71431065
09-06-2023,2023,6,160,26.25,78.55,0.731753387
10-06-2023,2023,6,161,25.72,77.61,0.740258509
11-06-2023,2023,6,162,26.13,78.24,0.737089196
12-06-2023,2023,6,163,26.09,80.93,0.644444904
13-06-2023,2023,6,164,25.97,80.11,0.667405612
14-06-2023,2023,6,165,25.45,82.18,0.579807012
15-06-2023,2023,6,166,26.76,76.29,0.833512355
16-06-2023,2023,6,167,27.2,73.07,0.97146967
17-06-2023,2023,6,168,25.1,85.27,0.469400286
18-06-2023,2023,6,169,25.65,80.95,0.627224326
19-06-2023,2023,6,170,25.91,72.97,0.903774427
20-06-2023,2023,6,171,26.14,76.31,0.802939234
21-06-2023,2023,6,172,26.3,78.4,0.739047168
22-06-2023,2023,6,173,25.31,79.83,0.650834382
23-06-2023,2023,6,174,24.7,75.29,0.768878809
24-06-2023,2023,6,175,24.65,78.94,0.653351447
25-06-2023,2023,6,176,24.57,82.11,0.552361184
26-06-2023,2023,6,177,24.31,74.87,0.76392474
27-06-2023,2023,6,178,24.41,79.77,0.618662125
28-06-2023,2023,6,179,24.98,75.91,0.762209017
29-06-2023,2023,6,180,25.15,79,0.671200251
30-06-2023,2023,6,181,24.41,78,0.672791238
01-07-2023,2023,7,182,25.53,78.23,0.711698406
02-07-2023,2023,7,183,24.24,77.99,0.666280733
03-07-2023,2023,7,184,24.71,82.28,0.551706544
04-07-2023,2023,7,185,24.52,82.54,0.537476038
05-07-2023,2023,7,186,23.66,85.91,0.411929962
06-07-2023,2023,7,187,24.12,84.96,0.452023778
07-07-2023,2023,7,188,23.8,84.69,0.451382327
08-07-2023,2023,7,189,24.37,81.24,0.572335777
09-07-2023,2023,7,190,24.66,81.42,0.576757925
10-07-2023,2023,7,191,25.22,82.63,0.557494908
11-07-2023,2023,7,192,24.94,80.71,0.608883827
12-07-2023,2023,7,193,24.61,78.51,0.665100424
13-07-2023,2023,7,194,24.18,76.97,0.694655734
14-07-2023,2023,7,195,24.39,79.31,0.631972796
15-07-2023,2023,7,196,24.85,79.43,0.645812486
16-07-2023,2023,7,197,25.27,81.34,0.600680809
17-07-2023,2023,7,198,25.05,82.15,0.567134567
18-07-2023,2023,7,199,24.63,84.27,0.487414463
19-07-2023,2023,7,200,24.73,82.13,0.557041376
20-07-2023,2023,7,201,25.13,80.87,0.610704274
21-07-2023,2023,7,202,24.58,81.26,0.578951158
22-07-2023,2023,7,203,24.14,80.89,0.5750359
23-07-2023,2023,7,204,23.74,83.82,0.475314523
24-07-2023,2023,7,205,23.25,85.55,0.412142998
25-07-2023,2023,7,206,22.81,86.09,0.386324249
26-07-2023,2023,7,207,23.66,82.44,0.513377582
27-07-2023,2023,7,208,23.99,81.11,0.563323778
28-07-2023,2023,7,209,24.33,79.57,0.621793996
29-07-2023,2023,7,210,24.87,79.28,0.651298124
30-07-2023,2023,7,211,25.13,78.81,0.676467515
31-07-2023,2023,7,212,25.38,78.75,0.688540661
01-08-2023,2023,8,213,25.23,78.54,0.689174261
02-08-2023,2023,8,214,24.58,80.5,0.602430501
03-08-2023,2023,8,215,25.11,80.02,0.637080876
04-08-2023,2023,8,216,25.22,80.15,0.637091187
05-08-2023,2023,8,217,25.53,77.79,0.726082756
06-08-2023,2023,8,218,25.8,78.12,0.726832273
07-08-2023,2023,8,219,25.82,78.23,0.724034918
08-08-2023,2023,8,220,25.09,80.81,0.611163031
09-08-2023,2023,8,221,25.21,80.44,0.627410339
10-08-2023,2023,8,222,24.96,83.89,0.509114336
11-08-2023,2023,8,223,25.75,81.22,0.622008956
12-08-2023,2023,8,224,24.98,82.87,0.541994208
13-08-2023,2023,8,225,25.52,78.68,0.696573756
14-08-2023,2023,8,226,25.35,76.68,0.754267321
15-08-2023,2023,8,227,24.99,76.94,0.730054536
16-08-2023,2023,8,228,25.56,75.94,0.787963388
17-08-2023,2023,8,229,25.67,76.98,0.758836158
18-08-2023,2023,8,230,24.95,78.29,0.685678973
19-08-2023,2023,8,231,25.22,78.32,0.695825538
20-08-2023,2023,8,232,26.04,76.97,0.775971971
21-08-2023,2023,8,233,26.64,73.71,0.917712522
22-08-2023,2023,8,234,26.46,77.14,0.789569646
23-08-2023,2023,8,235,26.24,75.47,0.836332055
24-08-2023,2023,8,236,26.01,75.42,0.826730458
25-08-2023,2023,8,237,25.39,75.49,0.794642703
26-08-2023,2023,8,238,25.93,75.72,0.812786445
27-08-2023,2023,8,239,26.04,76.01,0.808318175
28-08-2023,2023,8,240,26.33,74.45,0.875744975
29-08-2023,2023,8,241,25.54,79.14,0.682353628
30-08-2023,2023,8,242,24.45,84.68,0.469629834
31-08-2023,2023,8,243,25.38,80.83,0.621144681
01-09-2023,2023,9,244,25.24,83.07,0.544019561
02-09-2023,2023,9,245,24.59,83.94,0.496452144
03-09-2023,2023,9,246,23.94,82.12,0.531606065
04-09-2023,2023,9,247,23.59,82.39,0.512674583
05-09-2023,2023,9,248,23.7,82.81,0.503771408
06-09-2023,2023,9,249,23.28,84.55,0.441463699
07-09-2023,2023,9,250,23.47,83.3,0.482680269
08-09-2023,2023,9,251,24.19,80.75,0.580987415
09-09-2023,2023,9,252,24.69,81.67,0.570017671
10-09-2023,2023,9,253,23.77,80.12,0.585062731
11-09-2023,2023,9,254,23.68,79.97,0.586294747
12-09-2023,2023,9,255,24.23,81.72,0.553035741
13-09-2023,2023,9,256,25.26,79.32,0.665310665
14-09-2023,2023,9,257,24.21,83.84,0.488312561
15-09-2023,2023,9,258,23.37,84.59,0.4427182
16-09-2023,2023,9,259,24.53,82.57,0.536873395
17-09-2023,2023,9,260,24.83,83.62,0.513650877
18-09-2023,2023,9,261,24.82,83.72,0.510210629
19-09-2023,2023,9,262,24.87,84.7,0.480929599
20-09-2023,2023,9,263,24.49,84.14,0.487347841
21-09-2023,2023,9,264,23.98,84.96,0.448242735
22-09-2023,2023,9,265,24.41,86.18,0.422635223
23-09-2023,2023,9,266,24.45,85.17,0.454609037
24-09-2023,2023,9,267,23.89,87.05,0.383873356
25-09-2023,2023,9,268,24.84,81.31,0.58643847
26-09-2023,2023,9,269,24.8,81.99,0.563755363
27-09-2023,2023,9,270,24.41,79.93,0.613769097
28-09-2023,2023,9,271,23.87,83.86,0.47785915
29-09-2023,2023,9,272,23.23,87.71,0.350112462
30-09-2023,2023,9,273,24.01,84.78,0.454424903
01-10-2023,2023,10,274,24.63,87.07,0.40065283
02-10-2023,2023,10,275,24.73,85.68,0.446381225
03-10-2023,2023,10,276,25,81.25,0.593958322
04-10-2023,2023,10,277,25.08,79.64,0.648039314
05-10-2023,2023,10,278,24.78,76.3,0.740981069
06-10-2023,2023,10,279,24.12,73.19,0.805768451
07-10-2023,2023,10,280,24.32,74.21,0.784457599
08-10-2023,2023,10,281,25.04,80.15,0.63030363
09-10-2023,2023,10,282,24.96,83.63,0.517330955
10-10-2023,2023,10,283,25.11,81.2,0.599455479
11-10-2023,2023,10,284,23.54,86.88,0.380810182
12-10-2023,2023,10,285,24.2,86.68,0.402254119
13-10-2023,2023,10,286,25.17,76.78,0.743039289
14-10-2023,2023,10,287,24.33,82.82,0.522879141
15-10-2023,2023,10,288,23.33,92.58,0.21265752
16-10-2023,2023,10,289,24.25,84.76,0.461617606
17-10-2023,2023,10,290,23.05,86.29,0.386340283
18-10-2023,2023,10,291,24.86,79.36,0.648396727
19-10-2023,2023,10,292,25.24,77.03,0.73810569
20-10-2023,2023,10,293,25.16,77.68,0.713814539
21-10-2023,2023,10,294,25.06,78.51,0.683192191
22-10-2023,2023,10,295,25.05,79.29,0.658003186
23-10-2023,2023,10,296,24.55,83.63,0.504826765
24-10-2023,2023,10,297,24.98,80.61,0.613500741
25-10-2023,2023,10,298,24.89,82.6,0.547592103
26-10-2023,2023,10,299,25.03,81.67,0.581692069
27-10-2023,2023,10,300,24.96,80.42,0.618774594
28-10-2023,2023,10,301,24.97,81.1,0.597640951
29-10-2023,2023,10,302,23.66,87.35,0.369830661
30-10-2023,2023,10,303,23.03,89.46,0.296652459
31-10-2023,2023,10,304,23.48,85.23,0.427154803
01-11-2023,2023,11,305,24.28,84.84,0.460020338
02-11-2023,2023,11,306,24.6,84.41,0.482211379
03-11-2023,2023,11,307,24.14,87.07,0.389074526
04-11-2023,2023,11,308,24.36,87.39,0.384479511
05-11-2023,2023,11,309,22.75,92.56,0.205882309
06-11-2023,2023,11,310,24.48,82.86,0.526364963
07-11-2023,2023,11,311,23.64,90.61,0.274192288
08-11-2023,2023,11,312,24.09,86.77,0.39690987
09-11-2023,2023,11,313,23.04,89.5,0.295705396
10-11-2023,2023,11,314,23.02,87.39,0.354698865
11-11-2023,2023,11,315,23.11,86.51,0.381522009
12-11-2023,2023,11,316,22.3,81.99,0.484948886
13-11-2023,2023,11,317,22.59,84.13,0.434920095
14-11-2023,2023,11,318,22,85.19,0.39156621
15-11-2023,2023,11,319,23.41,76.88,0.665825069
16-11-2023,2023,11,320,23.93,85.14,0.441550539
17-11-2023,2023,11,321,24.43,84.82,0.464781776
18-11-2023,2023,11,322,24.34,86.41,0.41386397
19-11-2023,2023,11,323,23.68,85.77,0.416523926
20-11-2023,2023,11,324,24.08,82.76,0.516902715
21-11-2023,2023,11,325,24.48,85.82,0.435464129
22-11-2023,2023,11,326,23.62,92.98,0.204740581
23-11-2023,2023,11,327,23.49,90.96,0.261598309
24-11-2023,2023,11,328,23.17,89.95,0.285264738
25-11-2023,2023,11,329,23.71,89.82,0.298515357
26-11-2023,2023,11,330,23.31,90.27,0.278525915
27-11-2023,2023,11,331,23.7,87.94,0.353431249
28-11-2023,2023,11,332,23.34,89.92,0.289067573
29-11-2023,2023,11,333,23,90.59,0.26436808
30-11-2023,2023,11,334,22.73,89.2,0.298499385
01-12-2023,2023,12,335,23.63,85.92,0.410895038
02-12-2023,2023,12,336,24.21,80.17,0.599210277
03-12-2023,2023,12,337,24.8,85.35,0.45857946
04-12-2023,2023,12,338,24.81,85.35,0.458853102
05-12-2023,2023,12,339,24.29,87.31,0.385300487
06-12-2023,2023,12,340,24.28,86,0.424820892
07-12-2023,2023,12,341,24.29,86.82,0.400178126
08-12-2023,2023,12,342,23.37,95.3,0.135027614
09-12-2023,2023,12,343,23.15,91.52,0.240410354
10-12-2023,2023,12,344,23.33,87.76,0.350798928
11-12-2023,2023,12,345,22.72,86.2,0.381184767
12-12-2023,2023,12,346,22.37,89.42,0.286098847
13-12-2023,2023,12,347,22.09,87.05,0.34427182
14-12-2023,2023,12,348,21.24,83.13,0.425782864
15-12-2023,2023,12,349,22.14,88.8,0.298656591
16-12-2023,2023,12,350,23.74,87.46,0.368383444
17-12-2023,2023,12,351,22.5,92.44,0.206054423
18-12-2023,2023,12,352,21.53,91.93,0.207328855
19-12-2023,2023,12,353,20.99,88.12,0.295274808
20-12-2023,2023,12,354,22.06,86.14,0.367791144
21-12-2023,2023,12,355,22.36,89.8,0.27565549
22-12-2023,2023,12,356,22.94,87.36,0.353826232
23-12-2023,2023,12,357,21.14,85.11,0.373511592
24-12-2023,2023,12,358,20.98,84.98,0.373089557
25-12-2023,2023,12,359,22.92,87.73,0.343053516
26-12-2023,2023,12,360,21.73,81.88,0.471252577
27-12-2023,2023,12,361,21.58,82.04,0.462829092
28-12-2023,2023,12,362,22.42,84.81,0.412009982
29-12-2023,2023,12,363,22.92,85.66,0.40092807
30-12-2023,2023,12,364,22.02,85.55,0.382514034
31-12-2023,2023,12,365,21.51,80.82,0.492156736
01-01-2024,2024,1,1,22.23,81.18,0.504606323
02-01-2024,2024,1,2,22.22,83.44,0.443740584
03-01-2024,2024,1,3,22.28,84,0.430302629
04-01-2024,2024,1,4,22.41,89.58,0.282457961
05-01-2024,2024,1,5,22.9,88.38,0.324487311
06-01-2024,2024,1,6,22.11,86.97,0.346820798
07-01-2024,2024,1,7,22.69,84.54,0.426261503
08-01-2024,2024,1,8,22.83,87.52,0.347028794
09-01-2024,2024,1,9,22.25,90.08,0.266301235
10-01-2024,2024,1,10,21.74,84.61,0.400497137
11-01-2024,2024,1,11,21.76,80.67,0.503643336
12-01-2024,2024,1,12,21.73,81.99,0.468391772
13-01-2024,2024,1,13,22.06,81.32,0.495695424
14-01-2024,2024,1,14,22.73,79.77,0.55913357
15-01-2024,2024,1,15,22.03,78.15,0.57875616
16-01-2024,2024,1,16,21.7,78.02,0.570594205
17-01-2024,2024,1,17,21.77,75.83,0.630134238
18-01-2024,2024,1,18,21.97,71.03,0.764547414
19-01-2024,2024,1,19,23.32,77.66,0.639879185
20-01-2024,2024,1,20,23.93,81.46,0.550898183
21-01-2024,2024,1,21,23.69,74.91,0.734847155
22-01-2024,2024,1,22,23.61,74.63,0.739478997
23-01-2024,2024,1,23,23.2,76.06,0.680758535
24-01-2024,2024,1,24,23.66,76.25,0.694346104
25-01-2024,2024,1,25,23.5,73.56,0.765578336
26-01-2024,2024,1,26,22.71,71.7,0.781231291
27-01-2024,2024,1,27,22.74,71.3,0.793715382
28-01-2024,2024,1,28,23.22,72.4,0.785782845
29-01-2024,2024,1,29,22.78,69.75,0.838611739
30-01-2024,2024,1,30,23.06,67,0.930484295
31-01-2024,2024,1,31,23.92,71.45,0.847826331
01-02-2024,2024,2,32,24.7,69.94,0.935349939
02-02-2024,2024,2,33,25.15,69.25,0.982828939
03-02-2024,2024,2,34,25.58,71.62,0.930546208
04-02-2024,2024,2,35,24.27,67.1,0.997731317
05-02-2024,2024,2,36,23.41,65.25,1.00075351
06-02-2024,2024,2,37,23.31,66.24,0.966396187
07-02-2024,2024,2,38,23.58,64.08,1.045098577
08-02-2024,2024,2,39,23.83,61.97,1.123256169
09-02-2024,2024,2,40,23.7,64.44,1.042123982
10-02-2024,2024,2,41,23.94,67.73,0.959447859
11-02-2024,2024,2,42,24.38,66.65,1.018061057
12-02-2024,2024,2,43,23.43,64.63,1.019837649
13-02-2024,2024,2,44,24.02,65.73,1.023816721
14-02-2024,2024,2,45,25.25,66.28,1.08418484
15-02-2024,2024,2,46,24.26,63.48,1.106848881
16-02-2024,2024,2,47,24.69,64.57,1.101785384
17-02-2024,2024,2,48,25.04,62.11,1.203133731
18-02-2024,2024,2,49,24.76,57.49,1.327490999
19-02-2024,2024,2,50,25.47,63.29,1.195847268
20-02-2024,2024,2,51,26.34,62.86,1.273751547
21-02-2024,2024,2,52,27.28,63.91,1.308020008
22-02-2024,2024,2,53,27.27,58.25,1.512271354
23-02-2024,2024,2,54,27.2,59.24,1.470371472
24-02-2024,2024,2,55,27.39,59.48,1.478061571
25-02-2024,2024,2,56,27.51,57.9,1.546508331
26-02-2024,2024,2,57,26.57,56.75,1.503534229
27-02-2024,2024,2,58,27.32,58.26,1.516340709
28-02-2024,2024,2,59,26.91,53.35,1.654469412
29-02-2024,2024,2,60,26.89,49.31,1.795640624
01-03-2024,2024,3,61,25.61,53.76,1.518853673
02-03-2024,2024,3,62,26.33,43.67,1.930752033
03-03-2024,2024,3,63,27.46,43.46,2.070888381
04-03-2024,2024,3,64,28.19,45.5,2.082962357
05-03-2024,2024,3,65,28.35,44.81,2.129036147
06-03-2024,2024,3,66,28.63,44.61,2.171742487
07-03-2024,2024,3,67,28.7,42.48,2.264420615
08-03-2024,2024,3,68,28.99,45.09,2.198246803
09-03-2024,2024,3,69,29.41,49.6,2.067191558
10-03-2024,2024,3,70,29.58,48.17,2.146753446
11-03-2024,2024,3,71,29.32,43.49,2.305806661
12-03-2024,2024,3,72,29.08,43.45,2.275704171
13-03-2024,2024,3,73,29.04,48.48,2.068500352
14-03-2024,2024,3,74,29.21,59.37,1.647362424
15-03-2024,2024,3,75,29.91,54.3,1.929093251
16-03-2024,2024,3,76,29.63,45.71,2.255121776
17-03-2024,2024,3,77,28.69,39.91,2.364225378
18-03-2024,2024,3,78,28.84,40,2.381273141
19-03-2024,2024,3,79,29.04,39.45,2.431050006
20-03-2024,2024,3,80,29.01,38.11,2.48054689
21-03-2024,2024,3,81,28.9,47.56,2.08846871
22-03-2024,2024,3,82,29.82,47.78,2.192954943
23-03-2024,2024,3,83,29.81,48.43,2.164414954
24-03-2024,2024,3,84,29.51,39.75,2.485468987
25-03-2024,2024,3,85,28.95,39.18,2.429222485
26-03-2024,2024,3,86,29.02,31.67,2.740244576
27-03-2024,2024,3,87,28.92,30.06,2.788644858
28-03-2024,2024,3,88,29.78,39.1,2.551597892
29-03-2024,2024,3,89,30.51,47.13,2.309771341
30-03-2024,2024,3,90,30.41,44.47,2.412153201
31-03-2024,2024,3,91,30.41,45.18,2.381311696
01-04-2024,2024,4,92,30.84,48.89,2.275330842
02-04-2024,2024,4,93,31.03,53.06,2.112427198
03-04-2024,2024,4,94,30.96,53.52,2.083406348
04-04-2024,2024,4,95,31.16,51.98,2.177071899
05-04-2024,2024,4,96,31.57,51,2.273821406
06-04-2024,2024,4,97,31.03,46.22,2.420245733
07-04-2024,2024,4,98,31.17,49.72,2.280829543
08-04-2024,2024,4,99,31.79,48.84,2.40382473
09-04-2024,2024,4,100,31.22,45.44,2.482026237
10-04-2024,2024,4,101,30.67,44.63,2.441193981
11-04-2024,2024,4,102,30.84,50.61,2.198759349
12-04-2024,2024,4,103,28.95,66.31,1.345618309
13-04-2024,2024,4,104,28.42,65.31,1.343667816
14-04-2024,2024,4,105,28.94,59.44,1.619077894
15-04-2024,2024,4,106,29.52,53.97,1.899950473
16-04-2024,2024,4,107,30.1,53.98,1.963886521
17-04-2024,2024,4,108,30.31,62.91,1.601952843
18-04-2024,2024,4,109,29.48,66.28,1.388636981
19-04-2024,2024,4,110,29.54,65.5,1.425674429
20-04-2024,2024,4,111,30.86,57.76,1.882598169
21-04-2024,2024,4,112,31.36,54.74,2.075394012
22-04-2024,2024,4,113,30.56,59.81,1.760833213
23-04-2024,2024,4,114,30.67,55.2,1.975175914
24-04-2024,2024,4,115,30.3,51.83,2.079318447
25-04-2024,2024,4,116,30.95,51.49,2.173160523
26-04-2024,2024,4,117,31.35,50.02,2.290528324
27-04-2024,2024,4,118,31.26,47.06,2.413810482
28-04-2024,2024,4,119,31.91,43.74,2.66146193
29-04-2024,2024,4,120,32.21,42.47,2.768050996
30-04-2024,2024,4,121,31.65,51.51,2.260380106
01-05-2024,2024,5,122,31.71,59.09,1.913527771
02-05-2024,2024,5,123,32.09,56.76,2.066444245
03-05-2024,2024,5,124,30.47,64.47,1.548681542
04-05-2024,2024,5,125,30.23,58.45,1.786385272
05-05-2024,2024,5,126,29.9,59.75,1.69806233
06-05-2024,2024,5,127,30.55,56.19,1.918339184
07-05-2024,2024,5,128,30.06,59.64,1.718403397
08-05-2024,2024,5,129,29.77,63.97,1.508723596
09-05-2024,2024,5,130,28.9,67.88,1.279206998
10-05-2024,2024,5,131,27,77.19,0.813254094
11-05-2024,2024,5,132,27.84,74.95,0.938087057
12-05-2024,2024,5,133,27.19,79.18,0.750618398
13-05-2024,2024,5,134,27.04,78.92,0.753339223
14-05-2024,2024,5,135,27.57,73.8,0.965815039
15-05-2024,2024,5,136,28.46,70.18,1.15771962
16-05-2024,2024,5,137,26.79,76.94,0.812092426
17-05-2024,2024,5,138,27.61,73.2,0.990243695
18-05-2024,2024,5,139,26.13,84.2,0.535202633
19-05-2024,2024,5,140,25.29,86.53,0.434126192
20-05-2024,2024,5,141,23.95,89.94,0.299282399
21-05-2024,2024,5,142,25.07,83.78,0.515959827
22-05-2024,2024,5,143,25.49,89,0.358756275
23-05-2024,2024,5,144,25.05,93.25,0.214462651
24-05-2024,2024,5,145,25.58,88.19,0.387235755
25-05-2024,2024,5,146,24.88,84.93,0.473982453
26-05-2024,2024,5,147,24.92,86.91,0.412690245
27-05-2024,2024,5,148,25.33,82.03,0.580535503
28-05-2024,2024,5,149,24.98,89.43,0.334435422
29-05-2024,2024,5,150,25.49,85.81,0.462795595
30-05-2024,2024,5,151,25.97,86.41,0.456010169
31-05-2024,2024,5,152,26.05,86.67,0.44940602
01-06-2024,2024,6,153,26.28,89.23,0.368062679
02-06-2024,2024,6,154,25.4,85.83,0.459680785
03-06-2024,2024,6,155,25.6,85.93,0.461885904
04-06-2024,2024,6,156,25.76,84.64,0.509037142
05-06-2024,2024,6,157,25.3,87.89,0.390526621
06-06-2024,2024,6,158,24.27,88.36,0.352996734
07-06-2024,2024,6,159,24.47,86.44,0.416175124
08-06-2024,2024,6,160,24.85,87.6,0.389308451
09-06-2024,2024,6,161,24.77,86.58,0.419326345
10-06-2024,2024,6,162,24.62,85.91,0.436336207
11-06-2024,2024,6,163,24.2,83.77,0.49013396
12-06-2024,2024,6,164,24.4,80.83,0.585895136
13-06-2024,2024,6,165,24.32,81.1,0.574883622
14-06-2024,2024,6,166,24.86,83.1,0.530906235
15-06-2024,2024,6,167,25.23,84.72,0.490707489
16-06-2024,2024,6,168,25.53,83.64,0.534836285
17-06-2024,2024,6,169,24.67,83.09,0.525231567
18-06-2024,2024,6,170,24.86,83.99,0.502947267
19-06-2024,2024,6,171,24.72,84.76,0.474775868
20-06-2024,2024,6,172,24.33,84,0.48696544
21-06-2024,2024,6,173,24.18,82.09,0.540220764
22-06-2024,2024,6,174,23.35,86.95,0.374465093
23-06-2024,2024,6,175,23.3,86.05,0.399084548
24-06-2024,2024,6,176,23.34,86.46,0.388291164
25-06-2024,2024,6,177,23.62,82.85,0.500185322
26-06-2024,2024,6,178,23.52,85.26,0.427315823
27-06-2024,2024,6,179,23.26,83.56,0.469184933
28-06-2024,2024,6,180,23.71,85.77,0.417276378
29-06-2024,2024,6,181,23.93,88.3,0.347654193
30-06-2024,2024,6,182,24.19,87.52,0.376660932
01-07-2024,2024,7,183,23.48,88.44,0.334320211
02-07-2024,2024,7,184,24.01,82.53,0.521603355
03-07-2024,2024,7,185,24.46,86.06,0.42758204
04-07-2024,2024,7,186,24.03,84.8,0.454372799
05-07-2024,2024,7,187,23.97,85.09,0.444101606
06-07-2024,2024,7,188,23.07,88.64,0.320505869
07-07-2024,2024,7,189,23.9,85.5,0.430077859
08-07-2024,2024,7,190,23.23,89.39,0.302253314
09-07-2024,2024,7,191,23.31,87.83,0.348372085
10-07-2024,2024,7,192,23.75,87.25,0.374777866
11-07-2024,2024,7,193,23.72,82.68,0.508192241
12-07-2024,2024,7,194,24.32,83.6,0.498840815
13-07-2024,2024,7,195,22.91,88.29,0.32719854
14-07-2024,2024,7,196,23.97,84.71,0.455420091
15-07-2024,2024,7,197,23.73,89.85,0.297993923
16-07-2024,2024,7,198,23.05,89.16,0.305465257
17-07-2024,2024,7,199,23.41,88.06,0.343856026
18-07-2024,2024,7,200,23.44,87.97,0.347075064
19-07-2024,2024,7,201,23.86,88.22,0.34856255
20-07-2024,2024,7,202,24.12,87.66,0.370875893
21-07-2024,2024,7,203,24.17,87.38,0.380429966
22-07-2024,2024,7,204,23.54,86.7,0.386034712
23-07-2024,2024,7,205,23.53,85.19,0.429603858
24-07-2024,2024,7,206,23.78,84.12,0.467624949
25-07-2024,2024,7,207,23.81,84.33,0.462273948
26-07-2024,2024,7,208,23.65,88.63,0.332209074
27-07-2024,2024,7,209,23.85,87.35,0.374080437
28-07-2024,2024,7,210,24.05,85.56,0.432172487
29-07-2024,2024,7,211,24.36,88.68,0.345147349
30-07-2024,2024,7,212,23.31,90.01,0.28596854
31-07-2024,2024,7,213,24.07,90.11,0.29635163
01-08-2024,2024,8,214,24.39,89.05,0.334466028
02-08-2024,2024,8,215,23.61,88.56,0.333450521
03-08-2024,2024,8,216,23.48,87.75,0.35427531
04-08-2024,2024,8,217,23.93,87.02,0.385688156
05-08-2024,2024,8,218,23.66,87.84,0.355505205
06-08-2024,2024,8,219,23.73,87.82,0.357592707
07-08-2024,2024,8,220,23.47,90,0.289030101
08-08-2024,2024,8,221,23.61,88.98,0.321208457
09-08-2024,2024,8,222,24.25,88.59,0.345607407
10-08-2024,2024,8,223,24.14,90.52,0.285261137
11-08-2024,2024,8,224,24.63,88.24,0.364398861
12-08-2024,2024,8,225,25.31,86.98,0.420122144
13-08-2024,2024,8,226,25.65,84.7,0.50375497
14-08-2024,2024,8,227,25.56,85.2,0.484699009
15-08-2024,2024,8,228,25.58,85.73,0.467896208
16-08-2024,2024,8,229,25.58,88.62,0.37313657
17-08-2024,2024,8,230,24.94,90.47,0.300811969
18-08-2024,2024,8,231,24.98,86.76,0.418914379
19-08-2024,2024,8,232,24.77,90.13,0.308401716
20-08-2024,2024,8,233,24.38,88.12,0.362655633
21-08-2024,2024,8,234,23.38,90.4,0.275967471
22-08-2024,2024,8,235,23.87,89.04,0.324494194
23-08-2024,2024,8,236,24.19,87.98,0.362777596
24-08-2024,2024,8,237,23.85,88.72,0.333567378
25-08-2024,2024,8,238,23.78,88.78,0.330399996
26-08-2024,2024,8,239,24.04,87.59,0.371194148
27-08-2024,2024,8,240,24.23,87.99,0.363345692
28-08-2024,2024,8,241,23.62,88.6,0.332484704
29-08-2024,2024,8,242,24.1,88.51,0.344915385
30-08-2024,2024,8,243,23.78,92.55,0.219383241
31-08-2024,2024,8,244,23.9,88.9,0.329232016
01-09-2024,2024,9,245,23.66,87.87,0.354628136
02-09-2024,2024,9,246,23.69,87.75,0.358783485
03-09-2024,2024,9,247,24.29,88.61,0.3458292
04-09-2024,2024,9,248,24.47,88.07,0.366148173
05-09-2024,2024,9,249,24.44,87.79,0.374069923
06-09-2024,2024,9,250,24.14,89.24,0.323777409
07-09-2024,2024,9,251,24.32,88.08,0.362572105
08-09-2024,2024,9,252,24.39,86.84,0.40197013
09-09-2024,2024,9,253,23.93,90.48,0.2828776
10-09-2024,2024,9,254,24.63,87.72,0.380511736
11-09-2024,2024,9,255,24.65,87.55,0.386240528
12-09-2024,2024,9,256,24.18,85.64,0.43314183
13-09-2024,2024,9,257,24.5,84.79,0.467654121
14-09-2024,2024,9,258,24.75,83.53,0.514013951
15-09-2024,2024,9,259,24.62,83.54,0.509729877
16-09-2024,2024,9,260,24.8,83.02,0.53151394
17-09-2024,2024,9,261,24.92,83.24,0.528394844
18-09-2024,2024,9,262,24.43,80.47,0.597970229
19-09-2024,2024,9,263,23.55,83.78,0.471071847
20-09-2024,2024,9,264,24.84,82.19,0.5588266
21-09-2024,2024,9,265,24.91,82.33,0.556752595
22-09-2024,2024,9,266,24.68,84.02,0.496641856
23-09-2024,2024,9,267,23.78,85.32,0.432288051
24-09-2024,2024,9,268,23.86,88.34,0.345011828
25-09-2024,2024,9,269,24.39,83.16,0.514375151
26-09-2024,2024,9,270,24.13,84.65,0.461617482
27-09-2024,2024,9,271,24.64,82,0.558086613
28-09-2024,2024,9,272,25.33,82.34,0.5705207
29-09-2024,2024,9,273,24.85,81.25,0.588672052
30-09-2024,2024,9,274,24.94,82.33,0.557748949
01-10-2024,2024,10,275,26.16,77.93,0.748915506
02-10-2024,2024,10,276,25.99,82.33,0.593615392
03-10-2024,2024,10,277,25.3,86.24,0.443736276
04-10-2024,2024,10,278,24.59,87.78,0.377748767
05-10-2024,2024,10,279,23.7,87.19,0.375410805
06-10-2024,2024,10,280,24.07,85.62,0.430893472
07-10-2024,2024,10,281,23.79,85.55,0.425771047
08-10-2024,2024,10,282,24.93,84.46,0.490223818
09-10-2024,2024,10,283,24.63,88.98,0.341469001
10-10-2024,2024,10,284,24.18,87.45,0.378546655
11-10-2024,2024,10,285,23.4,90.28,0.279754264
12-10-2024,2024,10,286,23.58,91.02,0.261274644
13-10-2024,2024,10,287,24.22,89.16,0.32775254
14-10-2024,2024,10,288,23.82,89.99,0.295478266
15-10-2024,2024,10,289,22.01,90.79,0.243654523
16-10-2024,2024,10,290,22.27,90.03,0.26796929
17-10-2024,2024,10,291,23.47,88.46,0.333540737
18-10-2024,2024,10,292,24.27,88.75,0.341169523
19-10-2024,2024,10,293,23.15,92.67,0.207807535
20-10-2024,2024,10,294,24.83,83.22,0.526194243
21-10-2024,2024,10,295,24.81,87.64,0.387127941
22-10-2024,2024,10,296,24.64,86.11,0.430656836
23-10-2024,2024,10,297,24.81,86.05,0.436928381
24-10-2024,2024,10,298,22.56,91.03,0.245377294
25-10-2024,2024,10,299,23.82,85.72,0.421521443
26-10-2024,2024,10,300,24.12,87.95,0.362160009
27-10-2024,2024,10,301,23.85,87.56,0.367870406
28-10-2024,2024,10,302,23.22,86.23,0.392037311
29-10-2024,2024,10,303,23.98,86.34,0.40711408
30-10-2024,2024,10,304,24.52,86.46,0.416805587
31-10-2024,2024,10,305,25.21,84.65,0.492369566
01-11-2024,2024,11,306,24.65,88.18,0.366695826
02-11-2024,2024,11,307,24.02,90.44,0.285605131
03-11-2024,2024,11,308,23.92,89.74,0.304682948
04-11-2024,2024,11,309,23.7,88.3,0.342881063
05-11-2024,2024,11,310,23.08,87.77,0.345260298
06-11-2024,2024,11,311,23.96,80.22,0.588803313
07-11-2024,2024,11,312,24,85.14,0.443410137
08-11-2024,2024,11,313,24.09,86.25,0.412510258
09-11-2024,2024,11,314,23.28,86.38,0.389173824
10-11-2024,2024,11,315,23.1,80.83,0.541835296
11-11-2024,2024,11,316,23.47,75.84,0.698296725
12-11-2024,2024,11,317,23.98,78.6,0.637792189
13-11-2024,2024,11,318,23.46,91.32,0.250726973
14-11-2024,2024,11,319,23.05,92.29,0.217263573
15-11-2024,2024,11,320,23.2,91.37,0.245402931
16-11-2024,2024,11,321,23.27,90.85,0.261291621
17-11-2024,2024,11,322,23.51,90.51,0.274951479
18-11-2024,2024,11,323,22.8,88.88,0.308650193
19-11-2024,2024,11,324,23.04,87.25,0.359070838
20-11-2024,2024,11,325,22.17,88.24,0.314162672
21-11-2024,2024,11,326,22.06,87.46,0.332763416
22-11-2024,2024,11,327,22.6,88.13,0.325496831
23-11-2024,2024,11,328,22.33,85.99,0.377931065
24-11-2024,2024,11,329,22.77,86.18,0.382895681
25-11-2024,2024,11,330,21.8,85.62,0.37558718
26-11-2024,2024,11,331,21.74,89.32,0.277927838
27-11-2024,2024,11,332,22.59,88.89,0.304471472
28-11-2024,2024,11,333,23.97,77.47,0.671067014
29-11-2024,2024,11,334,23.6,83.39,0.48385312
30-11-2024,2024,11,335,24.01,87.92,0.360673642
01-12-2024,2024,12,336,24.01,91.81,0.244529564
02-12-2024,2024,12,337,24.03,94.54,0.163215492
03-12-2024,2024,12,338,23.61,92.37,0.222397507
04-12-2024,2024,12,339,23.54,87.23,0.370651374
05-12-2024,2024,12,340,23.31,88.97,0.315739039
06-12-2024,2024,12,341,23.04,88.09,0.335414406
07-12-2024,2024,12,342,23.26,88.31,0.333623593
08-12-2024,2024,12,343,22.92,87.37,0.353118656
09-12-2024,2024,12,344,22.96,86.19,0.387045652
10-12-2024,2024,12,345,22.94,85.93,0.393855624
11-12-2024,2024,12,346,22.72,86.76,0.365716399
12-12-2024,2024,12,347,22.41,91.73,0.224177287
13-12-2024,2024,12,348,22.28,94.43,0.149799103
14-12-2024,2024,12,349,21.95,88.46,0.30418105
15-12-2024,2024,12,350,20.44,85.5,0.348396309
16-12-2024,2024,12,351,20.39,85.94,0.33678364
17-12-2024,2024,12,352,21.82,78.91,0.551516677
18-12-2024,2024,12,353,22.86,81.33,0.520096847
19-12-2024,2024,12,354,23.18,87.31,0.36041759
20-12-2024,2024,12,355,24.12,85.97,0.421668458
21-12-2024,2024,12,356,24.59,88.32,0.361056105
22-12-2024,2024,12,357,24.09,85.88,0.423610534
23-12-2024,2024,12,358,23.27,85.28,0.420351111
24-12-2024,2024,12,359,22.9,83.98,0.447356861
25-12-2024,2024,12,360,23.09,81.63,0.51890977
26-12-2024,2024,12,361,23.62,84.58,0.44972931
27-12-2024,2024,12,362,23.37,88.41,0.332972351
28-12-2024,2024,12,363,22.16,84.75,0.407148398
29-12-2024,2024,12,364,22.06,84.09,0.422190267
30-12-2024,2024,12,365,22.46,87.13,0.349932085
31-12-2024,2024,12,366,22.77,85,0.415588655
01-01-2025,2025,1,1,21.21,80.51,0.49100514
02-01-2025,2025,1,2,20.55,82.99,0.411486657
03-01-2025,2025,1,3,20.26,82.39,0.418445504
04-01-2025,2025,1,4,19.81,80.27,0.455944615
05-01-2025,2025,1,5,19.92,77.67,0.519558053
06-01-2025,2025,1,6,20.1,76.33,0.556906607
07-01-2025,2025,1,7,20.35,77.92,0.527585023
08-01-2025,2025,1,8,20.98,80.07,0.495051589
09-01-2025,2025,1,9,20.57,79.32,0.500884193
10-01-2025,2025,1,10,22.12,81.3,0.498042952
11-01-2025,2025,1,11,22.96,78.46,0.603690322
12-01-2025,2025,1,12,22.68,79.89,0.554134738
13-01-2025,2025,1,13,23.21,85.37,0.41627041
14-01-2025,2025,1,14,22.99,79.9,0.5643555
15-01-2025,2025,1,15,22.49,78.08,0.597086145
16-01-2025,2025,1,16,22.05,76.89,0.612877088
17-01-2025,2025,1,17,21.72,77.38,0.587926281
18-01-2025,2025,1,18,21.67,81.54,0.478338463
19-01-2025,2025,1,19,22.61,84.97,0.412399856
20-01-2025,2025,1,20,23.01,77.97,0.619293555
21-01-2025,2025,1,21,21.72,71.16,0.749593012
22-01-2025,2025,1,22,22.23,75.63,0.653414245
23-01-2025,2025,1,23,22.52,75.39,0.671582084
24-01-2025,2025,1,24,22.06,72.53,0.728948249
25-01-2025,2025,1,25,22.43,73.19,0.727630042
26-01-2025,2025,1,26,21.36,67.7,0.821238596
27-01-2025,2025,1,27,21.4,69.58,0.775336016
28-01-2025,2025,1,28,21.59,70.96,0.748818366
29-01-2025,2025,1,29,22.17,66.93,0.883448942
30-01-2025,2025,1,30,23.27,72.76,0.777878007
31-01-2025,2025,1,31,25.06,77.39,0.718798299
01-02-2025,2025,2,32,25.28,74.14,0.832949718
02-02-2025,2025,2,33,25.05,68.22,1.009721934
03-02-2025,2025,2,34,23.82,64.22,1.056165072
04-02-2025,2025,2,35,22.92,58.76,1.153017687
05-02-2025,2025,2,36,22.5,65.23,0.947686811
06-02-2025,2025,2,37,22.45,69.5,0.828783839
07-02-2025,2025,2,38,22.49,62.98,1.00840005
08-02-2025,2025,2,39,22.54,67.66,0.883598083
09-02-2025,2025,2,40,23.39,66.48,0.964167693
10-02-2025,2025,2,41,22.96,66.72,0.932721166
11-02-2025,2025,2,42,23.06,62.75,1.050319393
12-02-2025,2025,2,43,23.46,61.78,1.104007476
13-02-2025,2025,2,44,23.82,57.11,1.266040245
14-02-2025,2025,2,45,23.77,52.4,1.400854426
15-02-2025,2025,2,46,24.52,50.71,1.517307784
16-02-2025,2025,2,47,24.09,58.43,1.247131013
17-02-2025,2025,2,48,24.11,62.03,1.140495559
18-02-2025,2025,2,49,24.16,57.61,1.277080977
19-02-2025,2025,2,50,24.62,56.82,1.337189314
20-02-2025,2025,2,51,25.12,56.12,1.399987525
21-02-2025,2025,2,52,24.97,58.1,1.324928881
22-02-2025,2025,2,53,25.58,57.54,1.392212544
23-02-2025,2025,2,54,25.86,50.65,1.645191281
24-02-2025,2025,2,55,25.01,54.18,1.452340551
25-02-2025,2025,2,56,25.54,58.74,1.349660149
26-02-2025,2025,2,57,25.76,58.92,1.361409232
27-02-2025,2025,2,58,25.35,51.4,1.571929323
28-02-2025,2025,2,59,25.78,57.88,1.397529462
01-03-2025,2025,3,60,26.35,67.64,1.110471442
02-03-2025,2025,3,61,27.02,66.4,1.199360631
03-03-2025,2025,3,62,26.84,64.22,1.263753064
04-03-2025,2025,3,63,27.39,45.34,1.993851073
05-03-2025,2025,3,64,27.35,42.31,2.099458628
06-03-2025,2025,3,65,28.59,49.33,1.982079256
07-03-2025,2025,3,66,28.34,53.61,1.788524107
08-03-2025,2025,3,67,29.07,58.67,1.662255455
09-03-2025,2025,3,68,27.72,46.45,1.991385734
10-03-2025,2025,3,69,26.09,46.04,1.823505351
11-03-2025,2025,3,70,25.52,71,0.947497136
12-03-2025,2025,3,71,24.79,79.51,0.64100267
13-03-2025,2025,3,72,26.35,69.93,1.0318874
14-03-2025,2025,3,73,27.02,60.73,1.401752738
15-03-2025,2025,3,74,26.48,55.49,1.539158835
16-03-2025,2025,3,75,27.11,61.56,1.37938615
17-03-2025,2025,3,76,25.82,78.79,0.705410226
18-03-2025,2025,3,77,27.48,69.17,1.130530236
19-03-2025,2025,3,78,27.96,67.71,1.217699718
20-03-2025,2025,3,79,27.57,62.86,1.369098112
21-03-2025,2025,3,80,27.83,65.42,1.294217346
22-03-2025,2025,3,81,27.02,73.67,0.939856114
23-03-2025,2025,3,82,27.34,70.36,1.078030024
24-03-2025,2025,3,83,27.15,69.84,1.084805734
25-03-2025,2025,3,84,27.55,60.56,1.452185693
26-03-2025,2025,3,85,27.67,62.24,1.400105083
27-03-2025,2025,3,86,27.57,67.31,1.205057008
28-03-2025,2025,3,87,28.62,61.11,1.523923694
29-03-2025,2025,3,88,28.59,50.81,1.924185487
30-03-2025,2025,3,89,28.18,40.54,2.271210069
31-03-2025,2025,3,90,28.91,46.18,2.144668328
01-04-2025,2025,4,91,28.24,58.73,1.581909735
02-04-2025,2025,4,92,26.71,71.42,1.001765822
03-04-2025,2025,4,93,26.14,76.63,0.792093284
04-04-2025,2025,4,94,26.59,72.74,0.948777245
05-04-2025,2025,4,95,26.84,71.89,0.992847922
06-04-2025,2025,4,96,27.19,72.67,0.985321845
07-04-2025,2025,4,97,27.24,72.68,0.987850099
08-04-2025,2025,4,98,27.58,68.04,1.178835284
09-04-2025,2025,4,99,26.74,72.63,0.961047255
10-04-2025,2025,4,100,25.62,79.1,0.686913223
11-04-2025,2025,4,101,26.52,75.84,0.837424759
12-04-2025,2025,4,102,26.19,76.09,0.812791636
13-04-2025,2025,4,103,27.8,69.06,1.155960151
14-04-2025,2025,4,104,27.94,68.05,1.203475045
15-04-2025,2025,4,105,27.97,67.84,1.213503795
16-04-2025,2025,4,106,27.82,68.17,1.190599403
17-04-2025,2025,4,107,27.24,71.81,1.01930799
18-04-2025,2025,4,108,27.07,75.83,0.865287982
19-04-2025,2025,4,109,27.64,71.83,1.042689265
20-04-2025,2025,4,110,27.81,71.34,1.071400842
21-04-2025,2025,4,111,28.06,69.68,1.150084849
22-04-2025,2025,4,112,28.67,63.2,1.446209896
23-04-2025,2025,4,113,28.12,70.41,1.126320141
24-04-2025,2025,4,114,28.01,72.76,1.030252707
25-04-2025,2025,4,115,28.1,74.93,0.95316019
26-04-2025,2025,4,116,27.74,75.72,0.903964495
27-04-2025,2025,4,117,27.25,73.85,0.946098519
28-04-2025,2025,4,118,27.19,73.08,0.970540214
29-04-2025,2025,4,119,27.33,73.1,0.977801712
30-04-2025,2025,4,120,27.36,76.3,0.862996896
01-05-2025,2025,5,121,27.41,75.13,0.90825315
02-05-2025,2025,5,122,26.8,82.28,0.624403112
03-05-2025,2025,5,123,27.32,74.9,0.911838807
04-05-2025,2025,5,124,27.44,71.64,1.037526666
05-05-2025,2025,5,125,27.13,74.59,0.912885401
06-05-2025,2025,5,126,27.16,73.81,0.942563511
07-05-2025,2025,5,127,26.16,79.54,0.694282341
08-05-2025,2025,5,128,27.62,71.36,1.058848711
09-05-2025,2025,5,129,28.34,64.06,1.385633896
10-05-2025,2025,5,130,28.15,63.97,1.373848963
11-05-2025,2025,5,131,28.35,67.41,1.257207611
12-05-2025,2025,5,132,27.75,74.17,0.962233461
13-05-2025,2025,5,133,26.98,80.66,0.688728139
14-05-2025,2025,5,134,26.15,81.63,0.622993077
15-05-2025,2025,5,135,26.49,79.77,0.699966915
16-05-2025,2025,5,136,27.33,74.2,0.937817255
17-05-2025,2025,5,137,26.46,74.97,0.864520046
18-05-2025,2025,5,138,24.37,83.46,0.504607343
19-05-2025,2025,5,139,25.51,79.93,0.655344417
20-05-2025,2025,5,140,25.01,82.18,0.564834322
21-05-2025,2025,5,141,25.46,75.56,0.795673252
22-05-2025,2025,5,142,26.63,74.77,0.880192833
23-05-2025,2025,5,143,26.41,82.4,0.606104459
24-05-2025,2025,5,144,25.67,84.36,0.515560274
25-05-2025,2025,5,145,25.01,87.43,0.398426904
26-05-2025,2025,5,146,25.12,84.51,0.494207082
27-05-2025,2025,5,147,25.9,88.79,0.374595626
28-05-2025,2025,5,148,25.65,88.57,0.376334595
29-05-2025,2025,5,149,25.11,83.18,0.536321338
30-05-2025,2025,5,150,23.91,85.74,0.423213459
31-05-2025,2025,5,151,24.4,85.58,0.440720285
01-06-2025,2025,6,152,25.04,85.23,0.468996706
02-06-2025,2025,6,153,25.16,87.24,0.40807677
03-06-2025,2025,6,154,25.61,82.74,0.566942353
04-06-2025,2025,6,155,24.24,83.8,0.490401993
05-06-2025,2025,6,156,25.21,77.58,0.719148252
06-06-2025,2025,6,157,26.01,79.34,0.694884104
07-06-2025,2025,6,158,26.08,80.16,0.67007005
08-06-2025,2025,6,159,26.08,82.98,0.574828239
09-06-2025,2025,6,160,25.21,86.28,0.440085371
10-06-2025,2025,6,161,25.28,85.43,0.469299203
11-06-2025,2025,6,162,24.94,87.21,0.40371302
12-06-2025,2025,6,163,24.71,86.59,0.41751607
13-06-2025,2025,6,164,24.86,83.98,0.503261413
14-06-2025,2025,6,165,24.73,86.22,0.429548414
15-06-2025,2025,6,166,23.79,84.82,0.447280588
16-06-2025,2025,6,167,23.97,84.77,0.453632962
17-06-2025,2025,6,168,24.65,88.28,0.363593493
18-06-2025,2025,6,169,24.7,87.95,0.374948994
19-06-2025,2025,6,170,24.73,89.69,0.321382014
20-06-2025,2025,6,171,24.81,88.4,0.363323958
21-06-2025,2025,6,172,24.97,87.3,0.401589422
22-06-2025,2025,6,173,24.97,86.48,0.427518818
23-06-2025,2025,6,174,24.33,84.51,0.471443416
24-06-2025,2025,6,175,24.77,85.76,0.444948372
25-06-2025,2025,6,176,24.47,87.57,0.381493864
26-06-2025,2025,6,177,24.56,86.14,0.427677588
27-06-2025,2025,6,178,24.22,86.63,0.404248289
28-06-2025,2025,6,179,24.59,88.19,0.365074709
29-06-2025,2025,6,180,24.67,87.26,0.395709649
30-06-2025,2025,6,181,24.21,88.93,0.334506191
01-07-2025,2025,7,182,24.27,88.48,0.349357592
02-07-2025,2025,7,183,23.8,87.05,0.381802818
03-07-2025,2025,7,184,23.33,84.2,0.452828681
04-07-2025,2025,7,185,23.49,86.81,0.381690453
05-07-2025,2025,7,186,24.29,85.69,0.434487784
06-07-2025,2025,7,187,24.65,86.22,0.427501564
07-07-2025,2025,7,188,24.62,86.6,0.41496843
08-07-2025,2025,7,189,24.71,85.81,0.441801121
09-07-2025,2025,7,190,24.85,84.86,0.47533306
10-07-2025,2025,7,191,24.79,85.47,0.454551917
11-07-2025,2025,7,192,24.79,86.72,0.415447313
12-07-2025,2025,7,193,24.8,85.58,0.451379919
13-07-2025,2025,7,194,24.25,88.02,0.362872632
14-07-2025,2025,7,195,23.71,84.99,0.440148871
15-07-2025,2025,7,196,24.32,83.95,0.488194822
16-07-2025,2025,7,197,24.44,86.04,0.427683548
17-07-2025,2025,7,198,24.29,86.1,0.422039147
18-07-2025,2025,7,199,24.46,85.27,0.451813733
19-07-2025,2025,7,200,23.58,87.02,0.377655332
20-07-2025,2025,7,201,23.3,84.97,0.429981416
21-07-2025,2025,7,202,23.44,84.44,0.44891837
22-07-2025,2025,7,203,24.44,84.67,0.469655358
23-07-2025,2025,7,204,24.29,84.87,0.459385057
24-07-2025,2025,7,205,23.2,84.09,0.452417222
25-07-2025,2025,7,206,23.29,83.86,0.461457969
26-07-2025,2025,7,207,23.51,85.17,0.42966601
27-07-2025,2025,7,208,23.58,83.97,0.466395607
28-07-2025,2025,7,209,24.01,82.41,0.525186205
29-07-2025,2025,7,210,24.16,81.77,0.549214112
30-07-2025,2025,7,211,24.61,82.86,0.530470976
31-07-2025,2025,7,212,24.91,84.02,0.503503479
01-08-2025,2025,8,213,24.77,84.17,0.494630108
02-08-2025,2025,8,214,24,88.66,0.338376242
03-08-2025,2025,8,215,23.63,91.17,0.257684885
04-08-2025,2025,8,216,24.44,89.12,0.333323568
05-08-2025,2025,8,217,23.62,91.62,0.244405423
06-08-2025,2025,8,218,24.08,85.23,0.442845307
07-08-2025,2025,8,219,24.41,86.19,0.422329409
08-08-2025,2025,8,220,24.5,86.77,0.406776069
09-08-2025,2025,8,221,24.04,87.45,0.375381673
10-08-2025,2025,8,222,24.01,85.35,0.437406362
11-08-2025,2025,8,223,23.69,80.25,0.578446844
12-08-2025,2025,8,224,23.59,82.01,0.523737408
13-08-2025,2025,8,225,23.11,83.37,0.470326984
14-08-2025,2025,8,226,23.1,85.86,0.399663593
15-08-2025,2025,8,227,23.51,83.96,0.464723048
16-08-2025,2025,8,228,23.83,86.05,0.412027966
17-08-2025,2025,8,229,23.62,87.39,0.367774747
18-08-2025,2025,8,230,23.23,85.85,0.403099377
19-08-2025,2025,8,231,23.97,83.58,0.489077691
20-08-2025,2025,8,232,23.59,82.6,0.506560917
21-08-2025,2025,8,233,24.8,82.2,0.557181869
22-08-2025,2025,8,234,24.69,83.72,0.506267741
23-08-2025,2025,8,235,24.65,83.48,0.512505503
24-08-2025,2025,8,236,25.04,80.59,0.616332165
25-08-2025,2025,8,237,24.28,82.74,0.523743472
26-08-2025,2025,8,238,24.7,82.25,0.552310759
27-08-2025,2025,8,239,24.17,85.56,0.435293875
28-08-2025,2025,8,240,23.79,88.44,0.340616838
29-08-2025,2025,8,241,23.88,82.54,0.517251237
30-08-2025,2025,8,242,24.7,84.14,0.493501332
31-08-2025,2025,8,243,24.27,87.06,0.392420767
01-09-2025,2025,9,244,23.99,86.26,0.409744241
02-09-2025,2025,9,245,24.31,83.45,0.503102047
03-09-2025,2025,9,246,24.27,84.76,0.462170981
04-09-2025,2025,9,247,24.33,85.78,0.432790535
05-09-2025,2025,9,248,24.63,84.85,0.469442411
06-09-2025,2025,9,249,24.84,84.55,0.484776585
07-09-2025,2025,9,250,24.71,84.29,0.489125836
08-09-2025,2025,9,251,25.42,79.34,0.671015545
09-09-2025,2025,9,252,24.59,86.85,0.406497241
10-09-2025,2025,9,253,25.62,81.89,0.595215238
11-09-2025,2025,9,254,24.84,84.18,0.496386121
12-09-2025,2025,9,255,24.86,83.06,0.532162817
13-09-2025,2025,9,256,24.8,82.82,0.537774411
14-09-2025,2025,9,257,24.7,81.06,0.589338917
15-09-2025,2025,9,258,24.69,82.75,0.536432342
16-09-2025,2025,9,259,24.16,89.24,0.324165872
17-09-2025,2025,9,260,24.17,89.59,0.313809504
18-09-2025,2025,9,261,23.88,91.89,0.240258163
19-09-2025,2025,9,262,23.93,86.15,0.411539365
20-09-2025,2025,9,263,24.53,80.76,0.592624448
21-09-2025,2025,9,264,24.7,84.16,0.49287901
22-09-2025,2025,9,265,24.77,84.32,0.489943151
23-09-2025,2025,9,266,24.47,84.43,0.4778648
24-09-2025,2025,9,267,24.78,82.69,0.541197565
25-09-2025,2025,9,268,24.37,82.91,0.52138691
26-09-2025,2025,9,269,24.59,83.03,0.524582372
27-09-2025,2025,9,270,23.84,84.25,0.465472521
28-09-2025,2025,9,271,24.09,86.55,0.403510034
29-09-2025,2025,9,272,24.64,83.78,0.502898048
30-09-2025,2025,9,273,24.18,84.49,0.467829372
01-10-2025,2025,10,274,24.91,81.76,0.574712356
02-10-2025,2025,10,275,24.92,83.79,0.511054918
03-10-2025,2025,10,276,25.12,83.61,0.522921503
04-10-2025,2025,10,277,24.84,80.13,0.623463478
05-10-2025,2025,10,278,24.67,81.82,0.56467829
06-10-2025,2025,10,279,24.8,81.85,0.568137692
07-10-2025,2025,10,280,24.39,80.98,0.580962908
08-10-2025,2025,10,281,25.67,78.46,0.710049124
09-10-2025,2025,10,282,24.87,86.65,0.41963465
10-10-2025,2025,10,283,25.21,84.34,0.502313186
11-10-2025,2025,10,284,24.66,85.52,0.449486262
12-10-2025,2025,10,285,24.57,85.75,0.439974671
13-10-2025,2025,10,286,25.43,83.3,0.542720952
14-10-2025,2025,10,287,25.16,83.99,0.512014819
15-10-2025,2025,10,288,24.59,85.71,0.441737306
16-10-2025,2025,10,289,24,89.59,0.310625809
17-10-2025,2025,10,290,24.39,89.05,0.334466028
18-10-2025,2025,10,291,24.09,88.89,0.333308289
19-10-2025,2025,10,292,24.02,88.17,0.353421413
20-10-2025,2025,10,293,23.48,90.6,0.271852075
21-10-2025,2025,10,294,23.33,91.16,0.253354781
22-10-2025,2025,10,295,23.3,92.65,0.210270353
23-10-2025,2025,10,296,23.91,88.58,0.338926908
24-10-2025,2025,10,297,23.48,92.36,0.220952112
25-10-2025,2025,10,298,23.71,89.28,0.31435016
26-10-2025,2025,10,299,24.31,89.29,0.325572382
27-10-2025,2025,10,300,23.31,92.12,0.225568778
28-10-2025,2025,10,301,23.5,91.06,0.258860451
29-10-2025,2025,10,302,24.09,88.82,0.335408341
30-10-2025,2025,10,303,24.03,88.05,0.35722072
31-10-2025,2025,10,304,23.98,85.68,0.426784306
01-11-2025,2025,11,305,23.42,85.18,0.427053574
02-11-2025,2025,11,306,23.64,83.73,0.47509143
03-11-2025,2025,11,307,24.67,84.49,0.48174699
04-11-2025,2025,11,308,24.55,84.6,0.47491339
05-11-2025,2025,11,309,24.32,84.91,0.458994384
06-11-2025,2025,11,310,23.26,82.08,0.511422993
07-11-2025,2025,11,311,23.57,78.75,0.617900206
08-11-2025,2025,11,312,23.74,85.56,0.424199117
09-11-2025,2025,11,313,23.49,76.65,0.675699172
10-11-2025,2025,11,314,23.64,82.55,0.509547969
11-11-2025,2025,11,315,24.14,84.77,0.458283451
12-11-2025,2025,11,316,24.37,82.81,0.52443774
13-11-2025,2025,11,317,24.13,82.91,0.513944155
14-11-2025,2025,11,318,23.78,84.99,0.442005698
15-11-2025,2025,11,319,22.38,76.93,0.624226182
16-11-2025,2025,11,320,23.4,81.35,0.536771298
17-11-2025,2025,11,321,23.34,82.46,0.503000519
18-11-2025,2025,11,322,22.9,86.33,0.381733351
19-11-2025,2025,11,323,23.79,83.04,0.499728509
20-11-2025,2025,11,324,23.67,77.44,0.659952725
21-11-2025,2025,11,325,24.46,81.1,0.579720269
22-11-2025,2025,11,326,23.39,89.17,0.311513607
23-11-2025,2025,11,327,22.89,90.61,0.262056111
24-11-2025,2025,11,328,22.39,90.91,0.246105996
25-11-2025,2025,11,329,22.71,83.55,0.454107941
26-11-2025,2025,11,330,22.44,80.75,0.522767242
27-11-2025,2025,11,331,22.05,79.11,0.554002699
28-11-2025,2025,11,332,20.7,78.59,0.522734543
29-11-2025,2025,11,333,21.44,78.77,0.54243079
30-11-2025,2025,11,334,21.77,86.91,0.341268398
01-12-2025,2025,12,335,23.97,82.22,0.529585953
02-12-2025,2025,12,336,23.89,84.87,0.448494507
03-12-2025,2025,12,337,23.12,90.49,0.269122874
04-12-2025,2025,12,338,22.82,85.19,0.41156928
05-12-2025,2025,12,339,22.75,87.31,0.351162165
06-12-2025,2025,12,340,22.45,85.76,0.386946947
07-12-2025,2025,12,341,22,83.22,0.443651654
08-12-2025,2025,12,342,21.84,78.94,0.55140481
09-12-2025,2025,12,343,21.8,80.7,0.504091278
10-12-2025,2025,12,344,22.55,77.24,0.622229514
11-12-2025,2025,12,345,21.13,76.29,0.594394054
12-12-2025,2025,12,346,20.84,78.6,0.527010961
13-12-2025,2025,12,347,20.33,73.56,0.630984334
14-12-2025,2025,12,348,19.5,70.23,0.674850206
15-12-2025,2025,12,349,19.28,71.38,0.639963997
16-12-2025,2025,12,350,21.46,84.43,0.398303959
17-12-2025,2025,12,351,23.41,80.61,0.558406059
18-12-2025,2025,12,352,20.6,73.6,0.64060981
19-12-2025,2025,12,353,20.19,74.52,0.602837662
20-12-2025,2025,12,354,20.06,75.75,0.569142689
21-12-2025,2025,12,355,19.57,73.56,0.601975347
22-12-2025,2025,12,356,20.08,73.77,0.616375117
23-12-2025,2025,12,357,20.91,73.84,0.647012638
24-12-2025,2025,12,358,20.85,74.46,0.629352339
25-12-2025,2025,12,359,20.71,73.03,0.658889903
26-12-2025,2025,12,360,21.88,77.2,0.598421257
27-12-2025,2025,12,361,21.74,73.43,0.691436578
28-12-2025,2025,12,362,21.86,74.66,0.664276403
29-12-2025,2025,12,363,22.64,76.73,0.639655622
30-12-2025,2025,12,364,23.52,74.87,0.728524195
31-12-2025,2025,12,365,23.82,74.67,0.74769875
01-01-2026,2026,1,1,22.46,87.65,0.335793415
02-01-2026,2026,1,2,22.33,87.18,0.345829853
03-01-2026,2026,1,3,21.75,84.77,0.396575546
04-01-2026,2026,1,4,20.49,82.17,0.429730564
05-01-2026,2026,1,5,19.76,79.72,0.467203948
06-01-2026,2026,1,6,20.15,80.72,0.455023723
07-01-2026,2026,1,7,20.13,79.63,0.480154433
08-01-2026,2026,1,8,19.25,78.59,0.477849824
09-01-2026,2026,1,9,19.92,78.12,0.509087783
10-01-2026,2026,1,10,20.64,83.67,0.39723366
11-01-2026,2026,1,11,20.29,90.91,0.216395504
12-01-2026,2026,1,12,21.34,90.26,0.247339628
13-01-2026,2026,1,13,21.92,87.61,0.325989135
14-01-2026,2026,1,14,21.89,84.13,0.416786877
15-01-2026,2026,1,15,21.95,78.79,0.559071064
16-01-2026,2026,1,16,21.12,79.27,0.519368612
17-01-2026,2026,1,17,20.29,73.84,0.622761979
18-01-2026,2026,1,18,20.43,68.93,0.746068772
19-01-2026,2026,1,19,21.16,70.46,0.741912664
20-01-2026,2026,1,20,20.6,71.02,0.70321486
21-01-2026,2026,1,21,20,69.49,0.713409616
22-01-2026,2026,1,22,19.88,68.14,0.739460415
23-01-2026,2026,1,23,20.47,64.26,0.860327425
24-01-2026,2026,1,24,21.7,73.01,0.700652301
25-01-2026,2026,1,25,21.46,88.02,0.306466373
26-01-2026,2026,1,26,22.07,87.34,0.33615248
27-01-2026,2026,1,27,22.36,79.66,0.549689477
28-01-2026,2026,1,28,21.77,77.84,0.577731681
29-01-2026,2026,1,29,21.24,74.4,0.646119817
30-01-2026,2026,1,30,21.07,68.65,0.78303488
31-01-2026,2026,1,31,20.71,65.73,0.837232368
